id_factura,id_proveedor,monto_usd,area_interna,fecha,articulos
FAC-00005,PROV-0810,"7345,04",Finanzas,13/5/2025,SKU-4427
FAC-00006,PROV-0351,"10747,46",Finanzas,11/1/2025,SKU-3413
FAC-00010,PROV-0255,"4495,85",Finanzas,17/1/2025,SKU-6875
FAC-00011,PROV-0133,"14342,84",Finanzas,4/9/2025,SKU-3656
FAC-00015,PROV-0678,"8359,12",Finanzas,2/2/2025,SKU-6701
FAC-00017,PROV-0050,"3084,74",Finanzas,25/3/2025,SKU-9515
FAC-00019,PROV-0091,"11874,46",Finanzas,8/10/2025,SKU-4645
FAC-00020,PROV-0126,"4344,59",Finanzas,13/3/2025,SKU-6235
FAC-00024,PROV-0717,"6406,26",Finanzas,3/4/2025,SKU-3928
FAC-00032,PROV-0523,"14882,72",Finanzas,21/4/2025,SKU-2476
FAC-00033,PROV-0410,"8861,21",Finanzas,29/3/2025,SKU-7389
FAC-00042,PROV-0966,"9831,62",Finanzas,9/4/2025,SKU-5126
FAC-00053,PROV-0935,"2805,53",Finanzas,18/4/2025,SKU-1497
FAC-00063,PROV-0224,"13307,69",Finanzas,6/2/2025,SKU-1125
FAC-00082,PROV-0838,"9943,45",Finanzas,1/4/2025,SKU-6764
FAC-00093,PROV-0807,"5838,69",Finanzas,19/4/2025,SKU-7089
FAC-00105,PROV-0873,"4441,7",Finanzas,15/7/2025,SKU-4649
FAC-00115,PROV-0288,"12625,61",Finanzas,21/6/2025,SKU-5065
FAC-00118,PROV-0505,"8143,24",Finanzas,1/10/2025,SKU-3606
FAC-00120,PROV-0021,"13459,43",Finanzas,8/6/2025,SKU-1477
FAC-00123,PROV-0584,"10954,51",Finanzas,16/6/2025,SKU-7888
FAC-00132,PROV-0970,"9415,67",Finanzas,6/2/2025,SKU-6018
FAC-00135,PROV-0172,"9566,79",Finanzas,11/2/2025,SKU-2161
FAC-00139,PROV-0650,"12815,85",Finanzas,30/8/2025,SKU-9932
FAC-00144,PROV-0391,"9056,83",Finanzas,15/10/2025,SKU-3079
FAC-00158,PROV-0265,"11635,28",Finanzas,12/12/2025,SKU-9273
FAC-00162,PROV-0440,"5918,77",Finanzas,11/7/2025,SKU-8812
FAC-00163,PROV-0672,"9652,35",Finanzas,2/10/2025,SKU-7601
FAC-00172,PROV-0334,"11043,39",Finanzas,5/11/2025,SKU-2207
FAC-00184,PROV-0528,"8618,99",Finanzas,27/1/2025,SKU-7400
FAC-00185,PROV-0962,"7592,17",Finanzas,30/9/2025,SKU-1915
FAC-00187,PROV-0130,"12482,07",Finanzas,14/3/2025,SKU-1976
FAC-00196,PROV-0171,"8204,68",Finanzas,2/9/2025,SKU-4027
FAC-00204,PROV-0129,"14965,07",Finanzas,6/11/2025,SKU-8978
FAC-00212,PROV-0999,"3658,51",Finanzas,3/11/2025,SKU-1975
FAC-00218,PROV-0509,"8402,71",Finanzas,25/5/2025,SKU-7981
FAC-00219,PROV-0756,"7468,73",Finanzas,4/2/2025,SKU-1537
FAC-00226,PROV-0706,"8850,03",Finanzas,15/10/2025,SKU-5388
FAC-00233,PROV-0782,"12997,88",Finanzas,4/4/2025,SKU-5195
FAC-00235,PROV-0067,"1494,81",Finanzas,24/3/2025,SKU-1440
FAC-00252,PROV-0694,"12571,05",Finanzas,26/3/2025,SKU-5473
FAC-00254,PROV-0220,"7657,77",Finanzas,8/6/2025,SKU-1910
FAC-00268,PROV-0919,"12767,11",Finanzas,13/3/2025,SKU-1771
FAC-00270,PROV-0269,"7594,56",Finanzas,21/4/2025,SKU-4022
FAC-00272,PROV-0055,"2531,35",Finanzas,21/12/2025,SKU-5136
FAC-00274,PROV-0218,"3814,82",Finanzas,24/1/2025,SKU-5336
FAC-00288,PROV-0923,"9304,58",Finanzas,24/3/2025,SKU-9536
FAC-00296,PROV-0077,"13029,2",Finanzas,25/5/2025,SKU-4850
FAC-00297,PROV-0112,"3437,67",Finanzas,28/4/2025,SKU-7009
FAC-00298,PROV-0865,"13669,74",Finanzas,26/7/2025,SKU-4720
FAC-00302,PROV-0573,"14612,17",Finanzas,10/1/2025,SKU-8106
FAC-00317,PROV-0770,"7609,62",Finanzas,9/7/2025,SKU-9754
FAC-00322,PROV-0282,9668,Finanzas,24/9/2025,SKU-2153
FAC-00324,PROV-0271,"4851,88",Finanzas,24/12/2025,SKU-4886
FAC-00326,PROV-0802,"3849,79",Finanzas,23/1/2025,SKU-9130
FAC-00336,PROV-0904,"5176,42",Finanzas,16/11/2025,SKU-4378
FAC-00338,PROV-0039,"1644,86",Finanzas,18/2/2025,SKU-5869
FAC-00343,PROV-0430,"11278,68",Finanzas,21/1/2025,SKU-4411
FAC-00353,PROV-0090,"2960,13",Finanzas,22/2/2025,SKU-6494
FAC-00355,PROV-0997,"13667,96",Finanzas,2/7/2025,SKU-1549
FAC-00357,PROV-0401,"5111,75",Finanzas,18/11/2025,SKU-1309
FAC-00359,PROV-0566,"4057,7",Finanzas,29/5/2025,SKU-6114
FAC-00367,PROV-0360,"14487,28",Finanzas,22/8/2025,SKU-6290
FAC-00368,PROV-0828,"1055,22",Finanzas,2/7/2025,SKU-6550
FAC-00386,PROV-0111,"11179,5",Finanzas,17/4/2025,SKU-9374
FAC-00388,PROV-0890,"4009,61",Finanzas,29/9/2025,SKU-4071
FAC-00391,PROV-0051,"9335,07",Finanzas,15/1/2025,SKU-6825
FAC-00398,PROV-0176,"7599,72",Finanzas,7/4/2025,SKU-1829
FAC-00401,PROV-0951,"12603,62",Finanzas,18/2/2025,SKU-9680
FAC-00425,PROV-0660,"9652,37",Finanzas,27/7/2025,SKU-3611
FAC-00440,PROV-0767,"4697,45",Finanzas,3/6/2025,SKU-8886
FAC-00494,PROV-0094,"1797,4",Finanzas,9/1/2025,SKU-8722
FAC-00510,PROV-0579,"6001,02",Finanzas,12/3/2025,SKU-9833
FAC-00521,PROV-0762,"1639,68",Finanzas,15/12/2025,SKU-5429
FAC-00533,PROV-0352,"5583,72",Finanzas,1/7/2025,SKU-7928
FAC-00536,PROV-0087,"13736,39",Finanzas,4/8/2025,SKU-2322
FAC-00537,PROV-0727,"4255,27",Finanzas,13/6/2025,SKU-5581
FAC-00546,PROV-0589,"2916,57",Finanzas,18/8/2025,SKU-4282
FAC-00555,PROV-0966,"9881,01",Finanzas,7/1/2025,SKU-1665
FAC-00563,PROV-0975,"4906,2",Finanzas,7/8/2025,SKU-4042
FAC-00569,PROV-0435,"8613,78",Finanzas,19/12/2025,SKU-5451
FAC-00572,PROV-0654,"10286,98",Finanzas,28/2/2025,SKU-1664
FAC-00573,PROV-0449,"13122,2",Finanzas,2/1/2025,SKU-2562
FAC-00578,PROV-0823,"1756,8",Finanzas,13/2/2025,SKU-4732
FAC-00582,PROV-0631,"5020,71",Finanzas,4/5/2025,SKU-5767
FAC-00586,PROV-0009,"14919,08",Finanzas,2/6/2025,SKU-3344
FAC-00589,PROV-0477,"14217,72",Finanzas,7/11/2025,SKU-6818
FAC-00594,PROV-0500,"7194,23",Finanzas,30/10/2025,SKU-2939
FAC-00596,PROV-0538,"5846,08",Finanzas,16/10/2025,SKU-6139
FAC-00597,PROV-0554,"3712,83",Finanzas,25/11/2025,SKU-4717
FAC-00601,PROV-0610,"10586,33",Finanzas,17/8/2025,SKU-1761
FAC-00605,PROV-0687,"14650,23",Finanzas,12/5/2025,SKU-6481
FAC-00607,PROV-0029,"12466,99",Finanzas,13/5/2025,SKU-3573
FAC-00611,PROV-0735,"7687,06",Finanzas,17/8/2025,SKU-3782
FAC-00626,PROV-0143,"12688,48",Finanzas,9/2/2025,SKU-7582
FAC-00627,PROV-0544,"6015,95",Finanzas,18/9/2025,SKU-4571
FAC-00630,PROV-0866,"3061,4",Finanzas,18/1/2025,SKU-9502
FAC-00642,PROV-0175,"5914,98",Finanzas,24/6/2025,SKU-4798
FAC-00643,PROV-0970,"4016,68",Finanzas,13/3/2025,SKU-9633
FAC-00661,PROV-0716,"2372,54",Finanzas,23/2/2025,SKU-9937
FAC-00684,PROV-0541,"8326,09",Finanzas,16/9/2025,SKU-8248
FAC-00685,PROV-0846,"14712,39",Finanzas,5/8/2025,SKU-3099
FAC-00692,PROV-0600,"4746,86",Finanzas,3/11/2025,SKU-5200
FAC-00701,PROV-0640,"9412,38",Finanzas,30/5/2025,SKU-3854
FAC-00703,PROV-0717,"6504,64",Finanzas,17/8/2025,SKU-6651
FAC-00710,PROV-0834,"7422,96",Finanzas,8/4/2025,SKU-3844
FAC-00719,PROV-0210,"1547,83",Finanzas,4/7/2025,SKU-6076
FAC-00726,PROV-0996,"2258,6",Finanzas,1/9/2025,SKU-8668
FAC-00731,PROV-0585,"1725,39",Finanzas,15/11/2025,SKU-8349
FAC-00742,PROV-0581,"9039,64",Finanzas,20/12/2025,SKU-1868
FAC-00748,PROV-0614,"14804,26",Finanzas,24/7/2025,SKU-5323
FAC-00750,PROV-0861,"8134,46",Finanzas,8/8/2025,SKU-2834
FAC-00758,PROV-0679,"211,72",Finanzas,30/1/2025,SKU-2139
FAC-00759,PROV-0701,"14545,6",Finanzas,27/2/2025,SKU-7189
FAC-00768,PROV-0172,"856,99",Finanzas,15/2/2025,SKU-3587
FAC-00786,PROV-0957,"12442,3",Finanzas,17/10/2025,SKU-5871
FAC-00788,PROV-0101,"11408,44",Finanzas,23/9/2025,SKU-3720
FAC-00797,PROV-0724,"14276,33",Finanzas,16/6/2025,SKU-4651
FAC-00801,PROV-0166,"9182,87",Finanzas,3/4/2025,SKU-8795
FAC-00807,PROV-0412,"1681,06",Finanzas,7/5/2025,SKU-9005
FAC-00810,PROV-0433,"9301,77",Finanzas,27/7/2025,SKU-8621
FAC-00826,PROV-0702,"11439,31",Finanzas,30/10/2025,SKU-8530
FAC-00835,PROV-0814,"11596,61",Finanzas,23/4/2025,SKU-9492
FAC-00838,PROV-0725,"6539,98",Finanzas,18/11/2025,SKU-2533
FAC-00854,PROV-0058,"10502,19",Finanzas,3/4/2025,SKU-8372
FAC-00859,PROV-0012,"14812,97",Finanzas,20/12/2025,SKU-3744
FAC-00865,PROV-0411,"8045,74",Finanzas,28/9/2025,SKU-4804
FAC-00879,PROV-0040,"1407,96",Finanzas,10/9/2025,SKU-3251
FAC-00887,PROV-0795,"4602,16",Finanzas,22/2/2025,SKU-8451
FAC-00895,PROV-0809,"4543,41",Finanzas,10/1/2025,SKU-6556
FAC-00903,PROV-0931,"8939,21",Finanzas,22/1/2025,SKU-8289
FAC-00904,PROV-0560,"5157,28",Finanzas,13/2/2025,SKU-5484
FAC-00908,PROV-0822,"14166,88",Finanzas,3/1/2025,SKU-9795
FAC-00914,PROV-0637,"762,97",Finanzas,20/10/2025,SKU-4838
FAC-00921,PROV-0542,"845,91",Finanzas,28/8/2025,SKU-2022
FAC-00924,PROV-0533,"7107,54",Finanzas,27/6/2025,SKU-1439
FAC-00935,PROV-0530,"2996,61",Finanzas,30/11/2025,SKU-7411
FAC-00938,PROV-0616,"6621,1",Finanzas,24/9/2025,SKU-5587
FAC-00942,PROV-0373,"11821,57",Finanzas,28/10/2025,SKU-7847
FAC-00944,PROV-0859,"7956,37",Finanzas,30/8/2025,SKU-3160
FAC-00945,PROV-0597,"285,7",Finanzas,6/10/2025,SKU-7431
FAC-00948,PROV-0879,"12246,77",Finanzas,3/12/2025,SKU-2932
FAC-00951,PROV-0405,"8636,02",Finanzas,24/1/2025,SKU-8541
FAC-00954,PROV-0317,"12022,3",Finanzas,13/8/2025,SKU-5336
FAC-00965,PROV-0456,"12574,13",Finanzas,13/12/2025,SKU-3244
FAC-00969,PROV-0447,"13229,4",Finanzas,1/12/2025,SKU-4966
FAC-00970,PROV-0787,"9733,89",Finanzas,23/6/2025,SKU-3772
FAC-00972,PROV-0758,"14944,81",Finanzas,5/6/2025,SKU-2272
FAC-00979,PROV-0978,"3276,04",Finanzas,26/8/2025,SKU-9691
FAC-00982,PROV-0472,"5277,2",Finanzas,3/4/2025,SKU-8612
FAC-00986,PROV-0781,"9256,67",Finanzas,8/10/2025,SKU-1624
FAC-01000,PROV-0470,"10165,31",Finanzas,19/1/2025,SKU-9753
FAC-01004,PROV-0788,"3451,76",Finanzas,27/1/2025,SKU-7077
FAC-01008,PROV-0890,"14300,78",Finanzas,12/11/2025,SKU-5949
FAC-01027,PROV-0681,"5941,51",Finanzas,22/7/2025,SKU-8138
FAC-01030,PROV-0525,"14532,03",Finanzas,7/4/2025,SKU-3409
FAC-01032,PROV-0188,"2350,52",Finanzas,16/8/2025,SKU-9368
FAC-01046,PROV-0951,"14179,63",Finanzas,19/12/2025,SKU-5748
FAC-01047,PROV-0011,"6876,26",Finanzas,26/12/2025,SKU-8950
FAC-01056,PROV-0107,"8781,73",Finanzas,15/7/2025,SKU-3465
FAC-01067,PROV-0839,"1363,84",Finanzas,15/2/2025,SKU-5949
FAC-01069,PROV-0596,"9715,2",Finanzas,30/6/2025,SKU-9420
FAC-01074,PROV-0755,"989,22",Finanzas,27/4/2025,SKU-5916
FAC-01082,PROV-0664,"6371,55",Finanzas,1/10/2025,SKU-6308
FAC-01086,PROV-0523,"7259,39",Finanzas,27/1/2025,SKU-1195
FAC-01097,PROV-0551,"1552,77",Finanzas,18/7/2025,SKU-6453
FAC-01100,PROV-0861,"5283,76",Finanzas,2/3/2025,SKU-1716
FAC-01103,PROV-0933,"382,73",Finanzas,30/7/2025,SKU-4816
FAC-01104,PROV-0141,"1193,18",Finanzas,20/6/2025,SKU-3876
FAC-01105,PROV-0981,"13462,26",Finanzas,14/4/2025,SKU-8394
FAC-01128,PROV-0942,"4926,33",Finanzas,12/10/2025,SKU-4370
FAC-01129,PROV-0680,"6683,07",Finanzas,12/10/2025,SKU-3954
FAC-01138,PROV-0066,"4525,15",Finanzas,28/9/2025,SKU-9148
FAC-01140,PROV-0307,"7964,44",Finanzas,17/5/2025,SKU-2142
FAC-01146,PROV-0658,"2038,47",Finanzas,5/2/2025,SKU-3741
FAC-01148,PROV-0663,"7823,95",Finanzas,6/2/2025,SKU-3802
FAC-01158,PROV-0734,"9404,84",Finanzas,21/6/2025,SKU-6550
FAC-01171,PROV-0503,"5098,49",Finanzas,26/9/2025,SKU-1747
FAC-01172,PROV-0687,"1274,79",Finanzas,6/11/2025,SKU-8843
FAC-01180,PROV-0795,"2964,33",Finanzas,14/2/2025,SKU-5405
FAC-01190,PROV-0673,"4231,05",Finanzas,18/3/2025,SKU-1170
FAC-01195,PROV-0546,"13500,64",Finanzas,5/7/2025,SKU-4962
FAC-01204,PROV-0505,"10298,81",Finanzas,9/10/2025,SKU-2265
FAC-01215,PROV-0509,"674,44",Finanzas,5/12/2025,SKU-2246
FAC-01220,PROV-0491,"10260,26",Finanzas,18/12/2025,SKU-5228
FAC-01222,PROV-0125,"3029,93",Finanzas,8/12/2025,SKU-4613
FAC-01225,PROV-0305,"13238,37",Finanzas,30/3/2025,SKU-5006
FAC-01227,PROV-0637,"9704,44",Finanzas,18/7/2025,SKU-3594
FAC-01230,PROV-0703,"5514,34",Finanzas,15/1/2025,SKU-1048
FAC-01233,PROV-0073,"9816,2",Finanzas,11/9/2025,SKU-6063
FAC-01244,PROV-0344,"355,48",Finanzas,27/2/2025,SKU-1766
FAC-01245,PROV-0337,"10245,84",Finanzas,26/3/2025,SKU-4126
FAC-01254,PROV-0006,"6060,36",Finanzas,3/3/2025,SKU-3331
FAC-01256,PROV-0267,"12700,68",Finanzas,29/6/2025,SKU-5188
FAC-01264,PROV-0359,"11884,07",Finanzas,28/7/2025,SKU-8953
FAC-01266,PROV-0080,"3863,26",Finanzas,21/4/2025,SKU-5142
FAC-01267,PROV-0637,"7664,42",Finanzas,16/7/2025,SKU-8808
FAC-01280,PROV-0658,"7883,82",Finanzas,24/6/2025,SKU-8483
FAC-01282,PROV-0315,"3258,57",Finanzas,13/5/2025,SKU-7960
FAC-01283,PROV-0178,"9720,85",Finanzas,22/3/2025,SKU-9645
FAC-01284,PROV-0577,"7184,54",Finanzas,21/6/2025,SKU-9108
FAC-01286,PROV-0555,"9000,98",Finanzas,21/7/2025,SKU-3290
FAC-01300,PROV-0236,"386,99",Finanzas,8/4/2025,SKU-2597
FAC-01309,PROV-0872,"3947,07",Finanzas,30/9/2025,SKU-2534
FAC-01310,PROV-0938,"6307,89",Finanzas,13/3/2025,SKU-1229
FAC-01319,PROV-0447,"4005,1",Finanzas,7/11/2025,SKU-5052
FAC-01326,PROV-0550,"9816,5",Finanzas,17/5/2025,SKU-1245
FAC-01332,PROV-0635,"8223,82",Finanzas,22/9/2025,SKU-2165
FAC-01341,PROV-0838,"2281,14",Finanzas,1/12/2025,SKU-6302
FAC-01351,PROV-0327,"6233,21",Finanzas,20/8/2025,SKU-2920
FAC-01354,PROV-0692,"12505,38",Finanzas,14/2/2025,SKU-8296
FAC-01358,PROV-0374,"13165,22",Finanzas,14/5/2025,SKU-4079
FAC-01368,PROV-0724,"14141,74",Finanzas,31/10/2025,SKU-6525
FAC-01375,PROV-0080,"8645,7",Finanzas,23/9/2025,SKU-6926
FAC-01385,PROV-0489,"7962,36",Finanzas,20/11/2025,SKU-5597
FAC-01395,PROV-0293,"14946,44",Finanzas,18/12/2025,SKU-3928
FAC-01411,PROV-0895,"3527,12",Finanzas,7/12/2025,SKU-8999
FAC-01435,PROV-0854,"1511,69",Finanzas,25/10/2025,SKU-8779
FAC-01441,PROV-0369,"12872,77",Finanzas,22/1/2025,SKU-2091
FAC-01443,PROV-0905,"11611,73",Finanzas,7/3/2025,SKU-5429
FAC-01447,PROV-0952,"4207,35",Finanzas,19/6/2025,SKU-8141
FAC-01449,PROV-0137,"11050,2",Finanzas,14/6/2025,SKU-9753
FAC-01450,PROV-0609,"7272,2",Finanzas,28/10/2025,SKU-7294
FAC-01469,PROV-0767,"5822,77",Finanzas,24/6/2025,SKU-7877
FAC-01470,PROV-0540,"2080,43",Finanzas,7/10/2025,SKU-9441
FAC-01472,PROV-0836,"10391,24",Finanzas,10/2/2025,SKU-5353
FAC-01475,PROV-0904,"4621,49",Finanzas,25/6/2025,SKU-9540
FAC-01496,PROV-0683,"14237,82",Finanzas,20/10/2025,SKU-4193
FAC-01502,PROV-0042,"5061,97",Finanzas,6/3/2025,SKU-5081
FAC-01503,PROV-0084,"7384,31",Finanzas,17/8/2025,SKU-4794
FAC-01504,PROV-0588,"14618,07",Finanzas,9/1/2025,SKU-6973
FAC-01509,PROV-0105,"7801,43",Finanzas,11/7/2025,SKU-2488
FAC-01510,PROV-0573,"9455,43",Finanzas,5/9/2025,SKU-7758
FAC-01511,PROV-0132,"620,16",Finanzas,15/1/2025,SKU-7612
FAC-01512,PROV-0745,"3460,77",Finanzas,30/7/2025,SKU-1287
FAC-01514,PROV-0923,"7655,27",Finanzas,18/6/2025,SKU-9131
FAC-01518,PROV-0524,"1755,28",Finanzas,20/4/2025,SKU-5966
FAC-01526,PROV-0090,"12066,28",Finanzas,27/7/2025,SKU-8360
FAC-01528,PROV-0076,"2135,75",Finanzas,20/6/2025,SKU-7570
FAC-01529,PROV-0542,"10951,23",Finanzas,14/7/2025,SKU-3607
FAC-01533,PROV-0802,"5870,97",Finanzas,29/12/2025,SKU-2090
FAC-01538,PROV-0797,"14335,25",Finanzas,23/10/2025,SKU-2563
FAC-01541,PROV-0166,"11877,61",Finanzas,13/11/2025,SKU-3824
FAC-01542,PROV-0516,"1300,58",Finanzas,19/4/2025,SKU-6780
FAC-01545,PROV-0770,"341,37",Finanzas,24/11/2025,SKU-4638
FAC-01548,PROV-0183,"4821,44",Finanzas,1/8/2025,SKU-2426
FAC-01553,PROV-0677,"1453,68",Finanzas,6/3/2025,SKU-5315
FAC-01577,PROV-0916,"658,97",Finanzas,1/12/2025,SKU-8468
FAC-01578,PROV-0070,"13664,37",Finanzas,2/5/2025,SKU-6112
FAC-01580,PROV-0060,"12046,65",Finanzas,1/2/2025,SKU-3372
FAC-01585,PROV-0932,"5816,91",Finanzas,4/4/2025,SKU-9324
FAC-01589,PROV-0640,"2799,24",Finanzas,12/7/2025,SKU-8923
FAC-01592,PROV-0574,"10589,24",Finanzas,26/1/2025,SKU-2936
FAC-01598,PROV-0043,"7042,21",Finanzas,22/6/2025,SKU-4825
FAC-01600,PROV-0941,"13804,71",Finanzas,30/9/2025,SKU-5408
FAC-01603,PROV-0507,"12360,97",Finanzas,23/11/2025,SKU-3692
FAC-01611,PROV-0327,"899,23",Finanzas,13/4/2025,SKU-9671
FAC-01614,PROV-0273,"11634,86",Finanzas,28/9/2025,SKU-7756
FAC-01615,PROV-0126,"8384,51",Finanzas,25/3/2025,SKU-1688
FAC-01621,PROV-0592,"4320,47",Finanzas,5/12/2025,SKU-6204
FAC-01623,PROV-0166,"5432,15",Finanzas,6/9/2025,SKU-4135
FAC-01624,PROV-0499,"2673,74",Finanzas,22/9/2025,SKU-6057
FAC-01628,PROV-0149,"3382,19",Finanzas,10/3/2025,SKU-4172
FAC-01630,PROV-0988,"5107,03",Finanzas,19/6/2025,SKU-6954
FAC-01636,PROV-0916,"14977,68",Finanzas,27/4/2025,SKU-7288
FAC-01650,PROV-0269,"4393,12",Finanzas,23/3/2025,SKU-1353
FAC-01655,PROV-0661,"14590,93",Finanzas,6/8/2025,SKU-1385
FAC-01657,PROV-0648,"2677,73",Finanzas,10/2/2025,SKU-5150
FAC-01660,PROV-0565,"13618,52",Finanzas,24/4/2025,SKU-8605
FAC-01667,PROV-0439,"14355,31",Finanzas,15/5/2025,SKU-7972
FAC-01679,PROV-0281,"4224,73",Finanzas,22/8/2025,SKU-4037
FAC-01680,PROV-0365,"11599,01",Finanzas,19/6/2025,SKU-1090
FAC-01694,PROV-0925,"3487,84",Finanzas,3/3/2025,SKU-4935
FAC-01700,PROV-0418,"11491,65",Finanzas,13/3/2025,SKU-1880
FAC-01710,PROV-0734,"8899,81",Finanzas,13/7/2025,SKU-7348
FAC-01713,PROV-0891,"11917,38",Finanzas,23/5/2025,SKU-2009
FAC-01716,PROV-0999,"6517,96",Finanzas,25/8/2025,SKU-6548
FAC-01717,PROV-0574,"1707,5",Finanzas,23/10/2025,SKU-4726
FAC-01719,PROV-0988,"14866,44",Finanzas,22/6/2025,SKU-1942
FAC-01722,PROV-0032,"7922,39",Finanzas,17/12/2025,SKU-7205
FAC-01739,PROV-0385,"11033,64",Finanzas,5/10/2025,SKU-6199
FAC-01742,PROV-0100,"227,41",Finanzas,29/3/2025,SKU-6545
FAC-01752,PROV-0290,"13494,76",Finanzas,25/7/2025,SKU-7097
FAC-01753,PROV-0952,"13400,39",Finanzas,5/8/2025,SKU-6134
FAC-01757,PROV-0518,"8411,31",Finanzas,16/5/2025,SKU-9427
FAC-01758,PROV-0382,"12014,45",Finanzas,10/3/2025,SKU-6192
FAC-01760,PROV-0498,"4323,93",Finanzas,20/1/2025,SKU-5726
FAC-01761,PROV-0754,"13967,79",Finanzas,4/8/2025,SKU-6600
FAC-01765,PROV-0819,"2163,07",Finanzas,11/3/2025,SKU-2863
FAC-01766,PROV-0115,"6266,95",Finanzas,27/6/2025,SKU-9732
FAC-01773,PROV-0961,"1318,19",Finanzas,14/3/2025,SKU-7375
FAC-01778,PROV-0093,"3559,04",Finanzas,18/4/2025,SKU-2908
FAC-01782,PROV-0165,"4797,9",Finanzas,18/6/2025,SKU-5487
FAC-01783,PROV-0631,"8861,4",Finanzas,18/12/2025,SKU-1500
FAC-01795,PROV-0358,"14521,09",Finanzas,2/5/2025,SKU-6312
FAC-01799,PROV-0185,"7042,25",Finanzas,7/3/2025,SKU-8504
FAC-01812,PROV-0940,"14270,56",Finanzas,19/4/2025,SKU-3642
FAC-01815,PROV-0770,"13469,53",Finanzas,10/7/2025,SKU-2500
FAC-01824,PROV-0598,"8138,38",Finanzas,30/11/2025,SKU-7251
FAC-01825,PROV-0436,"9295,2",Finanzas,8/4/2025,SKU-7027
FAC-01831,PROV-0987,"13548,09",Finanzas,11/2/2025,SKU-6617
FAC-01833,PROV-0375,"1980,02",Finanzas,20/4/2025,SKU-5087
FAC-01836,PROV-0752,"7628,08",Finanzas,19/8/2025,SKU-9182
FAC-01839,PROV-0711,"9741,25",Finanzas,23/8/2025,SKU-6196
FAC-01842,PROV-0278,"7600,55",Finanzas,22/10/2025,SKU-4595
FAC-01843,PROV-0332,"7067,96",Finanzas,30/9/2025,SKU-6077
FAC-01844,PROV-0783,"12954,27",Finanzas,27/9/2025,SKU-4632
FAC-01854,PROV-0982,"12727,77",Finanzas,15/2/2025,SKU-3893
FAC-01855,PROV-0969,"7801,39",Finanzas,11/1/2025,SKU-1037
FAC-01856,PROV-0416,"4206,37",Finanzas,20/10/2025,SKU-7206
FAC-01869,PROV-0895,"8724,27",Finanzas,23/10/2025,SKU-9670
FAC-01870,PROV-0762,"5818,19",Finanzas,21/1/2025,SKU-5243
FAC-01872,PROV-0904,"4221,78",Finanzas,21/2/2025,SKU-6833
FAC-01876,PROV-0197,"4030,53",Finanzas,17/6/2025,SKU-8147
FAC-01887,PROV-0063,"6851,37",Finanzas,19/7/2025,SKU-1252
FAC-01889,PROV-0934,"8363,59",Finanzas,17/4/2025,SKU-7044
FAC-01896,PROV-0092,"3990,02",Finanzas,2/3/2025,SKU-2896
FAC-01899,PROV-0929,"6896,77",Finanzas,29/11/2025,SKU-4437
FAC-01904,PROV-0494,"3704,56",Finanzas,17/4/2025,SKU-3361
FAC-01923,PROV-0114,"8145,46",Finanzas,7/8/2025,SKU-1644
FAC-01924,PROV-0020,"8397,61",Finanzas,25/7/2025,SKU-9479
FAC-01933,PROV-0216,"3110,78",Finanzas,13/7/2025,SKU-2285
FAC-01935,PROV-0170,"8181,95",Finanzas,1/11/2025,SKU-7780
FAC-01946,PROV-0320,"7215,88",Finanzas,30/10/2025,SKU-3841
FAC-01970,PROV-0185,"12344,12",Finanzas,8/8/2025,SKU-7794
FAC-01973,PROV-0553,"4130,5",Finanzas,31/1/2025,SKU-6567
FAC-01976,PROV-0956,"12818,34",Finanzas,20/4/2025,SKU-7824
FAC-01977,PROV-0907,"8592,25",Finanzas,11/9/2025,SKU-9192
FAC-01979,PROV-0596,"14635,46",Finanzas,4/12/2025,SKU-1479
FAC-01982,PROV-0700,"6105,34",Finanzas,8/2/2025,SKU-1761
FAC-01984,PROV-0020,"12335,89",Finanzas,18/8/2025,SKU-1719
FAC-01992,PROV-0301,"2392,46",Finanzas,13/1/2025,SKU-4683
FAC-01994,PROV-0244,"10153,34",Finanzas,6/6/2025,SKU-3263
FAC-02000,PROV-0547,"10662,38",Finanzas,6/4/2025,SKU-8583
FAC-02002,PROV-0512,"9044,5",Finanzas,6/7/2025,SKU-8290
FAC-02004,PROV-0171,"6102,24",Finanzas,24/1/2025,SKU-5661
FAC-02014,PROV-0955,"273,98",Finanzas,23/11/2025,SKU-2013
FAC-02019,PROV-0304,"6745,17",Finanzas,6/6/2025,SKU-4962
FAC-02021,PROV-0261,"4402,44",Finanzas,7/2/2025,SKU-1386
FAC-02030,PROV-0849,"10956,59",Finanzas,2/3/2025,SKU-3807
FAC-02044,PROV-0900,"7379,83",Finanzas,4/12/2025,SKU-2464
FAC-02046,PROV-0187,"6955,12",Finanzas,12/3/2025,SKU-7443
FAC-02054,PROV-0425,"8724,82",Finanzas,17/3/2025,SKU-9624
FAC-02061,PROV-0785,"13018,4",Finanzas,17/8/2025,SKU-7752
FAC-02062,PROV-0092,"4401,7",Finanzas,2/11/2025,SKU-9401
FAC-02066,PROV-0013,"12384,26",Finanzas,11/1/2025,SKU-5996
FAC-02069,PROV-0811,"13445,88",Finanzas,30/1/2025,SKU-9501
FAC-02071,PROV-0151,"11837,27",Finanzas,26/1/2025,SKU-1776
FAC-02079,PROV-0626,"8035,67",Finanzas,20/10/2025,SKU-4765
FAC-02082,PROV-0513,"3114,84",Finanzas,1/6/2025,SKU-5479
FAC-02086,PROV-0288,"6810,24",Finanzas,13/3/2025,SKU-9623
FAC-02089,PROV-0409,"3484,6",Finanzas,26/1/2025,SKU-5901
FAC-02090,PROV-0468,"13053,38",Finanzas,21/12/2025,SKU-3224
FAC-02092,PROV-0554,"3701,26",Finanzas,4/6/2025,SKU-1966
FAC-02095,PROV-0005,"12261,93",Finanzas,18/2/2025,SKU-3199
FAC-02098,PROV-0474,"2193,21",Finanzas,4/5/2025,SKU-4033
FAC-02102,PROV-0314,"8538,11",Finanzas,8/5/2025,SKU-7356
FAC-02104,PROV-0654,"2903,74",Finanzas,21/4/2025,SKU-4479
FAC-02105,PROV-0953,10902,Finanzas,27/8/2025,SKU-7501
FAC-02110,PROV-0084,"10769,16",Finanzas,27/6/2025,SKU-1947
FAC-02111,PROV-0514,"13027,11",Finanzas,6/6/2025,SKU-8840
FAC-02124,PROV-0007,"5125,49",Finanzas,10/5/2025,SKU-2456
FAC-02125,PROV-0698,"4204,33",Finanzas,30/5/2025,SKU-9524
FAC-02126,PROV-0621,"7391,66",Finanzas,29/6/2025,SKU-1628
FAC-02127,PROV-0761,"9944,28",Finanzas,8/2/2025,SKU-1501
FAC-02140,PROV-0338,"4096,49",Finanzas,13/5/2025,SKU-1919
FAC-02144,PROV-0022,"12311,29",Finanzas,16/10/2025,SKU-5822
FAC-02146,PROV-0646,"13124,55",Finanzas,17/10/2025,SKU-6070
FAC-02171,PROV-0629,"963,18",Finanzas,6/6/2025,SKU-7109
FAC-02175,PROV-0102,"11708,47",Finanzas,23/12/2025,SKU-2623
FAC-02177,PROV-0935,"12212,75",Finanzas,7/10/2025,SKU-2650
FAC-02188,PROV-0759,"5239,27",Finanzas,6/3/2025,SKU-2050
FAC-02193,PROV-0229,"1725,92",Finanzas,30/9/2025,SKU-7047
FAC-02194,PROV-0183,"9536,79",Finanzas,18/5/2025,SKU-8453
FAC-02205,PROV-0444,"6887,37",Finanzas,2/1/2025,SKU-2297
FAC-02209,PROV-0373,"8574,65",Finanzas,17/5/2025,SKU-6111
FAC-02210,PROV-0914,"4890,1",Finanzas,23/7/2025,SKU-4266
FAC-02223,PROV-0798,"13474,45",Finanzas,15/8/2025,SKU-3705
FAC-02225,PROV-0759,715,Finanzas,27/1/2025,SKU-8533
FAC-02228,PROV-0888,"11934,12",Finanzas,11/8/2025,SKU-5340
FAC-02231,PROV-0845,"6382,15",Finanzas,13/1/2025,SKU-2466
FAC-02241,PROV-0886,"9453,84",Finanzas,31/5/2025,SKU-3414
FAC-02264,PROV-0577,"5475,14",Finanzas,22/6/2025,SKU-6380
FAC-02266,PROV-0982,"995,08",Finanzas,23/11/2025,SKU-3495
FAC-02268,PROV-0476,"5865,27",Finanzas,23/8/2025,SKU-1179
FAC-02269,PROV-1000,"7638,84",Finanzas,16/5/2025,SKU-9690
FAC-02272,PROV-0582,"2679,51",Finanzas,18/8/2025,SKU-5783
FAC-02275,PROV-0757,"8149,44",Finanzas,6/7/2025,SKU-4181
FAC-02279,PROV-0015,"10595,64",Finanzas,30/9/2025,SKU-8781
FAC-02280,PROV-0851,"582,35",Finanzas,17/8/2025,SKU-7603
FAC-02286,PROV-0852,"2608,87",Finanzas,1/4/2025,SKU-5337
FAC-02289,PROV-0839,"6198,58",Finanzas,6/4/2025,SKU-8883
FAC-02300,PROV-0869,"11888,05",Finanzas,16/7/2025,SKU-3649
FAC-02310,PROV-0448,"8569,12",Finanzas,15/11/2025,SKU-1285
FAC-02316,PROV-0680,"3988,21",Finanzas,16/11/2025,SKU-3854
FAC-02324,PROV-0442,"3832,71",Finanzas,18/5/2025,SKU-6942
FAC-02328,PROV-0200,"11404,56",Finanzas,2/11/2025,SKU-1120
FAC-02339,PROV-0990,"9424,34",Finanzas,9/5/2025,SKU-1526
FAC-02349,PROV-0184,"7771,78",Finanzas,21/9/2025,SKU-3141
FAC-02359,PROV-0090,"14197,69",Finanzas,6/4/2025,SKU-7466
FAC-02386,PROV-0499,"2084,9",Finanzas,1/6/2025,SKU-5776
FAC-02401,PROV-0899,"316,79",Finanzas,22/1/2025,SKU-9401
FAC-02406,PROV-0863,"10463,01",Finanzas,1/2/2025,SKU-8499
FAC-02414,PROV-0026,"9942,97",Finanzas,21/1/2025,SKU-4996
FAC-02423,PROV-0090,"4536,34",Finanzas,2/6/2025,SKU-3517
FAC-02427,PROV-0340,"9843,33",Finanzas,24/1/2025,SKU-8156
FAC-02441,PROV-0316,"1971,81",Finanzas,5/11/2025,SKU-1769
FAC-02449,PROV-0161,"14387,55",Finanzas,8/8/2025,SKU-4666
FAC-02460,PROV-0519,"3737,22",Finanzas,16/10/2025,SKU-4921
FAC-02463,PROV-0078,"1934,76",Finanzas,20/6/2025,SKU-7690
FAC-02465,PROV-0391,"10306,72",Finanzas,18/7/2025,SKU-4486
FAC-02478,PROV-0896,"8690,02",Finanzas,31/10/2025,SKU-7002
FAC-02483,PROV-0690,"11395,34",Finanzas,26/9/2025,SKU-5829
FAC-02484,PROV-0036,"14487,12",Finanzas,6/11/2025,SKU-2556
FAC-02488,PROV-0830,"7705,96",Finanzas,18/12/2025,SKU-8047
FAC-02505,PROV-0028,"7770,77",Finanzas,2/12/2025,SKU-8673
FAC-02509,PROV-0622,"3503,44",Finanzas,5/10/2025,SKU-4785
FAC-02510,PROV-0279,"5912,23",Finanzas,18/5/2025,SKU-4991
FAC-02519,PROV-0247,"7022,82",Finanzas,15/5/2025,SKU-2717
FAC-02521,PROV-0204,"9695,72",Finanzas,18/8/2025,SKU-5818
FAC-02525,PROV-0061,"4499,04",Finanzas,15/6/2025,SKU-3690
FAC-02527,PROV-0731,"4475,2",Finanzas,15/5/2025,SKU-3678
FAC-02528,PROV-0326,"5692,72",Finanzas,23/8/2025,SKU-9479
FAC-02530,PROV-0699,"9433,32",Finanzas,9/10/2025,SKU-3945
FAC-02539,PROV-0604,"4602,37",Finanzas,6/2/2025,SKU-4790
FAC-02543,PROV-0589,"2807,6",Finanzas,24/2/2025,SKU-5529
FAC-02552,PROV-0654,"6872,33",Finanzas,30/9/2025,SKU-9537
FAC-02556,PROV-0703,"315,25",Finanzas,31/1/2025,SKU-4071
FAC-02558,PROV-0875,"13546,67",Finanzas,14/6/2025,SKU-6186
FAC-02563,PROV-0935,"7890,44",Finanzas,28/12/2025,SKU-6511
FAC-02573,PROV-0445,"1333,17",Finanzas,6/3/2025,SKU-4843
FAC-02575,PROV-0939,"6385,69",Finanzas,11/11/2025,SKU-6927
FAC-02579,PROV-0683,"13883,4",Finanzas,26/5/2025,SKU-9371
FAC-02580,PROV-0304,"13740,46",Finanzas,17/7/2025,SKU-2629
FAC-02581,PROV-0307,"3563,56",Finanzas,15/8/2025,SKU-5653
FAC-02584,PROV-0015,"5354,25",Finanzas,23/11/2025,SKU-5768
FAC-02608,PROV-0378,"5849,33",Finanzas,21/9/2025,SKU-6471
FAC-02611,PROV-0235,"5817,34",Finanzas,13/4/2025,SKU-9203
FAC-02615,PROV-0804,"4117,08",Finanzas,24/1/2025,SKU-2325
FAC-02617,PROV-0481,"12032,96",Finanzas,12/4/2025,SKU-4163
FAC-02622,PROV-0254,"13686,08",Finanzas,8/12/2025,SKU-9565
FAC-02627,PROV-0115,"9110,04",Finanzas,29/10/2025,SKU-5190
FAC-02638,PROV-0522,"4720,97",Finanzas,27/5/2025,SKU-2022
FAC-02642,PROV-0681,"1127,76",Finanzas,16/1/2025,SKU-8169
FAC-02645,PROV-0319,"12540,77",Finanzas,3/6/2025,SKU-6232
FAC-02654,PROV-0810,"8735,94",Finanzas,17/9/2025,SKU-4667
FAC-02655,PROV-0551,"13353,15",Finanzas,8/8/2025,SKU-2621
FAC-02665,PROV-0301,"2889,9",Finanzas,23/6/2025,SKU-9684
FAC-02667,PROV-0580,"3264,73",Finanzas,12/9/2025,SKU-7259
FAC-02672,PROV-0379,"5757,34",Finanzas,8/12/2025,SKU-9926
FAC-02675,PROV-0907,"1174,9",Finanzas,12/4/2025,SKU-4513
FAC-02680,PROV-0077,"3255,66",Finanzas,20/2/2025,SKU-8342
FAC-02681,PROV-0950,"6205,46",Finanzas,29/5/2025,SKU-5234
FAC-02684,PROV-0427,"14566,29",Finanzas,8/4/2025,SKU-6994
FAC-02694,PROV-0420,"10382,48",Finanzas,6/10/2025,SKU-3963
FAC-02697,PROV-0007,"1813,46",Finanzas,7/2/2025,SKU-6582
FAC-02702,PROV-0802,"14356,2",Finanzas,12/4/2025,SKU-2177
FAC-02706,PROV-0973,"9845,22",Finanzas,29/6/2025,SKU-3889
FAC-02709,PROV-0959,261,Finanzas,1/1/2025,SKU-1584
FAC-02711,PROV-0646,"12260,65",Finanzas,23/3/2025,SKU-9324
FAC-02715,PROV-0522,"4061,51",Finanzas,16/3/2025,SKU-2402
FAC-02718,PROV-0094,"7211,91",Finanzas,18/10/2025,SKU-5935
FAC-02736,PROV-0199,"3770,57",Finanzas,27/5/2025,SKU-2592
FAC-02739,PROV-0157,"12123,57",Finanzas,12/1/2025,SKU-3834
FAC-02762,PROV-0658,"14463,34",Finanzas,30/5/2025,SKU-8311
FAC-02769,PROV-0046,"10058,19",Finanzas,27/7/2025,SKU-6001
FAC-02770,PROV-0754,"5877,45",Finanzas,21/11/2025,SKU-7143
FAC-02779,PROV-0827,"13378,02",Finanzas,20/11/2025,SKU-5540
FAC-02780,PROV-0029,"2511,57",Finanzas,3/12/2025,SKU-9676
FAC-02782,PROV-0521,"12584,93",Finanzas,23/5/2025,SKU-5469
FAC-02789,PROV-0403,"12436,05",Finanzas,5/11/2025,SKU-1487
FAC-02804,PROV-0892,"5038,78",Finanzas,31/3/2025,SKU-4521
FAC-02815,PROV-0374,"6837,64",Finanzas,25/11/2025,SKU-9777
FAC-02820,PROV-0137,"14900,95",Finanzas,11/8/2025,SKU-5049
FAC-02822,PROV-0750,"5680,59",Finanzas,27/4/2025,SKU-8221
FAC-02829,PROV-0486,"11608,69",Finanzas,25/11/2025,SKU-6926
FAC-02830,PROV-0676,"6716,78",Finanzas,1/7/2025,SKU-9251
FAC-02835,PROV-0883,"9742,45",Finanzas,17/12/2025,SKU-6880
FAC-02841,PROV-0698,"4966,86",Finanzas,28/3/2025,SKU-7046
FAC-02843,PROV-0698,"10449,58",Finanzas,19/11/2025,SKU-9858
FAC-02844,PROV-0029,"4644,01",Finanzas,1/10/2025,SKU-8118
FAC-02860,PROV-0381,"8827,02",Finanzas,4/5/2025,SKU-1053
FAC-02876,PROV-0067,"13015,34",Finanzas,2/6/2025,SKU-5822
FAC-02878,PROV-0536,"3498,07",Finanzas,15/4/2025,SKU-8194
FAC-02887,PROV-0513,"652,16",Finanzas,16/9/2025,SKU-1824
FAC-02905,PROV-0972,"9419,22",Finanzas,11/10/2025,SKU-4853
FAC-02928,PROV-0375,"9072,56",Finanzas,3/12/2025,SKU-5418
FAC-02929,PROV-0611,"7692,99",Finanzas,20/7/2025,SKU-2148
FAC-02935,PROV-0068,"944,74",Finanzas,27/9/2025,SKU-7439
FAC-02937,PROV-0216,"10621,02",Finanzas,8/10/2025,SKU-6529
FAC-02940,PROV-0171,"10385,84",Finanzas,29/4/2025,SKU-2589
FAC-02950,PROV-0418,"332,65",Finanzas,28/4/2025,SKU-2425
FAC-02962,PROV-0272,"14385,54",Finanzas,7/6/2025,SKU-3614
FAC-02966,PROV-0323,"11722,89",Finanzas,3/3/2025,SKU-3299
FAC-02971,PROV-0653,"14909,52",Finanzas,22/4/2025,SKU-4907
FAC-02980,PROV-0912,"2212,28",Finanzas,22/8/2025,SKU-2006
FAC-02999,PROV-0403,"8402,21",Finanzas,6/7/2025,SKU-5224
FAC-03007,PROV-0222,"632,68",Finanzas,11/12/2025,SKU-6323
FAC-03008,PROV-0263,"1149,88",Finanzas,12/2/2025,SKU-3408
FAC-03010,PROV-0483,"8411,33",Finanzas,13/12/2025,SKU-9589
FAC-03011,PROV-0062,"4664,25",Finanzas,13/1/2025,SKU-7888
FAC-03014,PROV-0829,"4567,53",Finanzas,25/5/2025,SKU-7422
FAC-03018,PROV-0164,"13086,89",Finanzas,1/3/2025,SKU-2192
FAC-03023,PROV-0116,"6835,34",Finanzas,18/12/2025,SKU-3378
FAC-03060,PROV-0062,"8259,02",Finanzas,14/6/2025,SKU-9889
FAC-03061,PROV-0423,"8144,5",Finanzas,20/3/2025,SKU-1281
FAC-03072,PROV-0474,"9164,01",Finanzas,17/11/2025,SKU-1587
FAC-03077,PROV-0750,"3477,36",Finanzas,1/10/2025,SKU-1401
FAC-03080,PROV-0956,"3071,23",Finanzas,20/1/2025,SKU-6961
FAC-03082,PROV-0989,"4799,31",Finanzas,8/5/2025,SKU-2443
FAC-03092,PROV-0352,"1014,65",Finanzas,20/1/2025,SKU-4276
FAC-03100,PROV-0442,"14535,44",Finanzas,19/1/2025,SKU-4930
FAC-03106,PROV-0964,"1349,51",Finanzas,19/10/2025,SKU-7327
FAC-03113,PROV-0422,"5996,46",Finanzas,13/3/2025,SKU-7869
FAC-03119,PROV-0677,"1881,9",Finanzas,10/7/2025,SKU-9434
FAC-03126,PROV-0220,"13262,61",Finanzas,28/3/2025,SKU-1610
FAC-03127,PROV-0677,"3074,43",Finanzas,10/7/2025,SKU-3141
FAC-03131,PROV-0323,"9889,23",Finanzas,5/3/2025,SKU-2406
FAC-03136,PROV-0210,"4165,91",Finanzas,16/12/2025,SKU-2156
FAC-03137,PROV-0770,"5836,01",Finanzas,19/5/2025,SKU-3138
FAC-03141,PROV-0204,"1950,21",Finanzas,12/2/2025,SKU-9276
FAC-03143,PROV-0051,"2625,31",Finanzas,24/4/2025,SKU-6848
FAC-03146,PROV-0323,"3489,03",Finanzas,24/11/2025,SKU-6855
FAC-03152,PROV-0353,"7875,58",Finanzas,8/4/2025,SKU-2960
FAC-03153,PROV-0831,"13777,34",Finanzas,2/5/2025,SKU-4222
FAC-03161,PROV-0831,"1592,66",Finanzas,3/5/2025,SKU-4021
FAC-03162,PROV-0891,"12801,52",Finanzas,13/2/2025,SKU-7973
FAC-03165,PROV-0797,"2883,05",Finanzas,23/5/2025,SKU-4510
FAC-03166,PROV-0329,"9204,9",Finanzas,30/5/2025,SKU-3830
FAC-03168,PROV-0796,"6715,19",Finanzas,18/11/2025,SKU-5469
FAC-03170,PROV-0919,"1644,52",Finanzas,8/12/2025,SKU-2730
FAC-03181,PROV-0641,"13740,84",Finanzas,16/5/2025,SKU-3885
FAC-03183,PROV-0836,"2822,15",Finanzas,5/9/2025,SKU-9374
FAC-03186,PROV-0804,"14413,4",Finanzas,19/8/2025,SKU-3326
FAC-03202,PROV-0440,"742,06",Finanzas,1/6/2025,SKU-8127
FAC-03203,PROV-0315,"12251,39",Finanzas,15/12/2025,SKU-9278
FAC-03206,PROV-0014,"225,02",Finanzas,22/11/2025,SKU-5810
FAC-03212,PROV-0207,"4981,96",Finanzas,13/6/2025,SKU-9515
FAC-03218,PROV-0708,"924,37",Finanzas,25/10/2025,SKU-5393
FAC-03234,PROV-0074,"7467,63",Finanzas,30/3/2025,SKU-8495
FAC-03240,PROV-0259,"14505,95",Finanzas,7/3/2025,SKU-6357
FAC-03241,PROV-0288,"11071,55",Finanzas,10/12/2025,SKU-6646
FAC-03242,PROV-0715,"3055,46",Finanzas,21/2/2025,SKU-5167
FAC-03243,PROV-0624,"3658,5",Finanzas,5/5/2025,SKU-7066
FAC-03245,PROV-0863,"13278,99",Finanzas,1/4/2025,SKU-2316
FAC-03255,PROV-0049,"12949,87",Finanzas,24/2/2025,SKU-3251
FAC-03259,PROV-0590,"11369,81",Finanzas,26/1/2025,SKU-8811
FAC-03265,PROV-0510,"11305,61",Finanzas,30/4/2025,SKU-6942
FAC-03282,PROV-0103,"3473,21",Finanzas,7/7/2025,SKU-1599
FAC-03283,PROV-0578,"11087,62",Finanzas,22/5/2025,SKU-9122
FAC-03295,PROV-0058,"12880,13",Finanzas,14/10/2025,SKU-4942
FAC-03307,PROV-0640,"12372,82",Finanzas,15/4/2025,SKU-3784
FAC-03315,PROV-0311,1170,Finanzas,17/6/2025,SKU-9335
FAC-03322,PROV-0265,"10278,05",Finanzas,11/6/2025,SKU-3699
FAC-03328,PROV-0770,13397,Finanzas,28/7/2025,SKU-2889
FAC-03336,PROV-0871,"7675,43",Finanzas,11/8/2025,SKU-9222
FAC-03338,PROV-0171,"12994,57",Finanzas,26/2/2025,SKU-4830
FAC-03346,PROV-0969,"13650,95",Finanzas,14/2/2025,SKU-2234
FAC-03353,PROV-0780,"4669,7",Finanzas,21/2/2025,SKU-4755
FAC-03354,PROV-0562,"8980,3",Finanzas,3/2/2025,SKU-1799
FAC-03355,PROV-0412,"11987,97",Finanzas,4/11/2025,SKU-1042
FAC-03365,PROV-0962,"14277,57",Finanzas,29/8/2025,SKU-5271
FAC-03368,PROV-0371,"5008,81",Finanzas,10/10/2025,SKU-5040
FAC-03371,PROV-0313,"2420,68",Finanzas,21/11/2025,SKU-8566
FAC-03375,PROV-0351,"8920,28",Finanzas,30/4/2025,SKU-5102
FAC-03380,PROV-0147,"860,41",Finanzas,15/3/2025,SKU-9179
FAC-03385,PROV-0164,"4236,51",Finanzas,14/10/2025,SKU-2504
FAC-03386,PROV-0001,"6141,83",Finanzas,10/11/2025,SKU-1367
FAC-03392,PROV-0283,"14491,75",Finanzas,26/6/2025,SKU-3406
FAC-03410,PROV-0385,"6125,82",Finanzas,5/2/2025,SKU-6606
FAC-03419,PROV-0056,"9295,44",Finanzas,17/1/2025,SKU-6441
FAC-03424,PROV-0111,"4286,47",Finanzas,12/4/2025,SKU-3585
FAC-03426,PROV-0007,"9031,62",Finanzas,3/10/2025,SKU-7415
FAC-03428,PROV-0185,"13959,64",Finanzas,14/4/2025,SKU-9569
FAC-03434,PROV-0345,"4415,77",Finanzas,29/5/2025,SKU-2979
FAC-03447,PROV-0230,"6166,37",Finanzas,2/1/2025,SKU-6316
FAC-03449,PROV-0851,"13830,28",Finanzas,25/10/2025,SKU-8435
FAC-03453,PROV-0543,"12762,29",Finanzas,12/1/2025,SKU-7154
FAC-03456,PROV-0996,"206,9",Finanzas,12/6/2025,SKU-5944
FAC-03462,PROV-0198,"1725,67",Finanzas,8/3/2025,SKU-9849
FAC-03472,PROV-0811,"310,16",Finanzas,28/3/2025,SKU-6240
FAC-03477,PROV-0995,"915,13",Finanzas,20/7/2025,SKU-8837
FAC-03485,PROV-0566,"1603,19",Finanzas,28/2/2025,SKU-8337
FAC-03486,PROV-0135,"3251,64",Finanzas,23/6/2025,SKU-4733
FAC-03493,PROV-0811,"1847,29",Finanzas,28/5/2025,SKU-8669
FAC-03501,PROV-0958,"2997,91",Finanzas,28/8/2025,SKU-1087
FAC-03507,PROV-0263,"4565,08",Finanzas,18/5/2025,SKU-9462
FAC-03527,PROV-0401,"13969,9",Finanzas,20/10/2025,SKU-6519
FAC-03529,PROV-0209,"3303,26",Finanzas,19/5/2025,SKU-7814
FAC-03530,PROV-0325,"12962,18",Finanzas,4/4/2025,SKU-1275
FAC-03532,PROV-0229,"12843,58",Finanzas,28/5/2025,SKU-1798
FAC-03541,PROV-0075,"9309,84",Finanzas,30/6/2025,SKU-8292
FAC-03553,PROV-0186,"14581,65",Finanzas,11/7/2025,SKU-2581
FAC-03565,PROV-0308,"10371,52",Finanzas,19/7/2025,SKU-2249
FAC-03570,PROV-0069,"1589,56",Finanzas,12/11/2025,SKU-7384
FAC-03573,PROV-0553,"8727,72",Finanzas,17/8/2025,SKU-8034
FAC-03578,PROV-0697,"11574,48",Finanzas,22/9/2025,SKU-8665
FAC-03585,PROV-0552,"9073,75",Finanzas,8/8/2025,SKU-5828
FAC-03589,PROV-0996,"13977,37",Finanzas,8/7/2025,SKU-6509
FAC-03591,PROV-0631,"12949,89",Finanzas,13/6/2025,SKU-1456
FAC-03593,PROV-0656,"10329,54",Finanzas,25/5/2025,SKU-4410
FAC-03597,PROV-0729,"5719,25",Finanzas,22/4/2025,SKU-7734
FAC-03599,PROV-0134,"11849,47",Finanzas,20/2/2025,SKU-2659
FAC-03604,PROV-0613,"8788,82",Finanzas,17/5/2025,SKU-6995
FAC-03608,PROV-0307,"5078,6",Finanzas,15/10/2025,SKU-8879
FAC-03611,PROV-0043,"4232,41",Finanzas,15/2/2025,SKU-6725
FAC-03618,PROV-0058,"6996,78",Finanzas,20/7/2025,SKU-1029
FAC-03634,PROV-0021,"7557,43",Finanzas,21/9/2025,SKU-7160
FAC-03652,PROV-0197,"4238,88",Finanzas,1/5/2025,SKU-1489
FAC-03656,PROV-0233,"6601,28",Finanzas,25/6/2025,SKU-6713
FAC-03658,PROV-0084,"8371,52",Finanzas,6/8/2025,SKU-5106
FAC-03670,PROV-0020,"10040,27",Finanzas,17/1/2025,SKU-8089
FAC-03673,PROV-0589,"7404,17",Finanzas,31/12/2025,SKU-8230
FAC-03677,PROV-0068,"2845,62",Finanzas,11/11/2025,SKU-1854
FAC-03688,PROV-0234,"11821,92",Finanzas,20/11/2025,SKU-3620
FAC-03692,PROV-0138,"1200,03",Finanzas,19/10/2025,SKU-3093
FAC-03700,PROV-0882,"10836,03",Finanzas,8/7/2025,SKU-8084
FAC-03702,PROV-0034,"5981,14",Finanzas,7/6/2025,SKU-8800
FAC-03715,PROV-0439,"14505,79",Finanzas,25/10/2025,SKU-2723
FAC-03716,PROV-0841,"5723,01",Finanzas,17/2/2025,SKU-3675
FAC-03726,PROV-0612,"2523,44",Finanzas,25/5/2025,SKU-2332
FAC-03727,PROV-0384,"7586,92",Finanzas,27/6/2025,SKU-1229
FAC-03730,PROV-0928,"10308,34",Finanzas,7/11/2025,SKU-2356
FAC-03734,PROV-0963,"1248,03",Finanzas,11/9/2025,SKU-4569
FAC-03744,PROV-0590,"2381,45",Finanzas,10/10/2025,SKU-1742
FAC-03754,PROV-0140,"1182,38",Finanzas,27/12/2025,SKU-7383
FAC-03762,PROV-0318,"10443,65",Finanzas,29/10/2025,SKU-5329
FAC-03767,PROV-0603,"12784,55",Finanzas,15/3/2025,SKU-5930
FAC-03768,PROV-0604,"11286,57",Finanzas,15/12/2025,SKU-9237
FAC-03806,PROV-0682,"8109,75",Finanzas,10/9/2025,SKU-6105
FAC-03807,PROV-0911,"6596,02",Finanzas,10/4/2025,SKU-9763
FAC-03818,PROV-0591,"13756,51",Finanzas,15/1/2025,SKU-5089
FAC-03820,PROV-0560,"5462,48",Finanzas,22/12/2025,SKU-2129
FAC-03829,PROV-0549,"8979,92",Finanzas,15/11/2025,SKU-2227
FAC-03839,PROV-0698,"3022,24",Finanzas,3/1/2025,SKU-6701
FAC-03842,PROV-0176,"1002,96",Finanzas,11/1/2025,SKU-9477
FAC-03865,PROV-0891,"14128,78",Finanzas,17/8/2025,SKU-6367
FAC-03872,PROV-0984,"2914,74",Finanzas,5/7/2025,SKU-6105
FAC-03874,PROV-0216,"5483,25",Finanzas,17/11/2025,SKU-9165
FAC-03884,PROV-0252,"3795,13",Finanzas,1/3/2025,SKU-7121
FAC-03890,PROV-0687,"10608,27",Finanzas,14/8/2025,SKU-1333
FAC-03893,PROV-0871,"11999,67",Finanzas,5/5/2025,SKU-2960
FAC-03896,PROV-0845,"7515,87",Finanzas,16/4/2025,SKU-7540
FAC-03897,PROV-0131,"303,99",Finanzas,1/4/2025,SKU-1056
FAC-03901,PROV-0871,"5320,01",Finanzas,28/5/2025,SKU-6635
FAC-03902,PROV-0379,"8753,18",Finanzas,22/3/2025,SKU-4656
FAC-03915,PROV-0631,"3241,84",Finanzas,19/12/2025,SKU-3003
FAC-03920,PROV-0190,"865,25",Finanzas,31/10/2025,SKU-2173
FAC-03921,PROV-0041,"11730,73",Finanzas,5/7/2025,SKU-8860
FAC-03928,PROV-0169,"11663,68",Finanzas,2/12/2025,SKU-2078
FAC-03940,PROV-0476,"13490,74",Finanzas,26/6/2025,SKU-8405
FAC-03941,PROV-0389,"13875,8",Finanzas,27/7/2025,SKU-4915
FAC-03948,PROV-0787,"13405,59",Finanzas,24/6/2025,SKU-7659
FAC-03949,PROV-0731,"9146,43",Finanzas,12/6/2025,SKU-3783
FAC-03956,PROV-0960,"4747,11",Finanzas,26/4/2025,SKU-8097
FAC-03961,PROV-0635,"14719,92",Finanzas,25/10/2025,SKU-9752
FAC-03970,PROV-0393,"12704,35",Finanzas,8/8/2025,SKU-1859
FAC-03975,PROV-0105,"5884,36",Finanzas,27/12/2025,SKU-2735
FAC-03979,PROV-0401,"645,38",Finanzas,31/1/2025,SKU-2019
FAC-03985,PROV-0967,"5894,73",Finanzas,4/6/2025,SKU-8321
FAC-03987,PROV-0318,"13848,18",Finanzas,16/2/2025,SKU-2073
FAC-03996,PROV-0617,"2025,54",Finanzas,27/10/2025,SKU-7527
FAC-04004,PROV-0405,"7090,29",Finanzas,14/4/2025,SKU-4801
FAC-04008,PROV-0641,"2448,28",Finanzas,23/1/2025,SKU-4769
FAC-04014,PROV-0031,"6857,79",Finanzas,22/12/2025,SKU-8592
FAC-04016,PROV-0596,"3179,87",Finanzas,10/2/2025,SKU-5575
FAC-04017,PROV-0638,"1111,64",Finanzas,15/10/2025,SKU-9650
FAC-04021,PROV-0443,"6004,37",Finanzas,1/2/2025,SKU-4268
FAC-04022,PROV-0076,"10650,2",Finanzas,22/9/2025,SKU-2273
FAC-04027,PROV-0844,"6900,53",Finanzas,21/11/2025,SKU-5536
FAC-04028,PROV-0168,"4661,19",Finanzas,21/5/2025,SKU-5519
FAC-04037,PROV-0444,"13915,62",Finanzas,18/11/2025,SKU-2584
FAC-04043,PROV-0070,"8660,35",Finanzas,31/7/2025,SKU-8959
FAC-04044,PROV-0639,"2009,74",Finanzas,9/4/2025,SKU-7603
FAC-04046,PROV-0356,"14282,69",Finanzas,25/10/2025,SKU-7517
FAC-04047,PROV-0346,"7477,06",Finanzas,8/3/2025,SKU-6362
FAC-04050,PROV-0711,"8369,04",Finanzas,19/9/2025,SKU-4174
FAC-04055,PROV-0813,"4742,68",Finanzas,29/3/2025,SKU-7576
FAC-04056,PROV-0758,"11093,86",Finanzas,30/6/2025,SKU-4333
FAC-04065,PROV-0129,"14805,32",Finanzas,12/1/2025,SKU-6444
FAC-04069,PROV-0230,"3793,35",Finanzas,13/7/2025,SKU-1147
FAC-04077,PROV-0079,"3846,82",Finanzas,27/4/2025,SKU-7336
FAC-04083,PROV-0260,"9599,6",Finanzas,19/4/2025,SKU-1949
FAC-04084,PROV-0205,"12872,01",Finanzas,24/2/2025,SKU-8745
FAC-04087,PROV-0726,"14617,61",Finanzas,2/3/2025,SKU-7864
FAC-04088,PROV-0609,"9698,29",Finanzas,5/8/2025,SKU-7894
FAC-04091,PROV-0707,"13276,46",Finanzas,14/5/2025,SKU-5144
FAC-04094,PROV-0474,"8708,42",Finanzas,17/1/2025,SKU-1199
FAC-04098,PROV-0570,"9341,67",Finanzas,16/10/2025,SKU-9213
FAC-04100,PROV-0684,"4580,6",Finanzas,15/7/2025,SKU-5172
FAC-04102,PROV-0994,"10451,44",Finanzas,27/7/2025,SKU-1073
FAC-04103,PROV-0401,"2294,62",Finanzas,16/11/2025,SKU-6143
FAC-04105,PROV-0575,"14508,2",Finanzas,4/1/2025,SKU-9794
FAC-04109,PROV-0033,"9897,45",Finanzas,12/2/2025,SKU-2223
FAC-04114,PROV-0016,"6225,03",Finanzas,14/7/2025,SKU-7921
FAC-04117,PROV-0274,"11214,99",Finanzas,19/7/2025,SKU-6940
FAC-04123,PROV-0896,"14253,92",Finanzas,20/9/2025,SKU-3409
FAC-04127,PROV-0007,"8007,97",Finanzas,15/6/2025,SKU-1824
FAC-04133,PROV-0131,"12375,68",Finanzas,6/11/2025,SKU-1759
FAC-04134,PROV-0294,"14952,91",Finanzas,20/2/2025,SKU-1066
FAC-04137,PROV-0996,"3027,71",Finanzas,9/2/2025,SKU-1926
FAC-04144,PROV-0635,"3907,95",Finanzas,29/6/2025,SKU-9933
FAC-04147,PROV-0325,"1288,3",Finanzas,27/12/2025,SKU-9845
FAC-04152,PROV-0334,"4143,6",Finanzas,15/5/2025,SKU-1085
FAC-04153,PROV-0570,"9880,29",Finanzas,7/2/2025,SKU-7996
FAC-04162,PROV-0579,"6372,62",Finanzas,23/8/2025,SKU-6363
FAC-04171,PROV-0045,"12155,67",Finanzas,25/10/2025,SKU-2641
FAC-04175,PROV-0511,"2858,72",Finanzas,24/8/2025,SKU-6950
FAC-04178,PROV-0276,"4959,79",Finanzas,30/9/2025,SKU-5954
FAC-04180,PROV-0769,"6172,95",Finanzas,25/3/2025,SKU-9714
FAC-04193,PROV-0823,"12532,04",Finanzas,8/5/2025,SKU-1722
FAC-04210,PROV-0719,"12352,48",Finanzas,8/4/2025,SKU-2662
FAC-04214,PROV-0121,"2891,02",Finanzas,16/12/2025,SKU-8827
FAC-04219,PROV-0806,"529,72",Finanzas,2/11/2025,SKU-3757
FAC-04228,PROV-0540,"12436,37",Finanzas,24/10/2025,SKU-6473
FAC-04237,PROV-0773,"989,16",Finanzas,26/1/2025,SKU-9066
FAC-04246,PROV-0233,"9514,51",Finanzas,16/6/2025,SKU-1765
FAC-04249,PROV-0842,"10888,6",Finanzas,9/1/2025,SKU-4867
FAC-04251,PROV-0383,"6146,92",Finanzas,19/2/2025,SKU-9238
FAC-04254,PROV-0049,"4523,08",Finanzas,14/10/2025,SKU-1859
FAC-04256,PROV-0629,"7153,42",Finanzas,28/4/2025,SKU-6474
FAC-04261,PROV-0838,"12630,52",Finanzas,9/8/2025,SKU-1820
FAC-04263,PROV-0114,"2269,94",Finanzas,15/5/2025,SKU-7159
FAC-04267,PROV-0822,"12904,98",Finanzas,30/8/2025,SKU-7450
FAC-04269,PROV-0995,"10605,49",Finanzas,28/9/2025,SKU-7496
FAC-04281,PROV-0726,"14476,69",Finanzas,8/4/2025,SKU-9132
FAC-04282,PROV-0810,"9639,97",Finanzas,14/1/2025,SKU-3822
FAC-04289,PROV-0033,"12116,29",Finanzas,26/4/2025,SKU-5369
FAC-04291,PROV-0463,"5106,66",Finanzas,1/11/2025,SKU-7734
FAC-04293,PROV-0319,"9234,92",Finanzas,18/1/2025,SKU-9588
FAC-04297,PROV-0422,"14198,81",Finanzas,22/4/2025,SKU-5311
FAC-04317,PROV-0529,"11401,06",Finanzas,10/1/2025,SKU-7279
FAC-04323,PROV-0822,"8734,23",Finanzas,19/6/2025,SKU-2929
FAC-04330,PROV-0084,"2460,62",Finanzas,12/11/2025,SKU-5016
FAC-04331,PROV-0875,"9112,66",Finanzas,14/12/2025,SKU-2460
FAC-04336,PROV-0976,"5034,52",Finanzas,11/6/2025,SKU-9074
FAC-04341,PROV-0437,"7661,76",Finanzas,26/11/2025,SKU-9849
FAC-04346,PROV-0424,"4090,13",Finanzas,10/10/2025,SKU-5336
FAC-04369,PROV-0435,"1811,24",Finanzas,28/10/2025,SKU-7765
FAC-04375,PROV-0571,"3732,83",Finanzas,22/11/2025,SKU-4363
FAC-04386,PROV-0730,"13028,58",Finanzas,9/4/2025,SKU-3243
FAC-04387,PROV-0397,"8554,31",Finanzas,20/3/2025,SKU-1554
FAC-04396,PROV-0083,"3266,37",Finanzas,23/5/2025,SKU-8792
FAC-04417,PROV-0776,"10587,86",Finanzas,30/6/2025,SKU-4408
FAC-04418,PROV-0606,"9519,56",Finanzas,23/4/2025,SKU-9248
FAC-04427,PROV-0505,"3732,53",Finanzas,29/1/2025,SKU-7728
FAC-04428,PROV-0787,"7399,16",Finanzas,28/6/2025,SKU-3528
FAC-04430,PROV-0078,"6838,7",Finanzas,20/2/2025,SKU-6231
FAC-04438,PROV-0451,"6637,69",Finanzas,21/7/2025,SKU-9213
FAC-04440,PROV-0513,"572,77",Finanzas,15/6/2025,SKU-5768
FAC-04446,PROV-0456,"10460,96",Finanzas,3/10/2025,SKU-3231
FAC-04448,PROV-0503,"10892,89",Finanzas,22/6/2025,SKU-7574
FAC-04454,PROV-0656,"14124,72",Finanzas,5/3/2025,SKU-3014
FAC-04465,PROV-0465,"12644,53",Finanzas,20/7/2025,SKU-5091
FAC-04469,PROV-0264,"3027,73",Finanzas,7/10/2025,SKU-4342
FAC-04470,PROV-0021,"11412,54",Finanzas,20/1/2025,SKU-4897
FAC-04475,PROV-0881,"7945,68",Finanzas,4/3/2025,SKU-5502
FAC-04477,PROV-0503,"6738,85",Finanzas,19/6/2025,SKU-7747
FAC-04482,PROV-0038,"11723,76",Finanzas,29/12/2025,SKU-5856
FAC-04486,PROV-0305,"276,47",Finanzas,12/4/2025,SKU-7238
FAC-04488,PROV-0804,"11138,98",Finanzas,20/10/2025,SKU-7319
FAC-04490,PROV-0114,"2873,59",Finanzas,16/5/2025,SKU-5421
FAC-04493,PROV-0345,"12943,79",Finanzas,9/5/2025,SKU-7418
FAC-04498,PROV-0295,"8023,41",Finanzas,26/8/2025,SKU-2135
FAC-04504,PROV-0939,"5671,52",Finanzas,9/7/2025,SKU-8700
FAC-04515,PROV-0860,"14806,95",Finanzas,24/2/2025,SKU-1426
FAC-04524,PROV-0784,"14327,44",Finanzas,9/6/2025,SKU-1038
FAC-04531,PROV-0225,"13194,36",Finanzas,16/8/2025,SKU-2000
FAC-04542,PROV-0029,"6545,87",Finanzas,1/5/2025,SKU-9845
FAC-04549,PROV-0612,"9433,92",Finanzas,21/7/2025,SKU-8223
FAC-04562,PROV-0035,"12303,42",Finanzas,2/9/2025,SKU-2474
FAC-04568,PROV-0539,"1093,17",Finanzas,10/1/2025,SKU-6214
FAC-04574,PROV-0800,"5720,1",Finanzas,5/4/2025,SKU-2899
FAC-04578,PROV-0486,"14343,84",Finanzas,7/6/2025,SKU-3204
FAC-04584,PROV-0322,"236,9",Finanzas,29/10/2025,SKU-8428
FAC-04597,PROV-0239,"3867,65",Finanzas,2/3/2025,SKU-6791
FAC-04610,PROV-0324,"2353,45",Finanzas,22/7/2025,SKU-8163
FAC-04612,PROV-0216,"7731,12",Finanzas,22/9/2025,SKU-2321
FAC-04614,PROV-0994,"3533,7",Finanzas,7/1/2025,SKU-7729
FAC-04615,PROV-0464,"4791,25",Finanzas,4/7/2025,SKU-6128
FAC-04621,PROV-0316,"8703,68",Finanzas,29/8/2025,SKU-3284
FAC-04623,PROV-0224,"14702,31",Finanzas,2/4/2025,SKU-8943
FAC-04640,PROV-0557,"13018,21",Finanzas,12/2/2025,SKU-1853
FAC-04643,PROV-0312,"8357,26",Finanzas,2/12/2025,SKU-7845
FAC-04646,PROV-0493,"14126,57",Finanzas,8/12/2025,SKU-8917
FAC-04647,PROV-0491,"13532,3",Finanzas,15/2/2025,SKU-1020
FAC-04651,PROV-0333,"14170,95",Finanzas,22/9/2025,SKU-9675
FAC-04655,PROV-0231,"7400,09",Finanzas,29/9/2025,SKU-6975
FAC-04663,PROV-0238,"9954,48",Finanzas,7/12/2025,SKU-5972
FAC-04664,PROV-0685,"6036,35",Finanzas,10/3/2025,SKU-6812
FAC-04668,PROV-0419,"8318,19",Finanzas,3/12/2025,SKU-7949
FAC-04675,PROV-0306,"13909,43",Finanzas,30/11/2025,SKU-5047
FAC-04681,PROV-0141,"294,58",Finanzas,28/5/2025,SKU-8357
FAC-04683,PROV-0515,"2303,44",Finanzas,20/1/2025,SKU-7634
FAC-04688,PROV-0039,"8682,63",Finanzas,19/3/2025,SKU-3981
FAC-04689,PROV-0983,"9873,75",Finanzas,29/4/2025,SKU-6857
FAC-04691,PROV-0675,"8714,01",Finanzas,24/6/2025,SKU-4438
FAC-04694,PROV-0869,"5539,58",Finanzas,5/4/2025,SKU-5493
FAC-04697,PROV-0639,"7138,71",Finanzas,16/6/2025,SKU-8433
FAC-04701,PROV-0793,"5059,3",Finanzas,21/5/2025,SKU-3151
FAC-04704,PROV-0833,"10280,47",Finanzas,10/11/2025,SKU-8640
FAC-04707,PROV-0792,"8425,27",Finanzas,25/5/2025,SKU-2048
FAC-04712,PROV-0468,"11834,59",Finanzas,10/4/2025,SKU-7033
FAC-04714,PROV-0894,"2992,29",Finanzas,29/11/2025,SKU-8014
FAC-04717,PROV-0338,"3672,28",Finanzas,28/1/2025,SKU-8295
FAC-04730,PROV-0104,"8617,17",Finanzas,31/3/2025,SKU-9765
FAC-04734,PROV-0739,"5242,41",Finanzas,9/8/2025,SKU-6894
FAC-04737,PROV-0880,"5608,4",Finanzas,25/9/2025,SKU-8081
FAC-04745,PROV-0753,"13908,07",Finanzas,15/1/2025,SKU-1952
FAC-04749,PROV-0895,"4605,29",Finanzas,27/1/2025,SKU-7881
FAC-04771,PROV-0125,"3667,29",Finanzas,19/8/2025,SKU-8498
FAC-04773,PROV-0591,"1414,37",Finanzas,20/10/2025,SKU-2215
FAC-04774,PROV-0733,"4467,98",Finanzas,16/3/2025,SKU-4381
FAC-04775,PROV-0867,"2628,61",Finanzas,27/7/2025,SKU-7009
FAC-04777,PROV-0083,"3391,47",Finanzas,30/1/2025,SKU-8321
FAC-04782,PROV-0307,"9364,2",Finanzas,18/4/2025,SKU-7853
FAC-04786,PROV-0262,"13507,45",Finanzas,4/4/2025,SKU-2974
FAC-04787,PROV-0640,"489,82",Finanzas,4/12/2025,SKU-8132
FAC-04793,PROV-0698,"5713,11",Finanzas,27/1/2025,SKU-1584
FAC-04796,PROV-0612,"12427,7",Finanzas,5/7/2025,SKU-4897
FAC-04799,PROV-0819,"13054,1",Finanzas,12/4/2025,SKU-5683
FAC-04840,PROV-0203,"7442,2",Finanzas,31/8/2025,SKU-8041
FAC-04842,PROV-0327,"12173,58",Finanzas,9/6/2025,SKU-9123
FAC-04849,PROV-0394,"6446,81",Finanzas,27/9/2025,SKU-5955
FAC-04866,PROV-0755,"356,14",Finanzas,14/11/2025,SKU-6395
FAC-04870,PROV-0329,"10410,71",Finanzas,6/12/2025,SKU-3930
FAC-04873,PROV-0822,"7272,25",Finanzas,4/9/2025,SKU-6515
FAC-04877,PROV-0241,"8830,11",Finanzas,12/8/2025,SKU-3932
FAC-04880,PROV-0643,"3080,75",Finanzas,14/3/2025,SKU-2326
FAC-04883,PROV-0371,"8451,53",Finanzas,6/4/2025,SKU-7522
FAC-04885,PROV-0572,"13603,99",Finanzas,8/2/2025,SKU-6269
FAC-04889,PROV-0586,"9276,31",Finanzas,25/10/2025,SKU-7889
FAC-04907,PROV-0974,"13716,78",Finanzas,3/2/2025,SKU-6215
FAC-04909,PROV-0489,"763,88",Finanzas,7/1/2025,SKU-2025
FAC-04911,PROV-0195,"1185,46",Finanzas,1/4/2025,SKU-1045
FAC-04914,PROV-0276,"12229,08",Finanzas,26/3/2025,SKU-5629
FAC-04922,PROV-0365,"12863,84",Finanzas,21/5/2025,SKU-6158
FAC-04926,PROV-0380,"5259,69",Finanzas,27/6/2025,SKU-3337
FAC-04928,PROV-0156,"11049,75",Finanzas,20/5/2025,SKU-7327
FAC-04930,PROV-0965,"4443,76",Finanzas,8/2/2025,SKU-6621
FAC-04933,PROV-0298,"6813,9",Finanzas,14/3/2025,SKU-3923
FAC-04934,PROV-0538,"9895,07",Finanzas,6/5/2025,SKU-3275
FAC-04938,PROV-0894,"1363,21",Finanzas,18/4/2025,SKU-3353
FAC-04949,PROV-0917,"11186,54",Finanzas,23/2/2025,SKU-7286
FAC-04961,PROV-0522,"12244,37",Finanzas,29/6/2025,SKU-6626
FAC-04963,PROV-0235,"13865,55",Finanzas,22/11/2025,SKU-9136
FAC-04966,PROV-0736,"4984,6",Finanzas,13/11/2025,SKU-6007
FAC-04986,PROV-0542,"9588,25",Finanzas,21/11/2025,SKU-5587
FAC-04989,PROV-0737,"12873,1",Finanzas,21/7/2025,SKU-4474
FAC-04998,PROV-0357,"10241,53",Finanzas,30/8/2025,SKU-8788
FAC-05000,PROV-0223,"1384,35",Finanzas,3/1/2025,SKU-7552
FAC-05002,PROV-0504,"9446,41",Finanzas,24/10/2025,SKU-2918
FAC-05005,PROV-0748,"5292,84",Finanzas,25/11/2025,SKU-7781
FAC-05009,PROV-0475,"3911,76",Finanzas,19/2/2025,SKU-1322
FAC-05017,PROV-0720,"4899,73",Finanzas,31/7/2025,SKU-9859
FAC-05019,PROV-0962,"13803,94",Finanzas,19/6/2025,SKU-5922
FAC-05021,PROV-0273,"13065,58",Finanzas,7/3/2025,SKU-9765
FAC-05027,PROV-0617,"11699,53",Finanzas,24/6/2025,SKU-4324
FAC-05029,PROV-0668,"861,76",Finanzas,24/3/2025,SKU-8106
FAC-05033,PROV-0668,"1258,27",Finanzas,7/2/2025,SKU-1620
FAC-05036,PROV-0287,"396,46",Finanzas,27/2/2025,SKU-7630
FAC-05042,PROV-0527,"9943,96",Finanzas,4/5/2025,SKU-4441
FAC-05045,PROV-0079,"2657,97",Finanzas,30/8/2025,SKU-5752
FAC-05051,PROV-0707,"9149,95",Finanzas,19/7/2025,SKU-4290
FAC-05061,PROV-0309,"13143,81",Finanzas,21/1/2025,SKU-1722
FAC-05077,PROV-0242,"14665,37",Finanzas,19/12/2025,SKU-5248
FAC-05093,PROV-0916,"9822,25",Finanzas,22/8/2025,SKU-5596
FAC-05097,PROV-0217,"8647,71",Finanzas,25/11/2025,SKU-8387
FAC-05114,PROV-0670,"13268,64",Finanzas,6/8/2025,SKU-8313
FAC-05125,PROV-0973,"6866,47",Finanzas,23/2/2025,SKU-8289
FAC-05127,PROV-0210,"9709,24",Finanzas,17/5/2025,SKU-9719
FAC-05140,PROV-0957,"3246,79",Finanzas,28/10/2025,SKU-4461
FAC-05141,PROV-0926,"3310,51",Finanzas,6/4/2025,SKU-2788
FAC-05147,PROV-0501,"3176,53",Finanzas,12/6/2025,SKU-4567
FAC-05148,PROV-0790,"2707,83",Finanzas,18/10/2025,SKU-2615
FAC-05164,PROV-0432,"5225,33",Finanzas,26/5/2025,SKU-3917
FAC-05171,PROV-0079,"13035,76",Finanzas,16/2/2025,SKU-2944
FAC-05187,PROV-0208,"9583,59",Finanzas,1/10/2025,SKU-3983
FAC-05192,PROV-0248,"11810,28",Finanzas,25/7/2025,SKU-8924
FAC-05194,PROV-0614,"2089,28",Finanzas,5/4/2025,SKU-4983
FAC-05195,PROV-0767,"7907,88",Finanzas,9/12/2025,SKU-8581
FAC-05197,PROV-0697,"12916,43",Finanzas,16/5/2025,SKU-1847
FAC-05199,PROV-0270,"447,95",Finanzas,13/11/2025,SKU-9746
FAC-05202,PROV-0149,"9258,52",Finanzas,6/12/2025,SKU-1343
FAC-05203,PROV-0883,"6672,47",Finanzas,13/9/2025,SKU-3969
FAC-05205,PROV-0497,"1668,96",Finanzas,1/10/2025,SKU-7635
FAC-05215,PROV-0516,"10435,62",Finanzas,12/7/2025,SKU-1548
FAC-05224,PROV-0926,"14381,38",Finanzas,10/1/2025,SKU-1674
FAC-05238,PROV-0601,"7819,25",Finanzas,13/3/2025,SKU-3211
FAC-05240,PROV-0755,"10289,95",Finanzas,2/6/2025,SKU-6191
FAC-05242,PROV-0749,"3495,16",Finanzas,9/10/2025,SKU-1110
FAC-05246,PROV-0595,"741,11",Finanzas,6/10/2025,SKU-6053
FAC-05247,PROV-0325,"1903,34",Finanzas,27/4/2025,SKU-3385
FAC-05257,PROV-0505,"11768,54",Finanzas,7/7/2025,SKU-4385
FAC-05260,PROV-0202,"7722,16",Finanzas,23/10/2025,SKU-6889
FAC-05274,PROV-0373,"2142,23",Finanzas,22/9/2025,SKU-8525
FAC-05278,PROV-0673,"12125,61",Finanzas,16/6/2025,SKU-8640
FAC-05280,PROV-0506,"10320,39",Finanzas,18/9/2025,SKU-1949
FAC-05284,PROV-0745,"12985,23",Finanzas,20/6/2025,SKU-4746
FAC-05287,PROV-0698,"3276,64",Finanzas,25/3/2025,SKU-2555
FAC-05292,PROV-0624,"868,79",Finanzas,30/9/2025,SKU-2499
FAC-05295,PROV-0474,"7718,3",Finanzas,30/12/2025,SKU-2007
FAC-05299,PROV-0235,"5080,83",Finanzas,17/2/2025,SKU-3154
FAC-05303,PROV-0559,"14487,83",Finanzas,12/8/2025,SKU-3870
FAC-05308,PROV-0729,"4477,33",Finanzas,20/5/2025,SKU-3827
FAC-05310,PROV-0634,"14402,5",Finanzas,23/2/2025,SKU-9039
FAC-05316,PROV-0390,"2055,65",Finanzas,23/11/2025,SKU-8805
FAC-05318,PROV-0601,"10692,46",Finanzas,7/2/2025,SKU-4115
FAC-05322,PROV-0091,"7160,47",Finanzas,17/2/2025,SKU-3978
FAC-05332,PROV-0465,"10464,81",Finanzas,13/12/2025,SKU-7063
FAC-05333,PROV-0351,"6576,02",Finanzas,17/10/2025,SKU-2062
FAC-05345,PROV-0627,"8151,41",Finanzas,16/5/2025,SKU-4617
FAC-05346,PROV-0028,"6570,17",Finanzas,4/12/2025,SKU-6728
FAC-05349,PROV-0553,"4923,01",Finanzas,14/3/2025,SKU-2188
FAC-05350,PROV-0411,"12298,04",Finanzas,24/1/2025,SKU-3788
FAC-05359,PROV-0011,"10551,88",Finanzas,1/9/2025,SKU-4630
FAC-05362,PROV-0230,"9403,35",Finanzas,18/9/2025,SKU-2304
FAC-05366,PROV-0037,"9323,97",Finanzas,29/12/2025,SKU-4467
FAC-05367,PROV-0733,"6676,96",Finanzas,24/1/2025,SKU-6250
FAC-05376,PROV-0407,"12772,89",Finanzas,23/9/2025,SKU-1583
FAC-05380,PROV-0303,"516,87",Finanzas,8/11/2025,SKU-8937
FAC-05385,PROV-0288,"2460,59",Finanzas,15/1/2025,SKU-8925
FAC-05389,PROV-0693,"453,59",Finanzas,26/8/2025,SKU-4811
FAC-05398,PROV-0295,12664,Finanzas,1/5/2025,SKU-4491
FAC-05403,PROV-0216,"5861,04",Finanzas,5/10/2025,SKU-5478
FAC-05405,PROV-0357,"3882,99",Finanzas,7/8/2025,SKU-7606
FAC-05410,PROV-0920,"11089,05",Finanzas,21/9/2025,SKU-9316
FAC-05412,PROV-0014,"2318,6",Finanzas,11/8/2025,SKU-5437
FAC-05415,PROV-0121,"7339,17",Finanzas,2/1/2025,SKU-9001
FAC-05432,PROV-0465,"8292,11",Finanzas,21/7/2025,SKU-6087
FAC-05442,PROV-0203,"2586,28",Finanzas,20/10/2025,SKU-6681
FAC-05443,PROV-0872,"14462,98",Finanzas,9/11/2025,SKU-9930
FAC-05444,PROV-0093,"12538,33",Finanzas,5/10/2025,SKU-9690
FAC-05450,PROV-0165,"1417,47",Finanzas,17/10/2025,SKU-5926
FAC-05456,PROV-0565,"979,2",Finanzas,21/1/2025,SKU-8850
FAC-05458,PROV-0823,"9513,73",Finanzas,2/5/2025,SKU-6452
FAC-05459,PROV-0388,"9674,36",Finanzas,13/12/2025,SKU-5713
FAC-05465,PROV-0477,"14857,84",Finanzas,10/1/2025,SKU-7746
FAC-05476,PROV-1000,"1688,74",Finanzas,13/12/2025,SKU-6391
FAC-05480,PROV-0357,"2173,19",Finanzas,20/11/2025,SKU-5858
FAC-05481,PROV-0647,"11037,72",Finanzas,8/7/2025,SKU-9866
FAC-05487,PROV-0814,"3978,95",Finanzas,27/4/2025,SKU-3488
FAC-05492,PROV-0177,"5497,6",Finanzas,8/4/2025,SKU-2460
FAC-05499,PROV-0553,"11071,56",Finanzas,27/11/2025,SKU-9485
FAC-05504,PROV-0976,"11789,79",Finanzas,21/9/2025,SKU-4643
FAC-05505,PROV-0704,"12330,63",Finanzas,23/4/2025,SKU-6799
FAC-05508,PROV-0701,"10460,19",Finanzas,22/9/2025,SKU-5624
FAC-05513,PROV-0933,"3405,4",Finanzas,26/10/2025,SKU-4570
FAC-05520,PROV-0940,"12631,7",Finanzas,14/8/2025,SKU-9564
FAC-05529,PROV-0782,"7736,14",Finanzas,9/6/2025,SKU-6240
FAC-05530,PROV-0509,"11346,98",Finanzas,4/11/2025,SKU-8059
FAC-05536,PROV-0586,"4887,06",Finanzas,23/5/2025,SKU-2146
FAC-05538,PROV-0125,"13271,78",Finanzas,19/1/2025,SKU-4530
FAC-05542,PROV-0283,"14118,17",Finanzas,18/8/2025,SKU-8350
FAC-05544,PROV-0363,"9296,89",Finanzas,30/3/2025,SKU-6412
FAC-05545,PROV-0646,"221,1",Finanzas,17/8/2025,SKU-4005
FAC-05550,PROV-0993,"8040,28",Finanzas,2/3/2025,SKU-1919
FAC-05558,PROV-0144,"4076,49",Finanzas,25/1/2025,SKU-3825
FAC-05560,PROV-0348,"4951,29",Finanzas,4/2/2025,SKU-1489
FAC-05569,PROV-0059,"4041,33",Finanzas,2/12/2025,SKU-1193
FAC-05572,PROV-0181,"9065,14",Finanzas,28/3/2025,SKU-1568
FAC-05577,PROV-0234,"1853,32",Finanzas,16/10/2025,SKU-9657
FAC-05582,PROV-0764,"3163,97",Finanzas,5/6/2025,SKU-8851
FAC-05614,PROV-0318,"1435,45",Finanzas,23/8/2025,SKU-4656
FAC-05629,PROV-0099,"8061,05",Finanzas,10/10/2025,SKU-1194
FAC-05632,PROV-0608,"7706,26",Finanzas,20/8/2025,SKU-4931
FAC-05637,PROV-0542,"6761,29",Finanzas,18/7/2025,SKU-6775
FAC-05640,PROV-0955,"14633,62",Finanzas,11/12/2025,SKU-5885
FAC-05650,PROV-0844,"8658,87",Finanzas,6/1/2025,SKU-4744
FAC-05651,PROV-0109,"8323,72",Finanzas,9/11/2025,SKU-9242
FAC-05653,PROV-0249,"11275,41",Finanzas,19/6/2025,SKU-9011
FAC-05655,PROV-0729,"7294,15",Finanzas,14/7/2025,SKU-9207
FAC-05656,PROV-0643,"11006,76",Finanzas,4/8/2025,SKU-2992
FAC-05657,PROV-0503,"5384,06",Finanzas,28/2/2025,SKU-7367
FAC-05658,PROV-0154,"4617,74",Finanzas,5/6/2025,SKU-2868
FAC-05665,PROV-0838,"3767,91",Finanzas,13/2/2025,SKU-1199
FAC-05669,PROV-0977,"14972,99",Finanzas,11/11/2025,SKU-5703
FAC-05679,PROV-0393,"3837,1",Finanzas,22/10/2025,SKU-9094
FAC-05681,PROV-0642,"383,49",Finanzas,30/1/2025,SKU-5502
FAC-05684,PROV-0721,"14887,25",Finanzas,13/3/2025,SKU-5545
FAC-05689,PROV-0205,"13483,9",Finanzas,22/8/2025,SKU-5088
FAC-05693,PROV-0796,"5255,88",Finanzas,10/6/2025,SKU-9578
FAC-05697,PROV-0652,"11599,76",Finanzas,26/9/2025,SKU-6982
FAC-05702,PROV-0676,"2431,92",Finanzas,28/9/2025,SKU-5832
FAC-05706,PROV-0745,"1972,94",Finanzas,29/5/2025,SKU-4922
FAC-05711,PROV-0460,"4027,27",Finanzas,13/12/2025,SKU-6200
FAC-05712,PROV-0777,"7694,45",Finanzas,11/2/2025,SKU-7723
FAC-05714,PROV-0655,"4345,92",Finanzas,7/5/2025,SKU-1430
FAC-05715,PROV-0576,"865,3",Finanzas,9/9/2025,SKU-4309
FAC-05722,PROV-0863,"4086,91",Finanzas,7/11/2025,SKU-8914
FAC-05733,PROV-0615,"896,08",Finanzas,6/5/2025,SKU-2409
FAC-05747,PROV-0214,12223,Finanzas,15/12/2025,SKU-7366
FAC-05754,PROV-0013,"13859,35",Finanzas,12/7/2025,SKU-1931
FAC-05758,PROV-0558,"3339,35",Finanzas,19/5/2025,SKU-6273
FAC-05767,PROV-0022,"14337,85",Finanzas,12/12/2025,SKU-4647
FAC-05770,PROV-0345,"657,67",Finanzas,6/11/2025,SKU-6134
FAC-05772,PROV-0871,"4720,9",Finanzas,20/11/2025,SKU-6682
FAC-05774,PROV-0838,"233,25",Finanzas,18/8/2025,SKU-6803
FAC-05778,PROV-0220,"8274,56",Finanzas,13/11/2025,SKU-9395
FAC-05788,PROV-0899,"11166,77",Finanzas,24/3/2025,SKU-7148
FAC-05796,PROV-0758,"12355,76",Finanzas,10/12/2025,SKU-8267
FAC-05802,PROV-0721,"5476,84",Finanzas,14/2/2025,SKU-2022
FAC-05808,PROV-0804,"14309,54",Finanzas,11/10/2025,SKU-4715
FAC-05817,PROV-0874,"8655,36",Finanzas,28/2/2025,SKU-5522
FAC-05818,PROV-0139,"7307,57",Finanzas,6/5/2025,SKU-7132
FAC-05819,PROV-0123,"8980,35",Finanzas,16/12/2025,SKU-9761
FAC-05825,PROV-0154,"8241,71",Finanzas,14/8/2025,SKU-6476
FAC-05839,PROV-0745,"2989,43",Finanzas,23/11/2025,SKU-6687
FAC-05844,PROV-0354,"9253,1",Finanzas,20/10/2025,SKU-2387
FAC-05846,PROV-0660,"1833,77",Finanzas,24/11/2025,SKU-6208
FAC-05847,PROV-0573,"7756,37",Finanzas,26/1/2025,SKU-4089
FAC-05866,PROV-0771,"5656,19",Finanzas,13/5/2025,SKU-1368
FAC-05869,PROV-0581,"6236,69",Finanzas,22/1/2025,SKU-3984
FAC-05876,PROV-0406,"1688,89",Finanzas,10/12/2025,SKU-2624
FAC-05879,PROV-0575,"13290,33",Finanzas,19/3/2025,SKU-6717
FAC-05881,PROV-0130,"7778,62",Finanzas,3/8/2025,SKU-5722
FAC-05888,PROV-0562,"5247,49",Finanzas,6/6/2025,SKU-5516
FAC-05901,PROV-0257,"5601,22",Finanzas,27/6/2025,SKU-9656
FAC-05903,PROV-0791,"3703,29",Finanzas,27/7/2025,SKU-1638
FAC-05913,PROV-0053,"10130,73",Finanzas,5/4/2025,SKU-7293
FAC-05922,PROV-0441,"8803,67",Finanzas,21/7/2025,SKU-6985
FAC-05923,PROV-0681,"2676,79",Finanzas,11/1/2025,SKU-7587
FAC-05931,PROV-0502,"10880,23",Finanzas,30/5/2025,SKU-7605
FAC-05946,PROV-0158,"3881,53",Finanzas,8/3/2025,SKU-8584
FAC-05947,PROV-0775,"12457,24",Finanzas,3/4/2025,SKU-6819
FAC-05949,PROV-0944,"11890,97",Finanzas,17/9/2025,SKU-5485
FAC-05973,PROV-0932,"2191,65",Finanzas,20/7/2025,SKU-5026
FAC-05977,PROV-0388,"8781,73",Finanzas,6/7/2025,SKU-2345
FAC-05986,PROV-0995,"13217,04",Finanzas,7/8/2025,SKU-8776
FAC-05989,PROV-0500,"11273,42",Finanzas,20/6/2025,SKU-2750
FAC-05996,PROV-0543,"8644,07",Finanzas,13/2/2025,SKU-2257
FAC-06001,PROV-0897,"3717,2",Finanzas,16/1/2025,SKU-3552
FAC-06002,PROV-0799,"14915,69",Finanzas,30/5/2025,SKU-7598
FAC-06004,PROV-0879,"10262,05",Finanzas,8/11/2025,SKU-6724
FAC-06008,PROV-0421,"8835,12",Finanzas,11/1/2025,SKU-8742
FAC-06020,PROV-0875,"11971,1",Finanzas,7/5/2025,SKU-1871
FAC-06022,PROV-0643,"7719,15",Finanzas,3/11/2025,SKU-4934
FAC-06024,PROV-0849,"14445,58",Finanzas,18/12/2025,SKU-5020
FAC-06027,PROV-0124,"10060,76",Finanzas,11/3/2025,SKU-9305
FAC-06035,PROV-0964,"807,43",Finanzas,27/9/2025,SKU-6542
FAC-06038,PROV-0594,"12932,64",Finanzas,2/2/2025,SKU-7034
FAC-06044,PROV-0563,"1992,99",Finanzas,1/10/2025,SKU-3534
FAC-06055,PROV-0168,"8677,93",Finanzas,9/10/2025,SKU-8563
FAC-06056,PROV-0249,"12314,82",Finanzas,20/3/2025,SKU-2425
FAC-06058,PROV-0738,"1979,6",Finanzas,22/1/2025,SKU-7185
FAC-06066,PROV-0715,"3636,02",Finanzas,4/12/2025,SKU-3329
FAC-06074,PROV-0954,"11075,33",Finanzas,11/7/2025,SKU-5884
FAC-06075,PROV-0848,"13559,85",Finanzas,9/1/2025,SKU-1944
FAC-06089,PROV-0045,"12362,11",Finanzas,5/8/2025,SKU-2377
FAC-06091,PROV-0514,"4998,42",Finanzas,1/6/2025,SKU-4770
FAC-06095,PROV-0472,"9179,04",Finanzas,7/5/2025,SKU-1717
FAC-06102,PROV-0140,"2801,68",Finanzas,15/7/2025,SKU-3418
FAC-06108,PROV-0726,"4746,93",Finanzas,1/4/2025,SKU-5626
FAC-06116,PROV-0358,"6369,71",Finanzas,4/4/2025,SKU-2388
FAC-06122,PROV-0847,"5557,44",Finanzas,12/10/2025,SKU-8782
FAC-06129,PROV-0643,"2954,19",Finanzas,26/7/2025,SKU-3672
FAC-06136,PROV-0292,"6187,48",Finanzas,17/5/2025,SKU-4846
FAC-06138,PROV-0158,"850,01",Finanzas,28/4/2025,SKU-4538
FAC-06149,PROV-0939,"9806,4",Finanzas,12/7/2025,SKU-6535
FAC-06152,PROV-0272,"4540,21",Finanzas,22/2/2025,SKU-2254
FAC-06154,PROV-0635,"12919,19",Finanzas,13/9/2025,SKU-8795
FAC-06157,PROV-0942,9625,Finanzas,23/4/2025,SKU-2850
FAC-06161,PROV-0592,"12352,5",Finanzas,21/7/2025,SKU-4874
FAC-06165,PROV-0196,"7000,07",Finanzas,21/11/2025,SKU-8774
FAC-06174,PROV-0017,"5117,51",Finanzas,7/11/2025,SKU-3290
FAC-06178,PROV-0633,"321,8",Finanzas,27/9/2025,SKU-2312
FAC-06215,PROV-0700,"9575,56",Finanzas,13/8/2025,SKU-4807
FAC-06235,PROV-0615,"758,11",Finanzas,15/2/2025,SKU-3542
FAC-06240,PROV-0071,"2133,72",Finanzas,6/4/2025,SKU-4564
FAC-06249,PROV-0934,"5608,14",Finanzas,9/11/2025,SKU-3538
FAC-06251,PROV-0701,"7159,19",Finanzas,3/5/2025,SKU-2786
FAC-06262,PROV-0185,"412,2",Finanzas,16/6/2025,SKU-7182
FAC-06273,PROV-0930,"2111,36",Finanzas,13/10/2025,SKU-3356
FAC-06274,PROV-0905,"5897,27",Finanzas,23/4/2025,SKU-1481
FAC-06280,PROV-0091,"3083,55",Finanzas,12/12/2025,SKU-9680
FAC-06281,PROV-0633,"4235,45",Finanzas,4/4/2025,SKU-3323
FAC-06295,PROV-0867,"4104,63",Finanzas,13/11/2025,SKU-4674
FAC-06300,PROV-0631,"8884,94",Finanzas,17/11/2025,SKU-4053
FAC-06304,PROV-0702,"3294,93",Finanzas,29/12/2025,SKU-3902
FAC-06319,PROV-0987,"13721,46",Finanzas,21/4/2025,SKU-8190
FAC-06324,PROV-0552,"12533,06",Finanzas,27/1/2025,SKU-5512
FAC-06338,PROV-0061,"10991,3",Finanzas,13/11/2025,SKU-5154
FAC-06339,PROV-0653,"404,47",Finanzas,1/12/2025,SKU-3814
FAC-06341,PROV-0740,"4168,73",Finanzas,11/3/2025,SKU-8997
FAC-06342,PROV-0013,"8418,34",Finanzas,21/6/2025,SKU-7474
FAC-06347,PROV-0884,"13808,17",Finanzas,31/7/2025,SKU-3674
FAC-06350,PROV-0758,"12641,99",Finanzas,5/6/2025,SKU-7177
FAC-06355,PROV-0920,"2893,53",Finanzas,28/8/2025,SKU-7087
FAC-06362,PROV-0649,"13907,69",Finanzas,12/12/2025,SKU-4320
FAC-06366,PROV-0450,"1943,49",Finanzas,2/8/2025,SKU-8288
FAC-06373,PROV-0414,"1066,58",Finanzas,19/4/2025,SKU-9360
FAC-06377,PROV-0384,"4502,73",Finanzas,20/4/2025,SKU-3933
FAC-06383,PROV-0647,"698,78",Finanzas,22/7/2025,SKU-4656
FAC-06396,PROV-0075,"3273,06",Finanzas,30/11/2025,SKU-3193
FAC-06398,PROV-0579,"6179,22",Finanzas,3/1/2025,SKU-8478
FAC-06402,PROV-0093,"11457,31",Finanzas,6/11/2025,SKU-3917
FAC-06404,PROV-0086,"10512,71",Finanzas,12/3/2025,SKU-7894
FAC-06408,PROV-0840,"13991,52",Finanzas,25/5/2025,SKU-9723
FAC-06410,PROV-0722,"6879,48",Finanzas,31/1/2025,SKU-3725
FAC-06420,PROV-0092,"12185,89",Finanzas,18/2/2025,SKU-3681
FAC-06431,PROV-0565,"11928,92",Finanzas,10/9/2025,SKU-1729
FAC-06434,PROV-0228,"11674,18",Finanzas,18/9/2025,SKU-7278
FAC-06452,PROV-0369,"12772,07",Finanzas,4/2/2025,SKU-2416
FAC-06453,PROV-0114,"6363,77",Finanzas,2/9/2025,SKU-2895
FAC-06456,PROV-0349,"11247,55",Finanzas,21/8/2025,SKU-4574
FAC-06460,PROV-0051,"14995,04",Finanzas,18/10/2025,SKU-3314
FAC-06472,PROV-0611,"7387,14",Finanzas,7/11/2025,SKU-6136
FAC-06484,PROV-0217,"9253,13",Finanzas,4/5/2025,SKU-8513
FAC-06493,PROV-0416,"4770,67",Finanzas,4/2/2025,SKU-2419
FAC-06502,PROV-0443,"10749,15",Finanzas,8/4/2025,SKU-6091
FAC-06507,PROV-0558,"1392,79",Finanzas,2/5/2025,SKU-9536
FAC-06509,PROV-0951,"11471,06",Finanzas,4/7/2025,SKU-4703
FAC-06517,PROV-0609,"13077,6",Finanzas,3/3/2025,SKU-3058
FAC-06519,PROV-0600,"14788,58",Finanzas,16/3/2025,SKU-4082
FAC-06524,PROV-0081,"3244,17",Finanzas,29/5/2025,SKU-1191
FAC-06530,PROV-0918,"12687,49",Finanzas,18/9/2025,SKU-9186
FAC-06535,PROV-0215,"5296,03",Finanzas,7/7/2025,SKU-7155
FAC-06541,PROV-0811,"12576,84",Finanzas,14/2/2025,SKU-2726
FAC-06545,PROV-0790,"2802,65",Finanzas,10/7/2025,SKU-5667
FAC-06560,PROV-0048,"9102,91",Finanzas,24/7/2025,SKU-9445
FAC-06561,PROV-0174,"5744,73",Finanzas,24/7/2025,SKU-1292
FAC-06562,PROV-0416,"11745,77",Finanzas,30/3/2025,SKU-4305
FAC-06568,PROV-0267,420,Finanzas,6/8/2025,SKU-7667
FAC-06577,PROV-0809,"9142,18",Finanzas,2/10/2025,SKU-2517
FAC-06582,PROV-0254,"7965,5",Finanzas,19/6/2025,SKU-4206
FAC-06583,PROV-0023,"13517,12",Finanzas,12/7/2025,SKU-1779
FAC-06588,PROV-0080,"5757,3",Finanzas,16/10/2025,SKU-9398
FAC-06597,PROV-0504,"6904,38",Finanzas,25/3/2025,SKU-1546
FAC-06604,PROV-0688,"5463,64",Finanzas,14/5/2025,SKU-6614
FAC-06611,PROV-0723,"1136,22",Finanzas,20/7/2025,SKU-4211
FAC-06616,PROV-0511,"10741,33",Finanzas,12/4/2025,SKU-4887
FAC-06618,PROV-0352,"5726,18",Finanzas,7/4/2025,SKU-9003
FAC-06628,PROV-0689,585,Finanzas,20/5/2025,SKU-9683
FAC-06629,PROV-0854,"2105,97",Finanzas,23/12/2025,SKU-9968
FAC-06632,PROV-0071,"2947,24",Finanzas,19/12/2025,SKU-9319
FAC-06642,PROV-0973,"4526,28",Finanzas,21/10/2025,SKU-1060
FAC-06651,PROV-0312,"7282,12",Finanzas,24/7/2025,SKU-4928
FAC-06656,PROV-0936,"9674,91",Finanzas,15/2/2025,SKU-3953
FAC-06661,PROV-0563,"3522,42",Finanzas,9/10/2025,SKU-2443
FAC-06666,PROV-0583,"1656,92",Finanzas,19/5/2025,SKU-9936
FAC-06673,PROV-0893,"11650,66",Finanzas,14/5/2025,SKU-6136
FAC-06676,PROV-0944,"1052,7",Finanzas,11/5/2025,SKU-1249
FAC-06680,PROV-0124,"10750,03",Finanzas,24/4/2025,SKU-2440
FAC-06690,PROV-0929,"3882,65",Finanzas,20/7/2025,SKU-4886
FAC-06694,PROV-0289,"4169,78",Finanzas,26/11/2025,SKU-5160
FAC-06698,PROV-0829,"10894,94",Finanzas,9/8/2025,SKU-3672
FAC-06708,PROV-0334,"14119,78",Finanzas,10/1/2025,SKU-5310
FAC-06713,PROV-0201,"1591,95",Finanzas,11/11/2025,SKU-9580
FAC-06715,PROV-0827,"4736,51",Finanzas,8/12/2025,SKU-5943
FAC-06723,PROV-0606,"12473,25",Finanzas,12/1/2025,SKU-5013
FAC-06724,PROV-0641,"12069,8",Finanzas,26/1/2025,SKU-7484
FAC-06727,PROV-0223,"10982,11",Finanzas,12/8/2025,SKU-9629
FAC-06728,PROV-0448,"12352,33",Finanzas,6/1/2025,SKU-3172
FAC-06732,PROV-0246,"4426,28",Finanzas,20/3/2025,SKU-3143
FAC-06757,PROV-0330,"5514,72",Finanzas,8/4/2025,SKU-2429
FAC-06761,PROV-0271,"5157,3",Finanzas,28/11/2025,SKU-2981
FAC-06773,PROV-0317,"4275,56",Finanzas,28/3/2025,SKU-1297
FAC-06777,PROV-0991,"1809,51",Finanzas,10/2/2025,SKU-4413
FAC-06794,PROV-0794,"3035,95",Finanzas,3/7/2025,SKU-1603
FAC-06795,PROV-0687,"13972,69",Finanzas,5/11/2025,SKU-7914
FAC-06796,PROV-0629,"12552,55",Finanzas,6/8/2025,SKU-4876
FAC-06798,PROV-0615,"2159,03",Finanzas,25/6/2025,SKU-9862
FAC-06805,PROV-0532,"7570,51",Finanzas,21/6/2025,SKU-3354
FAC-06813,PROV-0340,"2779,9",Finanzas,3/7/2025,SKU-1199
FAC-06815,PROV-0548,"8095,71",Finanzas,5/5/2025,SKU-3785
FAC-06818,PROV-0149,"3309,62",Finanzas,2/1/2025,SKU-9553
FAC-06825,PROV-0824,"7624,08",Finanzas,26/9/2025,SKU-9415
FAC-06829,PROV-0938,"3749,86",Finanzas,27/12/2025,SKU-2534
FAC-06830,PROV-0109,"1193,18",Finanzas,14/2/2025,SKU-6237
FAC-06840,PROV-0225,"1405,71",Finanzas,2/1/2025,SKU-1228
FAC-06851,PROV-0502,"13524,91",Finanzas,31/12/2025,SKU-4182
FAC-06859,PROV-0639,"7243,32",Finanzas,20/6/2025,SKU-6692
FAC-06860,PROV-0229,"14575,71",Finanzas,21/7/2025,SKU-5496
FAC-06867,PROV-0321,"10226,9",Finanzas,28/6/2025,SKU-8640
FAC-06869,PROV-0975,"7421,66",Finanzas,8/5/2025,SKU-9299
FAC-06871,PROV-0242,"1358,59",Finanzas,14/11/2025,SKU-8565
FAC-06874,PROV-0189,"3476,17",Finanzas,13/2/2025,SKU-6174
FAC-06884,PROV-0122,"11325,03",Finanzas,22/6/2025,SKU-4334
FAC-06889,PROV-0700,"6785,33",Finanzas,20/11/2025,SKU-1733
FAC-06890,PROV-0836,"1264,69",Finanzas,5/6/2025,SKU-1304
FAC-06891,PROV-0540,"11290,34",Finanzas,4/2/2025,SKU-3482
FAC-06902,PROV-0062,"8298,97",Finanzas,12/6/2025,SKU-4119
FAC-06906,PROV-0467,"12444,92",Finanzas,22/7/2025,SKU-4256
FAC-06925,PROV-0328,"6782,65",Finanzas,5/4/2025,SKU-1870
FAC-06928,PROV-0927,"3900,53",Finanzas,27/8/2025,SKU-1527
FAC-06942,PROV-0476,"2546,32",Finanzas,13/2/2025,SKU-8059
FAC-06943,PROV-0507,"1242,18",Finanzas,22/7/2025,SKU-8908
FAC-06947,PROV-0505,"12049,17",Finanzas,5/5/2025,SKU-1356
FAC-06949,PROV-0799,"4832,46",Finanzas,23/1/2025,SKU-5440
FAC-06960,PROV-0721,"14182,62",Finanzas,20/11/2025,SKU-9496
FAC-06969,PROV-0993,"14423,11",Finanzas,17/11/2025,SKU-5570
FAC-06972,PROV-0158,"4113,46",Finanzas,30/4/2025,SKU-1392
FAC-06992,PROV-0767,"1922,12",Finanzas,27/2/2025,SKU-6725
FAC-06994,PROV-0232,"7390,56",Finanzas,2/12/2025,SKU-3464
FAC-06995,PROV-0765,"11282,82",Finanzas,21/10/2025,SKU-2564
FAC-07002,PROV-0573,"10970,23",Finanzas,30/4/2025,SKU-1633
FAC-07007,PROV-0303,"2624,52",Finanzas,10/6/2025,SKU-6346
FAC-07009,PROV-0609,"11908,79",Finanzas,19/10/2025,SKU-9515
FAC-07012,PROV-0305,"6254,16",Finanzas,30/1/2025,SKU-8521
FAC-07013,PROV-0867,"11285,48",Finanzas,29/7/2025,SKU-4554
FAC-07015,PROV-0161,"5040,61",Finanzas,18/7/2025,SKU-9786
FAC-07028,PROV-0753,"14716,22",Finanzas,22/6/2025,SKU-8404
FAC-07038,PROV-0544,"2180,58",Finanzas,22/2/2025,SKU-8813
FAC-07043,PROV-0195,"6765,12",Finanzas,22/1/2025,SKU-8352
FAC-07045,PROV-0806,"11692,55",Finanzas,14/4/2025,SKU-1586
FAC-07046,PROV-0005,"4384,35",Finanzas,21/10/2025,SKU-1178
FAC-07077,PROV-0165,"7715,48",Finanzas,19/7/2025,SKU-3545
FAC-07085,PROV-0222,"7037,35",Finanzas,25/5/2025,SKU-4241
FAC-07100,PROV-0149,"8983,83",Finanzas,29/9/2025,SKU-6654
FAC-07103,PROV-0541,"6120,63",Finanzas,4/7/2025,SKU-9208
FAC-07115,PROV-0311,"293,31",Finanzas,28/1/2025,SKU-1075
FAC-07119,PROV-0205,"9675,63",Finanzas,5/7/2025,SKU-6121
FAC-07120,PROV-0494,"12947,18",Finanzas,18/4/2025,SKU-5396
FAC-07130,PROV-0501,"13728,53",Finanzas,12/7/2025,SKU-9346
FAC-07134,PROV-0458,"2899,95",Finanzas,12/8/2025,SKU-8045
FAC-07138,PROV-0012,"5178,83",Finanzas,22/6/2025,SKU-6306
FAC-07144,PROV-0423,"13384,57",Finanzas,28/7/2025,SKU-6339
FAC-07146,PROV-0149,"10663,08",Finanzas,12/1/2025,SKU-3278
FAC-07156,PROV-0411,"10045,82",Finanzas,29/8/2025,SKU-8535
FAC-07159,PROV-0858,"3331,35",Finanzas,20/10/2025,SKU-5985
FAC-07167,PROV-0510,"9276,11",Finanzas,24/2/2025,SKU-1262
FAC-07174,PROV-0761,"8230,52",Finanzas,5/8/2025,SKU-5400
FAC-07176,PROV-0383,"352,21",Finanzas,8/8/2025,SKU-9635
FAC-07177,PROV-0568,"5220,1",Finanzas,6/12/2025,SKU-9755
FAC-07178,PROV-0237,"1388,88",Finanzas,21/7/2025,SKU-4470
FAC-07185,PROV-0141,"7820,43",Finanzas,20/2/2025,SKU-6063
FAC-07189,PROV-0339,"12173,7",Finanzas,15/11/2025,SKU-2438
FAC-07194,PROV-0459,"14098,7",Finanzas,11/10/2025,SKU-3070
FAC-07206,PROV-0816,"2667,17",Finanzas,22/6/2025,SKU-6533
FAC-07207,PROV-0175,"8549,18",Finanzas,26/5/2025,SKU-3583
FAC-07214,PROV-0349,"7955,86",Finanzas,26/8/2025,SKU-4087
FAC-07215,PROV-0558,"800,37",Finanzas,25/12/2025,SKU-7637
FAC-07222,PROV-0007,"7257,96",Finanzas,16/9/2025,SKU-4498
FAC-07227,PROV-0605,"13851,36",Finanzas,18/9/2025,SKU-6098
FAC-07237,PROV-0439,"12311,11",Finanzas,21/1/2025,SKU-6403
FAC-07245,PROV-0032,"1738,67",Finanzas,16/12/2025,SKU-6708
FAC-07260,PROV-0437,"10145,93",Finanzas,5/9/2025,SKU-5332
FAC-07262,PROV-0424,"5238,48",Finanzas,13/1/2025,SKU-9015
FAC-07264,PROV-0647,"382,92",Finanzas,20/11/2025,SKU-7328
FAC-07269,PROV-0881,"7423,15",Finanzas,6/4/2025,SKU-8360
FAC-07289,PROV-0852,"10507,52",Finanzas,15/5/2025,SKU-7463
FAC-07295,PROV-0511,"4965,96",Finanzas,2/1/2025,SKU-6054
FAC-07299,PROV-0134,"9813,18",Finanzas,6/12/2025,SKU-6514
FAC-07312,PROV-0713,"8757,97",Finanzas,15/6/2025,SKU-2057
FAC-07313,PROV-0847,"13100,46",Finanzas,3/12/2025,SKU-1057
FAC-07314,PROV-0941,"7996,06",Finanzas,30/7/2025,SKU-2401
FAC-07316,PROV-0952,"6963,51",Finanzas,30/5/2025,SKU-2872
FAC-07319,PROV-0648,"13594,05",Finanzas,26/12/2025,SKU-7697
FAC-07323,PROV-0628,"14673,84",Finanzas,16/11/2025,SKU-3746
FAC-07331,PROV-0326,"4901,52",Finanzas,21/3/2025,SKU-9897
FAC-07343,PROV-0798,"10265,82",Finanzas,2/1/2025,SKU-1899
FAC-07344,PROV-0522,"8472,09",Finanzas,6/4/2025,SKU-8940
FAC-07349,PROV-0126,"6444,15",Finanzas,9/6/2025,SKU-7054
FAC-07357,PROV-0401,"10348,43",Finanzas,10/4/2025,SKU-6603
FAC-07358,PROV-0192,"8091,79",Finanzas,23/5/2025,SKU-4875
FAC-07364,PROV-0834,"4385,86",Finanzas,9/4/2025,SKU-5588
FAC-07375,PROV-0447,"6949,79",Finanzas,15/12/2025,SKU-2584
FAC-07382,PROV-0289,"986,05",Finanzas,15/4/2025,SKU-5335
FAC-07394,PROV-0914,"11051,11",Finanzas,26/6/2025,SKU-8941
FAC-07396,PROV-0637,"14055,27",Finanzas,9/1/2025,SKU-2426
FAC-07401,PROV-0622,"2478,73",Finanzas,23/7/2025,SKU-1561
FAC-07404,PROV-0563,"11789,34",Finanzas,10/11/2025,SKU-6415
FAC-07408,PROV-0438,"3886,75",Finanzas,16/12/2025,SKU-5653
FAC-07413,PROV-0287,"4127,54",Finanzas,7/12/2025,SKU-5589
FAC-07418,PROV-0221,"5888,31",Finanzas,13/3/2025,SKU-9569
FAC-07433,PROV-0057,"12789,97",Finanzas,10/11/2025,SKU-2824
FAC-07434,PROV-0562,"13559,35",Finanzas,30/7/2025,SKU-9468
FAC-07438,PROV-0334,"12970,89",Finanzas,9/3/2025,SKU-6754
FAC-07439,PROV-0456,"14877,74",Finanzas,19/1/2025,SKU-8003
FAC-07453,PROV-0677,"2547,29",Finanzas,12/7/2025,SKU-3487
FAC-07460,PROV-0691,"6721,34",Finanzas,25/12/2025,SKU-2183
FAC-07466,PROV-0848,"3663,77",Finanzas,17/11/2025,SKU-8284
FAC-07469,PROV-0495,"2668,79",Finanzas,8/11/2025,SKU-6716
FAC-07470,PROV-0634,"1880,09",Finanzas,20/2/2025,SKU-4869
FAC-07474,PROV-0886,"4040,91",Finanzas,2/6/2025,SKU-4573
FAC-07483,PROV-0671,"3507,17",Finanzas,16/2/2025,SKU-9129
FAC-07496,PROV-0455,"940,73",Finanzas,18/8/2025,SKU-6794
FAC-07498,PROV-0446,"9601,27",Finanzas,6/7/2025,SKU-8836
FAC-07509,PROV-0347,"11171,78",Finanzas,9/2/2025,SKU-6051
FAC-07512,PROV-0948,"4652,27",Finanzas,22/6/2025,SKU-7777
FAC-07519,PROV-0991,"7192,18",Finanzas,27/6/2025,SKU-5030
FAC-07523,PROV-0531,"8133,67",Finanzas,26/2/2025,SKU-8931
FAC-07528,PROV-0036,"7938,89",Finanzas,23/8/2025,SKU-8444
FAC-07532,PROV-0403,"1915,26",Finanzas,21/6/2025,SKU-6017
FAC-07548,PROV-0603,"13185,1",Finanzas,28/5/2025,SKU-6029
FAC-07565,PROV-0554,"9064,65",Finanzas,24/12/2025,SKU-2933
FAC-07567,PROV-0084,"7610,54",Finanzas,13/7/2025,SKU-4111
FAC-07577,PROV-0235,"3021,41",Finanzas,23/4/2025,SKU-8772
FAC-07581,PROV-0295,"1089,03",Finanzas,29/4/2025,SKU-4884
FAC-07582,PROV-0469,"12240,84",Finanzas,24/2/2025,SKU-8948
FAC-07586,PROV-0164,"1204,49",Finanzas,15/12/2025,SKU-3788
FAC-07594,PROV-0741,"13471,13",Finanzas,3/12/2025,SKU-2912
FAC-07607,PROV-0199,"8828,61",Finanzas,14/12/2025,SKU-8657
FAC-07610,PROV-0452,"8751,6",Finanzas,14/4/2025,SKU-2216
FAC-07611,PROV-0686,"961,02",Finanzas,24/9/2025,SKU-6722
FAC-07612,PROV-0478,"3889,75",Finanzas,20/4/2025,SKU-9822
FAC-07617,PROV-0490,"5118,68",Finanzas,18/6/2025,SKU-6713
FAC-07628,PROV-0434,"2749,92",Finanzas,11/5/2025,SKU-6407
FAC-07630,PROV-0887,"2612,38",Finanzas,29/9/2025,SKU-6482
FAC-07636,PROV-0036,"5403,13",Finanzas,16/11/2025,SKU-1308
FAC-07639,PROV-0428,"10040,8",Finanzas,17/5/2025,SKU-7615
FAC-07642,PROV-0367,"1130,04",Finanzas,28/7/2025,SKU-1831
FAC-07660,PROV-0247,"1324,18",Finanzas,4/4/2025,SKU-4305
FAC-07663,PROV-0777,"9696,22",Finanzas,3/12/2025,SKU-2514
FAC-07665,PROV-0118,"7706,67",Finanzas,26/2/2025,SKU-9964
FAC-07670,PROV-0971,"1670,05",Finanzas,22/6/2025,SKU-3155
FAC-07677,PROV-0869,"4151,09",Finanzas,2/5/2025,SKU-1931
FAC-07681,PROV-0228,1300,Finanzas,5/3/2025,SKU-5205
FAC-07688,PROV-0589,"3368,82",Finanzas,13/6/2025,SKU-2437
FAC-07690,PROV-0726,"11378,87",Finanzas,22/10/2025,SKU-5096
FAC-07694,PROV-0820,"10519,61",Finanzas,29/10/2025,SKU-8634
FAC-07697,PROV-0304,"7894,16",Finanzas,12/5/2025,SKU-4644
FAC-07698,PROV-0564,"975,82",Finanzas,22/12/2025,SKU-2935
FAC-07708,PROV-0070,"13454,79",Finanzas,16/5/2025,SKU-9544
FAC-07718,PROV-0381,"2248,97",Finanzas,25/11/2025,SKU-4946
FAC-07726,PROV-0143,"7798,66",Finanzas,5/9/2025,SKU-5368
FAC-07728,PROV-0049,"13585,08",Finanzas,24/4/2025,SKU-4088
FAC-07730,PROV-0464,"7925,09",Finanzas,10/12/2025,SKU-3607
FAC-07736,PROV-0649,"14073,12",Finanzas,9/7/2025,SKU-9061
FAC-07737,PROV-0734,"12064,34",Finanzas,9/12/2025,SKU-9338
FAC-07739,PROV-0727,"6323,6",Finanzas,30/8/2025,SKU-1770
FAC-07742,PROV-0630,"14284,84",Finanzas,29/3/2025,SKU-1498
FAC-07744,PROV-0577,"1530,25",Finanzas,18/11/2025,SKU-9948
FAC-07752,PROV-0696,"6073,26",Finanzas,25/11/2025,SKU-9763
FAC-07753,PROV-0451,"6534,33",Finanzas,16/5/2025,SKU-9288
FAC-07754,PROV-0330,"9030,82",Finanzas,20/11/2025,SKU-8774
FAC-07763,PROV-0663,"903,88",Finanzas,26/9/2025,SKU-5516
FAC-07767,PROV-0702,"9406,98",Finanzas,9/10/2025,SKU-7940
FAC-07770,PROV-0728,5675,Finanzas,5/3/2025,SKU-9081
FAC-07771,PROV-0172,"12986,08",Finanzas,7/3/2025,SKU-8565
FAC-07773,PROV-0264,"6081,51",Finanzas,25/2/2025,SKU-6553
FAC-07792,PROV-0488,"10191,7",Finanzas,7/4/2025,SKU-7025
FAC-07794,PROV-0227,"11390,11",Finanzas,7/11/2025,SKU-6058
FAC-07806,PROV-0026,"9994,3",Finanzas,19/2/2025,SKU-1277
FAC-07824,PROV-0156,"275,18",Finanzas,1/5/2025,SKU-8826
FAC-07837,PROV-0906,"2015,48",Finanzas,2/7/2025,SKU-7731
FAC-07838,PROV-0545,"1673,28",Finanzas,1/11/2025,SKU-5671
FAC-07873,PROV-0316,"10830,54",Finanzas,16/1/2025,SKU-6778
FAC-07891,PROV-0928,"12141,3",Finanzas,16/9/2025,SKU-5709
FAC-07894,PROV-0744,"710,67",Finanzas,2/6/2025,SKU-8398
FAC-07906,PROV-0747,"14141,46",Finanzas,25/2/2025,SKU-3262
FAC-07915,PROV-0191,"3614,54",Finanzas,7/4/2025,SKU-1219
FAC-07917,PROV-0334,"5140,99",Finanzas,22/7/2025,SKU-2790
FAC-07918,PROV-0963,"4871,67",Finanzas,28/1/2025,SKU-4036
FAC-07929,PROV-0093,"6210,7",Finanzas,11/5/2025,SKU-3065
FAC-07930,PROV-0495,"13163,24",Finanzas,6/9/2025,SKU-9483
FAC-07932,PROV-0978,"7554,42",Finanzas,1/10/2025,SKU-3981
FAC-07938,PROV-0870,"9847,73",Finanzas,9/1/2025,SKU-2439
FAC-07945,PROV-0355,"6763,98",Finanzas,25/11/2025,SKU-6687
FAC-07946,PROV-0222,"9208,54",Finanzas,19/7/2025,SKU-1732
FAC-07951,PROV-0559,"9878,12",Finanzas,3/2/2025,SKU-9646
FAC-07954,PROV-0839,"5744,26",Finanzas,28/10/2025,SKU-4407
FAC-07966,PROV-0152,"4896,8",Finanzas,9/3/2025,SKU-3213
FAC-07986,PROV-0934,"4233,52",Finanzas,2/7/2025,SKU-9373
FAC-08009,PROV-0629,"6221,91",Finanzas,24/4/2025,SKU-3196
FAC-08010,PROV-0121,"4870,37",Finanzas,25/12/2025,SKU-5128
FAC-08020,PROV-0594,"12937,75",Finanzas,1/2/2025,SKU-9904
FAC-08021,PROV-0092,"13252,84",Finanzas,18/11/2025,SKU-9614
FAC-08023,PROV-0139,"13169,47",Finanzas,16/10/2025,SKU-4789
FAC-08026,PROV-0499,"2035,49",Finanzas,17/9/2025,SKU-5660
FAC-08027,PROV-0460,"1640,1",Finanzas,16/8/2025,SKU-7032
FAC-08029,PROV-0376,"2469,36",Finanzas,26/10/2025,SKU-1023
FAC-08046,PROV-0528,"9181,7",Finanzas,30/1/2025,SKU-4705
FAC-08048,PROV-0026,"13729,74",Finanzas,16/1/2025,SKU-6164
FAC-08052,PROV-0508,"886,17",Finanzas,8/3/2025,SKU-8105
FAC-08053,PROV-0094,"490,92",Finanzas,26/7/2025,SKU-4794
FAC-08076,PROV-0635,"9706,05",Finanzas,23/3/2025,SKU-5758
FAC-08091,PROV-0221,"13340,59",Finanzas,13/4/2025,SKU-4445
FAC-08099,PROV-0701,"8911,76",Finanzas,13/3/2025,SKU-9850
FAC-08103,PROV-0325,"3042,33",Finanzas,17/6/2025,SKU-9115
FAC-08115,PROV-0289,"9357,36",Finanzas,11/3/2025,SKU-6576
FAC-08119,PROV-0100,"1068,42",Finanzas,16/4/2025,SKU-4344
FAC-08120,PROV-0772,"4645,46",Finanzas,16/5/2025,SKU-6026
FAC-08129,PROV-0643,"4810,28",Finanzas,25/4/2025,SKU-3279
FAC-08132,PROV-0653,"5856,31",Finanzas,18/1/2025,SKU-1959
FAC-08133,PROV-0700,"8082,01",Finanzas,25/12/2025,SKU-3391
FAC-08139,PROV-0694,"12721,32",Finanzas,9/5/2025,SKU-4146
FAC-08157,PROV-0931,"14174,69",Finanzas,8/1/2025,SKU-1928
FAC-08162,PROV-0931,"5206,34",Finanzas,20/10/2025,SKU-4618
FAC-08163,PROV-0311,"6717,67",Finanzas,9/10/2025,SKU-6977
FAC-08165,PROV-0582,"2223,23",Finanzas,4/8/2025,SKU-8436
FAC-08171,PROV-0342,"3456,54",Finanzas,12/9/2025,SKU-7472
FAC-08173,PROV-0243,"7300,01",Finanzas,21/1/2025,SKU-1635
FAC-08177,PROV-0497,"8434,88",Finanzas,5/5/2025,SKU-7025
FAC-08182,PROV-0924,"5091,64",Finanzas,20/9/2025,SKU-9153
FAC-08186,PROV-0946,"1631,48",Finanzas,25/4/2025,SKU-7583
FAC-08188,PROV-0838,"12195,11",Finanzas,4/9/2025,SKU-3921
FAC-08202,PROV-0432,"4990,69",Finanzas,26/12/2025,SKU-8767
FAC-08206,PROV-0200,"14394,95",Finanzas,16/2/2025,SKU-3878
FAC-08211,PROV-0187,"13387,92",Finanzas,19/1/2025,SKU-6175
FAC-08214,PROV-0641,"2239,44",Finanzas,12/9/2025,SKU-1919
FAC-08215,PROV-0471,"5463,87",Finanzas,22/1/2025,SKU-9082
FAC-08222,PROV-0337,"14144,56",Finanzas,3/2/2025,SKU-6864
FAC-08230,PROV-0423,"3075,07",Finanzas,4/5/2025,SKU-6897
FAC-08243,PROV-0926,"5752,38",Finanzas,13/4/2025,SKU-2853
FAC-08247,PROV-0086,"567,38",Finanzas,16/1/2025,SKU-6281
FAC-08250,PROV-0482,"4543,21",Finanzas,11/11/2025,SKU-2958
FAC-08255,PROV-0154,"7856,35",Finanzas,27/10/2025,SKU-6473
FAC-08280,PROV-0125,"4337,06",Finanzas,19/3/2025,SKU-6676
FAC-08290,PROV-0202,"8925,97",Finanzas,4/5/2025,SKU-6710
FAC-08294,PROV-0969,"13420,22",Finanzas,8/11/2025,SKU-2308
FAC-08300,PROV-0219,"11039,87",Finanzas,8/9/2025,SKU-7796
FAC-08301,PROV-0944,"6269,34",Finanzas,19/6/2025,SKU-6349
FAC-08305,PROV-0845,"5272,13",Finanzas,24/2/2025,SKU-1244
FAC-08313,PROV-0946,"7766,58",Finanzas,22/9/2025,SKU-8740
FAC-08321,PROV-0427,"4968,34",Finanzas,20/5/2025,SKU-9199
FAC-08330,PROV-0090,"912,69",Finanzas,9/10/2025,SKU-7670
FAC-08339,PROV-0072,"1282,27",Finanzas,11/5/2025,SKU-5538
FAC-08346,PROV-0808,"14459,96",Finanzas,12/6/2025,SKU-4859
FAC-08350,PROV-0658,"11312,22",Finanzas,18/6/2025,SKU-9053
FAC-08352,PROV-0048,"6795,67",Finanzas,19/12/2025,SKU-9255
FAC-08359,PROV-0122,"2480,94",Finanzas,8/1/2025,SKU-7748
FAC-08360,PROV-0419,"14761,1",Finanzas,31/12/2025,SKU-7190
FAC-08367,PROV-0703,"10019,55",Finanzas,30/1/2025,SKU-1525
FAC-08372,PROV-0313,"9645,8",Finanzas,22/2/2025,SKU-5976
FAC-08395,PROV-0741,"14571,81",Finanzas,27/11/2025,SKU-7785
FAC-08413,PROV-0390,"6701,44",Finanzas,5/2/2025,SKU-2284
FAC-08415,PROV-0553,"13029,46",Finanzas,8/11/2025,SKU-9871
FAC-08420,PROV-0153,"10353,66",Finanzas,8/9/2025,SKU-7890
FAC-08423,PROV-0329,"2446,71",Finanzas,9/12/2025,SKU-7149
FAC-08431,PROV-0721,"12406,51",Finanzas,28/4/2025,SKU-7337
FAC-08452,PROV-0333,"7504,02",Finanzas,23/8/2025,SKU-6522
FAC-08453,PROV-0507,"4783,97",Finanzas,30/11/2025,SKU-4875
FAC-08454,PROV-0843,"832,91",Finanzas,17/11/2025,SKU-8455
FAC-08455,PROV-0574,"7205,52",Finanzas,31/7/2025,SKU-7067
FAC-08456,PROV-0122,"14121,92",Finanzas,15/12/2025,SKU-2610
FAC-08457,PROV-0022,"3843,75",Finanzas,24/2/2025,SKU-9910
FAC-08461,PROV-0652,"11271,9",Finanzas,13/8/2025,SKU-3427
FAC-08462,PROV-0100,"6265,06",Finanzas,6/8/2025,SKU-2425
FAC-08471,PROV-0195,"6427,6",Finanzas,14/9/2025,SKU-3485
FAC-08493,PROV-0573,"2629,72",Finanzas,27/3/2025,SKU-8720
FAC-08497,PROV-0400,"788,79",Finanzas,16/2/2025,SKU-2221
FAC-08499,PROV-0315,"13351,42",Finanzas,1/7/2025,SKU-1992
FAC-08504,PROV-0844,"14578,27",Finanzas,15/4/2025,SKU-8555
FAC-08506,PROV-0285,"14267,05",Finanzas,12/7/2025,SKU-5577
FAC-08511,PROV-0248,"2507,95",Finanzas,19/10/2025,SKU-8876
FAC-08525,PROV-0377,"10482,67",Finanzas,20/7/2025,SKU-5499
FAC-08531,PROV-0799,"4470,2",Finanzas,23/8/2025,SKU-6885
FAC-08533,PROV-0078,"3058,99",Finanzas,4/7/2025,SKU-5702
FAC-08534,PROV-0200,"2375,59",Finanzas,20/4/2025,SKU-3636
FAC-08535,PROV-0832,"8753,27",Finanzas,9/7/2025,SKU-2896
FAC-08541,PROV-0614,"8109,79",Finanzas,5/11/2025,SKU-4346
FAC-08546,PROV-0149,"4490,36",Finanzas,30/3/2025,SKU-1860
FAC-08552,PROV-0050,"11588,13",Finanzas,30/3/2025,SKU-8739
FAC-08567,PROV-0552,"6953,44",Finanzas,29/8/2025,SKU-9457
FAC-08572,PROV-0619,"8534,63",Finanzas,16/3/2025,SKU-4714
FAC-08576,PROV-0589,"6054,01",Finanzas,17/12/2025,SKU-5260
FAC-08583,PROV-0334,"4207,77",Finanzas,15/5/2025,SKU-8058
FAC-08598,PROV-0468,"4943,82",Finanzas,28/6/2025,SKU-1313
FAC-08604,PROV-0167,"4137,79",Finanzas,20/7/2025,SKU-5778
FAC-08610,PROV-0250,"3045,79",Finanzas,5/10/2025,SKU-4178
FAC-08613,PROV-0503,"3772,4",Finanzas,24/3/2025,SKU-6652
FAC-08619,PROV-0516,"9283,05",Finanzas,11/5/2025,SKU-5062
FAC-08624,PROV-0294,"6931,16",Finanzas,13/12/2025,SKU-1738
FAC-08625,PROV-0810,"7255,43",Finanzas,23/5/2025,SKU-4394
FAC-08639,PROV-0523,"13319,13",Finanzas,1/8/2025,SKU-4008
FAC-08643,PROV-0346,"1487,81",Finanzas,24/10/2025,SKU-1510
FAC-08646,PROV-0030,"12687,77",Finanzas,10/8/2025,SKU-8055
FAC-08648,PROV-0087,"3835,28",Finanzas,19/10/2025,SKU-2056
FAC-08666,PROV-0681,"13398,25",Finanzas,10/4/2025,SKU-4184
FAC-08669,PROV-0482,"1644,75",Finanzas,17/9/2025,SKU-2811
FAC-08674,PROV-0152,"12851,92",Finanzas,27/5/2025,SKU-1014
FAC-08692,PROV-0647,"6515,4",Finanzas,22/9/2025,SKU-2876
FAC-08698,PROV-0753,"8053,4",Finanzas,21/10/2025,SKU-9792
FAC-08704,PROV-0645,"8393,18",Finanzas,15/6/2025,SKU-3855
FAC-08718,PROV-0461,"11154,54",Finanzas,18/10/2025,SKU-4904
FAC-08719,PROV-0924,"9167,47",Finanzas,8/3/2025,SKU-7921
FAC-08723,PROV-0964,"6099,12",Finanzas,29/8/2025,SKU-8378
FAC-08729,PROV-0798,"9905,38",Finanzas,25/3/2025,SKU-4795
FAC-08732,PROV-0106,"5329,41",Finanzas,20/1/2025,SKU-6387
FAC-08734,PROV-0067,"4213,74",Finanzas,19/1/2025,SKU-7732
FAC-08736,PROV-0500,"9669,86",Finanzas,29/3/2025,SKU-6975
FAC-08740,PROV-0837,"1057,37",Finanzas,6/10/2025,SKU-7680
FAC-08743,PROV-0716,"10068,77",Finanzas,6/9/2025,SKU-9680
FAC-08754,PROV-0903,"8542,23",Finanzas,13/1/2025,SKU-6869
FAC-08760,PROV-0210,"8175,13",Finanzas,17/1/2025,SKU-1408
FAC-08763,PROV-0550,"1671,2",Finanzas,22/3/2025,SKU-3694
FAC-08771,PROV-0988,"11796,83",Finanzas,27/8/2025,SKU-4841
FAC-08780,PROV-0361,"9942,19",Finanzas,27/7/2025,SKU-4556
FAC-08800,PROV-0014,"14857,83",Finanzas,12/12/2025,SKU-6207
FAC-08805,PROV-0415,"14417,42",Finanzas,5/10/2025,SKU-9114
FAC-08807,PROV-0439,"3004,64",Finanzas,9/10/2025,SKU-4729
FAC-08810,PROV-0805,"12853,23",Finanzas,7/2/2025,SKU-9478
FAC-08816,PROV-0290,"11034,68",Finanzas,21/7/2025,SKU-2680
FAC-08823,PROV-0054,"12250,86",Finanzas,16/5/2025,SKU-3239
FAC-08838,PROV-0172,"12942,82",Finanzas,3/7/2025,SKU-2087
FAC-08848,PROV-0480,"12341,82",Finanzas,2/7/2025,SKU-9235
FAC-08859,PROV-0777,"5395,77",Finanzas,18/12/2025,SKU-4500
FAC-08860,PROV-0927,"13044,92",Finanzas,21/11/2025,SKU-6258
FAC-08866,PROV-0457,"7688,3",Finanzas,8/11/2025,SKU-4892
FAC-08893,PROV-0009,"9701,16",Finanzas,22/6/2025,SKU-8382
FAC-08901,PROV-0501,"7329,41",Finanzas,11/7/2025,SKU-7579
FAC-08914,PROV-0280,"14362,35",Finanzas,23/2/2025,SKU-2982
FAC-08915,PROV-0178,"13660,39",Finanzas,25/7/2025,SKU-4735
FAC-08919,PROV-0798,"13017,74",Finanzas,12/1/2025,SKU-6584
FAC-08929,PROV-0966,"11411,1",Finanzas,29/12/2025,SKU-6936
FAC-08933,PROV-0905,"9754,05",Finanzas,28/11/2025,SKU-4228
FAC-08944,PROV-0502,"13952,63",Finanzas,23/2/2025,SKU-4865
FAC-08945,PROV-0860,"11840,23",Finanzas,9/6/2025,SKU-8673
FAC-08956,PROV-0830,"14667,58",Finanzas,5/2/2025,SKU-6668
FAC-08964,PROV-0659,"881,39",Finanzas,30/12/2025,SKU-3434
FAC-08972,PROV-0325,"8758,87",Finanzas,7/9/2025,SKU-8548
FAC-08975,PROV-0591,"13405,82",Finanzas,20/11/2025,SKU-4917
FAC-08976,PROV-0846,"3511,99",Finanzas,12/6/2025,SKU-5025
FAC-08986,PROV-0369,"2233,09",Finanzas,25/9/2025,SKU-7022
FAC-08990,PROV-0728,"5526,3",Finanzas,9/10/2025,SKU-2134
FAC-08999,PROV-0787,"13136,41",Finanzas,25/3/2025,SKU-3683
FAC-09011,PROV-0065,"2509,35",Finanzas,25/7/2025,SKU-8669
FAC-09015,PROV-0789,"12967,72",Finanzas,17/7/2025,SKU-9725
FAC-09020,PROV-0885,"14938,19",Finanzas,27/6/2025,SKU-8399
FAC-09035,PROV-0638,"689,62",Finanzas,30/1/2025,SKU-1773
FAC-09038,PROV-0376,14981,Finanzas,17/2/2025,SKU-7127
FAC-09041,PROV-0079,"11036,36",Finanzas,13/3/2025,SKU-3469
FAC-09055,PROV-0545,"1008,44",Finanzas,28/2/2025,SKU-6691
FAC-09057,PROV-0597,"3243,7",Finanzas,9/12/2025,SKU-9644
FAC-09061,PROV-0057,"1311,28",Finanzas,13/11/2025,SKU-5693
FAC-09065,PROV-0702,"11999,69",Finanzas,9/12/2025,SKU-7299
FAC-09067,PROV-0217,"8901,09",Finanzas,20/8/2025,SKU-8702
FAC-09069,PROV-0438,5429,Finanzas,7/11/2025,SKU-5870
FAC-09070,PROV-0253,"10554,28",Finanzas,10/2/2025,SKU-1596
FAC-09074,PROV-0025,"876,62",Finanzas,19/4/2025,SKU-8370
FAC-09077,PROV-0348,"3302,7",Finanzas,21/10/2025,SKU-1505
FAC-09082,PROV-0059,"7644,03",Finanzas,14/11/2025,SKU-5224
FAC-09084,PROV-0744,"8819,17",Finanzas,20/7/2025,SKU-1847
FAC-09092,PROV-0824,"7449,43",Finanzas,25/11/2025,SKU-3690
FAC-09095,PROV-0852,"1481,53",Finanzas,12/7/2025,SKU-2611
FAC-09097,PROV-0193,"10255,84",Finanzas,24/4/2025,SKU-4658
FAC-09099,PROV-0050,"2920,98",Finanzas,23/6/2025,SKU-5277
FAC-09120,PROV-0958,"5775,54",Finanzas,15/11/2025,SKU-5087
FAC-09121,PROV-0815,"2647,26",Finanzas,13/7/2025,SKU-2788
FAC-09123,PROV-0522,"5017,84",Finanzas,3/1/2025,SKU-4187
FAC-09128,PROV-0687,"8719,23",Finanzas,27/12/2025,SKU-7631
FAC-09131,PROV-0850,"2003,53",Finanzas,3/9/2025,SKU-3281
FAC-09146,PROV-0745,"10706,31",Finanzas,4/3/2025,SKU-7863
FAC-09153,PROV-0352,"6499,79",Finanzas,28/12/2025,SKU-2934
FAC-09163,PROV-0816,"1069,37",Finanzas,1/8/2025,SKU-8610
FAC-09164,PROV-0101,"6574,52",Finanzas,22/5/2025,SKU-6428
FAC-09168,PROV-0030,"8907,3",Finanzas,15/10/2025,SKU-5324
FAC-09169,PROV-0941,"11541,42",Finanzas,5/12/2025,SKU-5944
FAC-09175,PROV-0106,"1415,78",Finanzas,4/5/2025,SKU-3732
FAC-09188,PROV-0414,"4425,84",Finanzas,12/12/2025,SKU-5158
FAC-09189,PROV-0896,"12311,78",Finanzas,19/12/2025,SKU-9388
FAC-09190,PROV-0539,"1225,09",Finanzas,22/3/2025,SKU-4146
FAC-09202,PROV-0120,"13586,48",Finanzas,30/3/2025,SKU-8027
FAC-09206,PROV-0698,"13030,22",Finanzas,30/12/2025,SKU-7402
FAC-09209,PROV-0233,"12826,03",Finanzas,23/2/2025,SKU-6592
FAC-09210,PROV-0200,"1202,28",Finanzas,28/11/2025,SKU-9490
FAC-09212,PROV-0334,"14332,54",Finanzas,3/3/2025,SKU-3560
FAC-09217,PROV-0177,"3917,91",Finanzas,8/4/2025,SKU-8216
FAC-09220,PROV-0416,"9623,87",Finanzas,25/12/2025,SKU-2872
FAC-09231,PROV-0778,"6866,63",Finanzas,29/9/2025,SKU-3562
FAC-09232,PROV-0229,"11388,37",Finanzas,4/12/2025,SKU-5718
FAC-09240,PROV-0557,"10108,86",Finanzas,15/1/2025,SKU-7128
FAC-09245,PROV-0783,"11879,72",Finanzas,17/10/2025,SKU-2742
FAC-09253,PROV-0975,"14053,99",Finanzas,18/1/2025,SKU-8520
FAC-09257,PROV-0929,"6994,88",Finanzas,20/8/2025,SKU-1036
FAC-09262,PROV-0301,"12740,14",Finanzas,16/11/2025,SKU-5947
FAC-09274,PROV-0875,"211,54",Finanzas,30/1/2025,SKU-1979
FAC-09290,PROV-0551,"5679,85",Finanzas,13/12/2025,SKU-5055
FAC-09301,PROV-0226,"8180,53",Finanzas,24/9/2025,SKU-2424
FAC-09323,PROV-0453,"12859,33",Finanzas,14/12/2025,SKU-6485
FAC-09324,PROV-0374,"1351,94",Finanzas,10/11/2025,SKU-4281
FAC-09326,PROV-0488,"3673,15",Finanzas,20/8/2025,SKU-9567
FAC-09327,PROV-0033,"11659,8",Finanzas,25/10/2025,SKU-8484
FAC-09332,PROV-0304,"14905,97",Finanzas,7/12/2025,SKU-2782
FAC-09339,PROV-0812,"2762,22",Finanzas,10/2/2025,SKU-8797
FAC-09345,PROV-0418,"11492,01",Finanzas,8/8/2025,SKU-1046
FAC-09348,PROV-0982,"3143,32",Finanzas,29/1/2025,SKU-8141
FAC-09349,PROV-0998,"8812,78",Finanzas,31/10/2025,SKU-2999
FAC-09353,PROV-0869,"6370,31",Finanzas,28/5/2025,SKU-7782
FAC-09354,PROV-0698,"9005,98",Finanzas,6/7/2025,SKU-4778
FAC-09355,PROV-0679,"3717,46",Finanzas,31/10/2025,SKU-2560
FAC-09371,PROV-0922,"11466,12",Finanzas,3/4/2025,SKU-3302
FAC-09385,PROV-0817,"2309,58",Finanzas,31/12/2025,SKU-2195
FAC-09394,PROV-0746,"11577,93",Finanzas,25/5/2025,SKU-9217
FAC-09395,PROV-0669,"4329,48",Finanzas,2/2/2025,SKU-5116
FAC-09419,PROV-0572,"3410,32",Finanzas,24/11/2025,SKU-9788
FAC-09440,PROV-0420,"7425,42",Finanzas,5/2/2025,SKU-8811
FAC-09442,PROV-0776,"1376,49",Finanzas,7/4/2025,SKU-5166
FAC-09449,PROV-0817,"2426,05",Finanzas,31/12/2025,SKU-3899
FAC-09450,PROV-0631,"4757,74",Finanzas,14/7/2025,SKU-7107
FAC-09456,PROV-0722,"11318,92",Finanzas,1/5/2025,SKU-1962
FAC-09463,PROV-0565,"2998,52",Finanzas,1/4/2025,SKU-5640
FAC-09470,PROV-0675,"12446,74",Finanzas,6/10/2025,SKU-9782
FAC-09495,PROV-0117,"5981,12",Finanzas,6/10/2025,SKU-3330
FAC-09496,PROV-0328,"2516,27",Finanzas,28/3/2025,SKU-6074
FAC-09505,PROV-0005,"10441,34",Finanzas,4/10/2025,SKU-7313
FAC-09517,PROV-0101,"8712,1",Finanzas,26/10/2025,SKU-4214
FAC-09528,PROV-0144,12193,Finanzas,29/11/2025,SKU-6746
FAC-09530,PROV-0301,"996,81",Finanzas,24/5/2025,SKU-6279
FAC-09531,PROV-0860,"1142,43",Finanzas,14/7/2025,SKU-6781
FAC-09533,PROV-0142,"1652,24",Finanzas,11/8/2025,SKU-6951
FAC-09536,PROV-0926,"4859,6",Finanzas,12/9/2025,SKU-2851
FAC-09544,PROV-0290,"6663,6",Finanzas,28/3/2025,SKU-3549
FAC-09560,PROV-0853,"13573,01",Finanzas,7/1/2025,SKU-6964
FAC-09568,PROV-0286,"13368,53",Finanzas,2/12/2025,SKU-6651
FAC-09570,PROV-0345,"2346,78",Finanzas,10/6/2025,SKU-1471
FAC-09584,PROV-0409,"10896,18",Finanzas,4/7/2025,SKU-8508
FAC-09595,PROV-0536,"12251,08",Finanzas,14/5/2025,SKU-1781
FAC-09613,PROV-0174,"1720,52",Finanzas,13/9/2025,SKU-2744
FAC-09619,PROV-0519,"5041,89",Finanzas,29/11/2025,SKU-2026
FAC-09621,PROV-0569,"5708,39",Finanzas,21/12/2025,SKU-3459
FAC-09622,PROV-0408,"4254,13",Finanzas,13/11/2025,SKU-1942
FAC-09626,PROV-0739,"1349,13",Finanzas,16/5/2025,SKU-7078
FAC-09627,PROV-0711,"7316,29",Finanzas,24/7/2025,SKU-8034
FAC-09634,PROV-0559,"9067,53",Finanzas,25/3/2025,SKU-6676
FAC-09635,PROV-0860,"11794,36",Finanzas,25/2/2025,SKU-6541
FAC-09639,PROV-0932,"14387,21",Finanzas,27/6/2025,SKU-5599
FAC-09643,PROV-0804,"13764,33",Finanzas,1/4/2025,SKU-2661
FAC-09646,PROV-0552,"5266,67",Finanzas,16/12/2025,SKU-8971
FAC-09652,PROV-0831,"8443,75",Finanzas,28/11/2025,SKU-8773
FAC-09663,PROV-0447,"11810,37",Finanzas,2/8/2025,SKU-2142
FAC-09671,PROV-0914,"8242,19",Finanzas,22/4/2025,SKU-2206
FAC-09674,PROV-0983,"5113,28",Finanzas,27/12/2025,SKU-5810
FAC-09676,PROV-0601,"6697,75",Finanzas,1/10/2025,SKU-5836
FAC-09678,PROV-0731,"11940,22",Finanzas,16/10/2025,SKU-2696
FAC-09680,PROV-0320,"4724,35",Finanzas,25/2/2025,SKU-5064
FAC-09698,PROV-0073,"7292,87",Finanzas,27/3/2025,SKU-9568
FAC-09708,PROV-0097,"14904,1",Finanzas,27/3/2025,SKU-8848
FAC-09713,PROV-0115,"7067,02",Finanzas,9/1/2025,SKU-3458
FAC-09728,PROV-0779,"3307,25",Finanzas,2/6/2025,SKU-6994
FAC-09731,PROV-0209,"12168,88",Finanzas,4/2/2025,SKU-6235
FAC-09741,PROV-0119,"9965,11",Finanzas,6/8/2025,SKU-6476
FAC-09744,PROV-0142,"4482,96",Finanzas,1/3/2025,SKU-9909
FAC-09759,PROV-0833,"12416,95",Finanzas,30/9/2025,SKU-1098
FAC-09760,PROV-0299,"13630,55",Finanzas,2/2/2025,SKU-9849
FAC-09763,PROV-0168,"12460,3",Finanzas,20/2/2025,SKU-6055
FAC-09780,PROV-0691,"2750,02",Finanzas,28/12/2025,SKU-6327
FAC-09781,PROV-0114,"12578,15",Finanzas,23/3/2025,SKU-1714
FAC-09787,PROV-0885,"441,2",Finanzas,22/5/2025,SKU-1279
FAC-09791,PROV-0944,"3939,78",Finanzas,22/6/2025,SKU-5920
FAC-09795,PROV-0138,"1904,57",Finanzas,21/7/2025,SKU-7440
FAC-09806,PROV-0310,"6455,8",Finanzas,13/4/2025,SKU-4795
FAC-09814,PROV-0818,"9611,66",Finanzas,30/12/2025,SKU-3346
FAC-09822,PROV-0453,"7881,51",Finanzas,4/1/2025,SKU-3014
FAC-09824,PROV-0314,"1347,18",Finanzas,18/12/2025,SKU-6454
FAC-09825,PROV-0360,"12360,99",Finanzas,13/3/2025,SKU-5867
FAC-09832,PROV-0737,"4297,5",Finanzas,11/8/2025,SKU-3293
FAC-09845,PROV-0363,"10311,67",Finanzas,11/8/2025,SKU-2567
FAC-09854,PROV-0389,"8908,06",Finanzas,15/3/2025,SKU-1339
FAC-09863,PROV-0276,"1012,6",Finanzas,1/11/2025,SKU-7652
FAC-09869,PROV-0572,"6309,82",Finanzas,27/3/2025,SKU-8092
FAC-09879,PROV-0766,"734,95",Finanzas,29/12/2025,SKU-5098
FAC-09880,PROV-0749,"8094,28",Finanzas,25/1/2025,SKU-9071
FAC-09901,PROV-0872,"10066,44",Finanzas,10/12/2025,SKU-8369
FAC-09903,PROV-0001,"4066,83",Finanzas,5/4/2025,SKU-5884
FAC-09907,PROV-0543,"1074,54",Finanzas,19/3/2025,SKU-2301
FAC-09918,PROV-0863,"3422,52",Finanzas,29/6/2025,SKU-9098
FAC-09920,PROV-0205,"10861,99",Finanzas,20/8/2025,SKU-6116
FAC-09926,PROV-0993,"3984,3",Finanzas,29/5/2025,SKU-4167
FAC-09931,PROV-0248,"2350,53",Finanzas,11/1/2025,SKU-4206
FAC-09935,PROV-0528,"7818,12",Finanzas,15/9/2025,SKU-6819
FAC-09936,PROV-0476,"3209,74",Finanzas,15/11/2025,SKU-7476
FAC-09944,PROV-0150,"1519,77",Finanzas,8/3/2025,SKU-6487
FAC-09949,PROV-0888,"2766,37",Finanzas,12/1/2025,SKU-9988
FAC-09954,PROV-0018,"6400,26",Finanzas,7/4/2025,SKU-9052
FAC-09969,PROV-0991,"13946,64",Finanzas,2/10/2025,SKU-7699
FAC-09971,PROV-0510,"13185,84",Finanzas,29/10/2025,SKU-1403
FAC-09974,PROV-0284,"3163,39",Finanzas,23/7/2025,SKU-9615
FAC-09980,PROV-0250,"14165,69",Finanzas,8/7/2025,SKU-9202
FAC-09990,PROV-0689,"2098,82",Finanzas,16/5/2025,SKU-5332
FAC-09991,PROV-0005,"6955,51",Finanzas,22/2/2025,SKU-8627
FAC-00001,PROV-0351,"13494,87",IT,18/9/2025,SKU-2733
FAC-00002,PROV-0470,"5308,02",IT,30/3/2025,SKU-3567
FAC-00022,PROV-0242,"9580,87",IT,3/1/2025,SKU-8548
FAC-00030,PROV-0700,"2104,17",IT,23/9/2025,SKU-6876
FAC-00037,PROV-0489,"6950,55",IT,21/2/2025,SKU-1663
FAC-00039,PROV-0346,"2293,82",IT,15/9/2025,SKU-9027
FAC-00048,PROV-0556,"5087,96",IT,26/7/2025,SKU-9607
FAC-00057,PROV-0369,"9097,9",IT,20/2/2025,SKU-9579
FAC-00077,PROV-0680,"9789,14",IT,6/3/2025,SKU-7190
FAC-00095,PROV-0557,"14108,79",IT,4/10/2025,SKU-8096
FAC-00103,PROV-0743,"4803,84",IT,28/8/2025,SKU-4317
FAC-00111,PROV-0447,"13491,36",IT,10/10/2025,SKU-8670
FAC-00129,PROV-0617,"13030,5",IT,12/7/2025,SKU-9404
FAC-00131,PROV-0393,"11970,84",IT,3/7/2025,SKU-6087
FAC-00133,PROV-0385,"3590,85",IT,18/12/2025,SKU-1052
FAC-00137,PROV-0159,"5436,42",IT,29/4/2025,SKU-1012
FAC-00148,PROV-0853,"8149,34",IT,30/12/2025,SKU-2425
FAC-00153,PROV-0563,"11549,27",IT,10/3/2025,SKU-7739
FAC-00154,PROV-0050,"14230,8",IT,15/10/2025,SKU-4461
FAC-00155,PROV-0081,"5858,74",IT,7/1/2025,SKU-5373
FAC-00156,PROV-0155,"9932,8",IT,3/4/2025,SKU-8768
FAC-00160,PROV-0287,"7116,77",IT,12/11/2025,SKU-8255
FAC-00167,PROV-0907,"11732,39",IT,16/8/2025,SKU-9319
FAC-00169,PROV-0641,"7823,53",IT,19/11/2025,SKU-4053
FAC-00175,PROV-0630,"14034,9",IT,8/1/2025,SKU-4298
FAC-00179,PROV-0765,"5141,25",IT,19/10/2025,SKU-7910
FAC-00199,PROV-0403,"12314,96",IT,26/3/2025,SKU-3119
FAC-00207,PROV-0759,"9355,76",IT,30/1/2025,SKU-2855
FAC-00213,PROV-0814,"705,44",IT,10/10/2025,SKU-3631
FAC-00214,PROV-0158,"2515,38",IT,23/9/2025,SKU-4503
FAC-00215,PROV-0270,"10074,37",IT,14/6/2025,SKU-7337
FAC-00224,PROV-0606,"2050,36",IT,9/10/2025,SKU-2060
FAC-00227,PROV-0044,"12903,33",IT,13/6/2025,SKU-9136
FAC-00238,PROV-0900,"14655,13",IT,14/1/2025,SKU-9427
FAC-00240,PROV-0547,"9233,93",IT,3/6/2025,SKU-7479
FAC-00262,PROV-0362,"1548,33",IT,4/5/2025,SKU-7350
FAC-00263,PROV-0907,"651,57",IT,15/8/2025,SKU-7516
FAC-00265,PROV-0117,"10316,44",IT,10/7/2025,SKU-7279
FAC-00266,PROV-0245,"4424,38",IT,15/4/2025,SKU-5707
FAC-00271,PROV-0954,"690,09",IT,13/3/2025,SKU-1412
FAC-00276,PROV-0556,"11461,35",IT,12/5/2025,SKU-9172
FAC-00277,PROV-0437,"7370,54",IT,23/5/2025,SKU-4358
FAC-00292,PROV-0480,"6741,61",IT,9/6/2025,SKU-8783
FAC-00300,PROV-0887,"4580,66",IT,4/3/2025,SKU-2555
FAC-00304,PROV-0032,"12083,26",IT,14/1/2025,SKU-4351
FAC-00305,PROV-0303,"2287,98",IT,11/9/2025,SKU-5544
FAC-00310,PROV-0558,"14471,29",IT,6/2/2025,SKU-1587
FAC-00316,PROV-0360,"4088,18",IT,30/4/2025,SKU-3403
FAC-00320,PROV-0319,"2253,58",IT,12/4/2025,SKU-6759
FAC-00337,PROV-0863,"785,17",IT,27/7/2025,SKU-9498
FAC-00344,PROV-0748,"10527,89",IT,15/7/2025,SKU-4185
FAC-00345,PROV-0929,"8296,37",IT,17/5/2025,SKU-7718
FAC-00351,PROV-0015,"5630,58",IT,22/3/2025,SKU-7008
FAC-00352,PROV-0758,"7264,56",IT,20/3/2025,SKU-2995
FAC-00354,PROV-0191,"3132,4",IT,8/2/2025,SKU-4645
FAC-00363,PROV-0742,"5321,42",IT,30/6/2025,SKU-9252
FAC-00365,PROV-0034,"12568,11",IT,7/8/2025,SKU-2574
FAC-00373,PROV-0298,"4473,89",IT,26/6/2025,SKU-5529
FAC-00379,PROV-0271,"12460,76",IT,4/12/2025,SKU-4550
FAC-00381,PROV-0801,"6845,22",IT,10/1/2025,SKU-9501
FAC-00395,PROV-0544,"3217,62",IT,29/11/2025,SKU-5220
FAC-00405,PROV-0650,"6084,49",IT,14/10/2025,SKU-8701
FAC-00407,PROV-0521,"6413,36",IT,20/9/2025,SKU-1494
FAC-00413,PROV-0766,"7637,22",IT,22/10/2025,SKU-7725
FAC-00431,PROV-0729,"8238,02",IT,18/1/2025,SKU-3236
FAC-00433,PROV-0162,"13856,68",IT,20/11/2025,SKU-2060
FAC-00438,PROV-0859,"4617,5",IT,17/1/2025,SKU-4090
FAC-00442,PROV-0876,"10244,81",IT,13/7/2025,SKU-1981
FAC-00470,PROV-0356,"8566,4",IT,27/6/2025,SKU-5586
FAC-00478,PROV-0677,"12298,58",IT,21/3/2025,SKU-1479
FAC-00479,PROV-0477,"12313,46",IT,31/3/2025,SKU-3590
FAC-00481,PROV-0458,"9621,55",IT,3/7/2025,SKU-8759
FAC-00483,PROV-0765,"14742,17",IT,1/6/2025,SKU-1574
FAC-00484,PROV-0644,"1874,64",IT,21/9/2025,SKU-2894
FAC-00488,PROV-0371,"900,33",IT,2/1/2025,SKU-3417
FAC-00497,PROV-0822,"3701,31",IT,18/12/2025,SKU-6616
FAC-00500,PROV-0050,"12960,3",IT,15/6/2025,SKU-2271
FAC-00501,PROV-0050,"14998,03",IT,15/6/2025,SKU-2271
FAC-00502,PROV-0050,"13896,25",IT,15/6/2025,SKU-2271
FAC-00508,PROV-0189,"2303,13",IT,5/11/2025,SKU-1392
FAC-00515,PROV-0912,"5181,85",IT,26/12/2025,SKU-5157
FAC-00522,PROV-0870,"11078,67",IT,1/12/2025,SKU-6967
FAC-00527,PROV-0568,"3552,62",IT,25/5/2025,SKU-5053
FAC-00552,PROV-0091,"14066,99",IT,7/1/2025,SKU-8028
FAC-00557,PROV-0821,"4791,05",IT,1/9/2025,SKU-8721
FAC-00565,PROV-0200,"7254,43",IT,30/7/2025,SKU-6456
FAC-00571,PROV-0735,"3917,25",IT,19/6/2025,SKU-5500
FAC-00575,PROV-0603,"10786,28",IT,20/6/2025,SKU-4065
FAC-00579,PROV-0060,"5879,78",IT,18/4/2025,SKU-5689
FAC-00583,PROV-0664,"12453,66",IT,22/6/2025,SKU-5606
FAC-00616,PROV-0201,"10278,67",IT,29/9/2025,SKU-6018
FAC-00620,PROV-0333,"1219,09",IT,15/10/2025,SKU-9007
FAC-00629,PROV-0550,"6353,63",IT,21/1/2025,SKU-1352
FAC-00635,PROV-0638,"9243,96",IT,9/11/2025,SKU-6884
FAC-00640,PROV-0420,"6617,63",IT,11/7/2025,SKU-9392
FAC-00645,PROV-0849,"1394,54",IT,15/12/2025,SKU-2983
FAC-00646,PROV-0996,"11783,49",IT,28/2/2025,SKU-2814
FAC-00649,PROV-0037,"3736,8",IT,13/7/2025,SKU-7680
FAC-00657,PROV-0816,"5038,16",IT,23/6/2025,SKU-4257
FAC-00666,PROV-0503,"461,6",IT,18/12/2025,SKU-8445
FAC-00667,PROV-0499,"12612,29",IT,3/11/2025,SKU-1323
FAC-00675,PROV-0683,"7189,42",IT,19/6/2025,SKU-7349
FAC-00678,PROV-0433,"1440,29",IT,11/2/2025,SKU-2451
FAC-00680,PROV-0848,"14342,25",IT,14/9/2025,SKU-9415
FAC-00686,PROV-0091,"10226,37",IT,25/3/2025,SKU-8012
FAC-00691,PROV-0553,"13597,28",IT,1/5/2025,SKU-5309
FAC-00696,PROV-0782,"6239,24",IT,25/8/2025,SKU-4158
FAC-00697,PROV-0809,"5338,03",IT,2/5/2025,SKU-3913
FAC-00702,PROV-0577,"5721,67",IT,2/6/2025,SKU-1066
FAC-00713,PROV-0882,"8718,17",IT,14/12/2025,SKU-2806
FAC-00721,PROV-0111,"14867,28",IT,12/12/2025,SKU-8015
FAC-00723,PROV-0892,"8072,04",IT,12/9/2025,SKU-1537
FAC-00727,PROV-0329,"6792,21",IT,22/5/2025,SKU-8154
FAC-00729,PROV-0885,"9849,75",IT,14/11/2025,SKU-9856
FAC-00730,PROV-0253,"4352,36",IT,25/9/2025,SKU-9153
FAC-00733,PROV-0514,"10185,88",IT,29/3/2025,SKU-3027
FAC-00735,PROV-0091,"5001,19",IT,6/12/2025,SKU-9548
FAC-00739,PROV-0453,"3040,66",IT,6/2/2025,SKU-8662
FAC-00743,PROV-0746,"3874,83",IT,28/12/2025,SKU-6764
FAC-00762,PROV-0588,"14850,65",IT,18/5/2025,SKU-6931
FAC-00763,PROV-0873,"14267,31",IT,28/2/2025,SKU-3334
FAC-00774,PROV-0365,"10387,04",IT,28/8/2025,SKU-1772
FAC-00779,PROV-0182,"9972,18",IT,7/2/2025,SKU-7756
FAC-00789,PROV-0715,"6613,4",IT,9/7/2025,SKU-7304
FAC-00794,PROV-0844,"8903,08",IT,21/2/2025,SKU-8278
FAC-00803,PROV-0740,"11201,31",IT,1/7/2025,SKU-7370
FAC-00804,PROV-0044,"12447,92",IT,19/3/2025,SKU-9473
FAC-00822,PROV-0816,"4611,5",IT,7/11/2025,SKU-6124
FAC-00824,PROV-0557,"9939,21",IT,7/3/2025,SKU-9945
FAC-00830,PROV-0851,"475,68",IT,7/3/2025,SKU-8691
FAC-00842,PROV-0186,"11627,59",IT,28/4/2025,SKU-3712
FAC-00852,PROV-0743,"11212,3",IT,20/3/2025,SKU-5155
FAC-00853,PROV-0852,"12368,48",IT,29/6/2025,SKU-8251
FAC-00856,PROV-0130,"6591,04",IT,15/5/2025,SKU-9930
FAC-00858,PROV-0379,"8303,74",IT,8/12/2025,SKU-4789
FAC-00867,PROV-0623,"717,96",IT,4/5/2025,SKU-4617
FAC-00872,PROV-0834,"3027,97",IT,23/11/2025,SKU-8697
FAC-00874,PROV-0197,"12162,28",IT,6/9/2025,SKU-4469
FAC-00886,PROV-0167,"3446,65",IT,5/9/2025,SKU-4243
FAC-00888,PROV-0416,"5059,64",IT,28/3/2025,SKU-5052
FAC-00890,PROV-0726,"8707,46",IT,9/2/2025,SKU-1282
FAC-00891,PROV-0924,"12497,26",IT,1/6/2025,SKU-6394
FAC-00902,PROV-0997,"8824,88",IT,4/2/2025,SKU-7367
FAC-00911,PROV-0749,"1764,76",IT,22/5/2025,SKU-9525
FAC-00912,PROV-0970,"6594,74",IT,6/5/2025,SKU-3989
FAC-00917,PROV-0117,12527,IT,29/7/2025,SKU-4289
FAC-00918,PROV-0596,"3646,88",IT,27/11/2025,SKU-1282
FAC-00934,PROV-0275,"4635,96",IT,19/3/2025,SKU-1343
FAC-00947,PROV-0587,"1828,69",IT,23/3/2025,SKU-9771
FAC-00953,PROV-0809,"5256,85",IT,7/8/2025,SKU-1199
FAC-00957,PROV-0027,"9558,36",IT,17/6/2025,SKU-1377
FAC-00963,PROV-0617,"5343,71",IT,24/9/2025,SKU-6983
FAC-00968,PROV-0361,"12497,38",IT,3/5/2025,SKU-3199
FAC-00992,PROV-0910,"6150,8",IT,12/2/2025,SKU-8784
FAC-00994,PROV-0880,"6458,56",IT,31/12/2025,SKU-2521
FAC-00996,PROV-0811,"9725,29",IT,8/9/2025,SKU-1048
FAC-00998,PROV-0013,"2016,45",IT,4/8/2025,SKU-6009
FAC-01005,PROV-0335,"2212,64",IT,3/1/2025,SKU-8065
FAC-01006,PROV-0399,"10799,78",IT,12/2/2025,SKU-9594
FAC-01007,PROV-0119,"13165,09",IT,14/7/2025,SKU-1081
FAC-01011,PROV-0845,"2303,49",IT,16/3/2025,SKU-8289
FAC-01013,PROV-0685,"10739,82",IT,16/8/2025,SKU-8901
FAC-01020,PROV-0891,"11236,39",IT,21/11/2025,SKU-5889
FAC-01024,PROV-0279,"13574,92",IT,20/5/2025,SKU-6239
FAC-01028,PROV-0758,"10813,24",IT,9/2/2025,SKU-9675
FAC-01043,PROV-0624,"7240,71",IT,24/2/2025,SKU-4743
FAC-01045,PROV-0490,"13192,22",IT,14/6/2025,SKU-7831
FAC-01049,PROV-0705,"13686,4",IT,7/9/2025,SKU-9702
FAC-01055,PROV-0826,"10267,26",IT,10/12/2025,SKU-5372
FAC-01060,PROV-0111,"14488,67",IT,12/2/2025,SKU-9376
FAC-01076,PROV-0120,"8852,9",IT,21/10/2025,SKU-4122
FAC-01079,PROV-0810,"7224,39",IT,3/5/2025,SKU-2457
FAC-01085,PROV-0375,"982,93",IT,16/8/2025,SKU-5454
FAC-01088,PROV-0916,"1821,37",IT,20/6/2025,SKU-4939
FAC-01096,PROV-0141,"6933,05",IT,9/8/2025,SKU-1396
FAC-01106,PROV-0631,"9316,45",IT,20/1/2025,SKU-9581
FAC-01109,PROV-0049,"9601,95",IT,6/12/2025,SKU-9723
FAC-01132,PROV-0521,"8026,49",IT,16/9/2025,SKU-9322
FAC-01136,PROV-0705,"3227,01",IT,15/4/2025,SKU-3956
FAC-01141,PROV-0215,"3128,79",IT,7/8/2025,SKU-9372
FAC-01142,PROV-0937,"3053,62",IT,20/2/2025,SKU-3420
FAC-01144,PROV-0463,"8741,08",IT,9/2/2025,SKU-8763
FAC-01145,PROV-0666,"3473,34",IT,24/6/2025,SKU-2396
FAC-01147,PROV-0885,"11445,07",IT,11/4/2025,SKU-8227
FAC-01150,PROV-0520,"11439,64",IT,25/3/2025,SKU-7730
FAC-01163,PROV-0569,"3194,48",IT,24/9/2025,SKU-8720
FAC-01165,PROV-0447,"6044,3",IT,5/10/2025,SKU-7225
FAC-01167,PROV-0175,"8816,42",IT,1/9/2025,SKU-9820
FAC-01176,PROV-0437,"4392,57",IT,13/7/2025,SKU-5543
FAC-01183,PROV-0560,"1868,49",IT,25/12/2025,SKU-7022
FAC-01189,PROV-0817,"14690,93",IT,17/2/2025,SKU-4237
FAC-01194,PROV-0897,"13433,25",IT,12/9/2025,SKU-5214
FAC-01205,PROV-0676,"1100,14",IT,3/12/2025,SKU-7581
FAC-01207,PROV-0241,"12974,38",IT,26/12/2025,SKU-3467
FAC-01221,PROV-0380,"522,6",IT,1/8/2025,SKU-3813
FAC-01223,PROV-0994,"12529,85",IT,15/9/2025,SKU-1093
FAC-01224,PROV-0992,"14858,76",IT,10/6/2025,SKU-8719
FAC-01241,PROV-0793,"3491,89",IT,10/9/2025,SKU-8999
FAC-01252,PROV-0933,"11507,3",IT,30/1/2025,SKU-6188
FAC-01257,PROV-0482,"7947,86",IT,12/11/2025,SKU-3492
FAC-01258,PROV-0876,"12229,49",IT,19/6/2025,SKU-2049
FAC-01261,PROV-0697,"10891,57",IT,24/10/2025,SKU-5880
FAC-01265,PROV-0519,"2118,03",IT,21/12/2025,SKU-9837
FAC-01268,PROV-0348,"8339,98",IT,21/1/2025,SKU-6886
FAC-01272,PROV-0588,"10428,14",IT,25/9/2025,SKU-7852
FAC-01276,PROV-0941,"5715,74",IT,16/5/2025,SKU-8065
FAC-01287,PROV-0077,"12877,79",IT,9/5/2025,SKU-8763
FAC-01290,PROV-0551,"8963,39",IT,24/3/2025,SKU-3783
FAC-01294,PROV-0722,"9509,23",IT,15/1/2025,SKU-3552
FAC-01301,PROV-0408,"9784,1",IT,23/1/2025,SKU-3743
FAC-01308,PROV-0276,"2018,53",IT,15/9/2025,SKU-8411
FAC-01315,PROV-0888,"5963,36",IT,29/3/2025,SKU-2847
FAC-01320,PROV-0410,"5384,06",IT,8/8/2025,SKU-3252
FAC-01335,PROV-0162,"9167,7",IT,11/2/2025,SKU-1917
FAC-01344,PROV-0541,"8437,74",IT,19/12/2025,SKU-5092
FAC-01347,PROV-0074,"6816,52",IT,14/7/2025,SKU-3731
FAC-01349,PROV-0961,"13649,57",IT,18/6/2025,SKU-4323
FAC-01350,PROV-0610,"5962,9",IT,8/7/2025,SKU-5814
FAC-01352,PROV-0869,"2908,59",IT,22/6/2025,SKU-4608
FAC-01353,PROV-0602,"2087,35",IT,13/1/2025,SKU-2209
FAC-01359,PROV-0405,"14696,82",IT,2/4/2025,SKU-5375
FAC-01360,PROV-0953,"10879,02",IT,24/12/2025,SKU-5849
FAC-01362,PROV-0740,"13582,19",IT,5/1/2025,SKU-3493
FAC-01364,PROV-0108,"14881,1",IT,21/1/2025,SKU-2740
FAC-01367,PROV-0776,"12141,96",IT,19/4/2025,SKU-8757
FAC-01369,PROV-0671,"14184,91",IT,25/6/2025,SKU-6511
FAC-01370,PROV-0522,"1615,64",IT,11/4/2025,SKU-2273
FAC-01379,PROV-0380,"11157,31",IT,1/7/2025,SKU-9262
FAC-01397,PROV-0398,"8519,21",IT,28/11/2025,SKU-3816
FAC-01400,PROV-0402,"12486,12",IT,25/1/2025,SKU-8587
FAC-01401,PROV-0650,"7286,35",IT,28/7/2025,SKU-7462
FAC-01402,PROV-0029,"8749,38",IT,5/7/2025,SKU-8303
FAC-01406,PROV-0479,"4301,7",IT,27/12/2025,SKU-4564
FAC-01417,PROV-0839,"14299,84",IT,13/7/2025,SKU-5502
FAC-01429,PROV-0077,"959,55",IT,5/12/2025,SKU-5395
FAC-01431,PROV-0183,"1094,43",IT,16/6/2025,SKU-6159
FAC-01446,PROV-0042,"1864,28",IT,26/12/2025,SKU-1479
FAC-01462,PROV-0502,"4258,16",IT,15/5/2025,SKU-1840
FAC-01465,PROV-0853,"9334,05",IT,6/8/2025,SKU-3283
FAC-01474,PROV-0693,"10670,75",IT,28/3/2025,SKU-8876
FAC-01477,PROV-0171,"12763,57",IT,1/2/2025,SKU-4125
FAC-01490,PROV-0630,"10233,57",IT,13/12/2025,SKU-8530
FAC-01495,PROV-0144,"8022,45",IT,24/1/2025,SKU-5905
FAC-01498,PROV-0434,"334,81",IT,7/4/2025,SKU-7111
FAC-01500,PROV-0747,"1047,22",IT,11/7/2025,SKU-7740
FAC-01523,PROV-0216,"2537,16",IT,28/8/2025,SKU-1824
FAC-01540,PROV-0916,"9953,93",IT,2/5/2025,SKU-5613
FAC-01560,PROV-0682,"7163,42",IT,19/10/2025,SKU-7990
FAC-01563,PROV-0519,"10293,48",IT,20/10/2025,SKU-5432
FAC-01566,PROV-0604,"13538,12",IT,11/7/2025,SKU-2079
FAC-01572,PROV-0933,"7988,6",IT,13/10/2025,SKU-8113
FAC-01584,PROV-0773,"4530,1",IT,31/1/2025,SKU-7025
FAC-01586,PROV-0345,"8394,23",IT,17/7/2025,SKU-6825
FAC-01591,PROV-0161,"1358,39",IT,29/11/2025,SKU-9380
FAC-01595,PROV-0499,"9041,54",IT,17/7/2025,SKU-6565
FAC-01596,PROV-0867,"4081,6",IT,12/10/2025,SKU-3504
FAC-01599,PROV-0078,"9871,85",IT,25/4/2025,SKU-1616
FAC-01601,PROV-0648,"5903,15",IT,27/11/2025,SKU-2325
FAC-01605,PROV-0388,"1788,73",IT,2/3/2025,SKU-5642
FAC-01608,PROV-0461,"1629,78",IT,14/6/2025,SKU-9896
FAC-01622,PROV-0771,"9683,97",IT,5/10/2025,SKU-2026
FAC-01629,PROV-0550,"9093,62",IT,27/1/2025,SKU-6090
FAC-01634,PROV-0537,"8969,6",IT,12/9/2025,SKU-6917
FAC-01639,PROV-0204,"8076,7",IT,30/12/2025,SKU-1537
FAC-01652,PROV-0127,"5944,76",IT,15/10/2025,SKU-7829
FAC-01653,PROV-0603,"4993,63",IT,28/9/2025,SKU-6533
FAC-01664,PROV-0305,"14284,59",IT,13/4/2025,SKU-9271
FAC-01665,PROV-0819,"794,51",IT,1/5/2025,SKU-1552
FAC-01681,PROV-0859,"12156,46",IT,9/2/2025,SKU-4722
FAC-01682,PROV-0049,"5764,96",IT,22/3/2025,SKU-4941
FAC-01683,PROV-0827,"7188,72",IT,23/8/2025,SKU-7459
FAC-01685,PROV-0629,"427,94",IT,29/11/2025,SKU-5399
FAC-01690,PROV-0431,"5374,16",IT,26/5/2025,SKU-7430
FAC-01707,PROV-0628,"978,5",IT,3/8/2025,SKU-6155
FAC-01709,PROV-0981,"2980,41",IT,2/2/2025,SKU-4761
FAC-01720,PROV-0374,"8102,14",IT,1/5/2025,SKU-1719
FAC-01723,PROV-0799,"4121,78",IT,29/9/2025,SKU-7001
FAC-01726,PROV-0908,"11105,08",IT,30/1/2025,SKU-5575
FAC-01727,PROV-0704,"6295,64",IT,25/1/2025,SKU-7665
FAC-01730,PROV-0249,"7944,87",IT,16/10/2025,SKU-7757
FAC-01741,PROV-0213,"8917,54",IT,8/10/2025,SKU-3057
FAC-01747,PROV-0501,"14995,93",IT,28/11/2025,SKU-5908
FAC-01750,PROV-0712,"3862,38",IT,16/2/2025,SKU-8966
FAC-01759,PROV-0459,"3754,25",IT,17/10/2025,SKU-8853
FAC-01768,PROV-0842,"12414,26",IT,16/11/2025,SKU-7371
FAC-01769,PROV-0439,"3928,18",IT,6/8/2025,SKU-2700
FAC-01775,PROV-0613,"1305,04",IT,21/5/2025,SKU-5471
FAC-01788,PROV-0602,"2504,63",IT,11/6/2025,SKU-1257
FAC-01790,PROV-0261,"4448,39",IT,19/5/2025,SKU-2155
FAC-01811,PROV-0033,"12977,14",IT,20/4/2025,SKU-1181
FAC-01817,PROV-0736,"6469,26",IT,11/3/2025,SKU-5246
FAC-01819,PROV-0898,"12763,21",IT,14/12/2025,SKU-5417
FAC-01830,PROV-0864,"2272,7",IT,13/9/2025,SKU-7272
FAC-01835,PROV-0926,"6932,74",IT,14/5/2025,SKU-6937
FAC-01838,PROV-0506,"2860,37",IT,30/1/2025,SKU-4460
FAC-01851,PROV-0630,"5780,2",IT,4/8/2025,SKU-7693
FAC-01863,PROV-0732,"11493,61",IT,2/2/2025,SKU-2672
FAC-01882,PROV-0176,"12295,74",IT,4/10/2025,SKU-4318
FAC-01893,PROV-0328,"2279,91",IT,23/5/2025,SKU-1763
FAC-01906,PROV-0887,"1967,08",IT,7/12/2025,SKU-5757
FAC-01922,PROV-0523,"3708,31",IT,14/10/2025,SKU-8925
FAC-01925,PROV-0181,"2390,85",IT,9/10/2025,SKU-9486
FAC-01926,PROV-0967,"3843,17",IT,27/12/2025,SKU-7528
FAC-01932,PROV-0773,"8811,17",IT,4/5/2025,SKU-8267
FAC-01934,PROV-0283,"14872,12",IT,24/9/2025,SKU-9585
FAC-01950,PROV-0830,"13342,21",IT,11/3/2025,SKU-7319
FAC-01953,PROV-0672,"3740,43",IT,3/8/2025,SKU-4547
FAC-01955,PROV-0171,"12383,6",IT,17/12/2025,SKU-3923
FAC-01957,PROV-0457,"2355,72",IT,17/5/2025,SKU-2116
FAC-01959,PROV-0363,"8277,85",IT,2/9/2025,SKU-4197
FAC-01972,PROV-0818,"9317,52",IT,17/6/2025,SKU-1571
FAC-01978,PROV-0302,"2198,02",IT,25/6/2025,SKU-7507
FAC-01985,PROV-0499,"6448,5",IT,11/2/2025,SKU-9934
FAC-01989,PROV-0459,"13695,82",IT,17/6/2025,SKU-9572
FAC-01999,PROV-0883,"1775,58",IT,7/7/2025,SKU-3836
FAC-02001,PROV-0976,"11037,45",IT,24/5/2025,SKU-7454
FAC-02011,PROV-0658,"2403,28",IT,31/12/2025,SKU-8816
FAC-02012,PROV-0472,"13648,19",IT,26/1/2025,SKU-2368
FAC-02013,PROV-0122,"9875,5",IT,20/1/2025,SKU-1959
FAC-02033,PROV-0706,"2856,61",IT,24/2/2025,SKU-2087
FAC-02036,PROV-0543,"14037,7",IT,3/3/2025,SKU-4765
FAC-02051,PROV-0771,"13892,75",IT,27/9/2025,SKU-9240
FAC-02063,PROV-0782,"6694,01",IT,8/1/2025,SKU-8747
FAC-02070,PROV-0514,"3808,35",IT,30/8/2025,SKU-8385
FAC-02078,PROV-0140,"5630,13",IT,12/8/2025,SKU-2769
FAC-02093,PROV-0072,"7592,66",IT,8/4/2025,SKU-6027
FAC-02100,PROV-0508,"10227,51",IT,5/10/2025,SKU-9395
FAC-02101,PROV-0160,"6630,15",IT,1/2/2025,SKU-1096
FAC-02109,PROV-0602,"2503,91",IT,7/10/2025,SKU-5738
FAC-02117,PROV-0945,"971,24",IT,3/6/2025,SKU-1313
FAC-02128,PROV-0862,"11813,29",IT,3/10/2025,SKU-1467
FAC-02129,PROV-0333,"6355,46",IT,3/10/2025,SKU-7873
FAC-02132,PROV-0335,"6452,21",IT,10/2/2025,SKU-5936
FAC-02138,PROV-0461,"7825,25",IT,25/5/2025,SKU-2921
FAC-02139,PROV-0317,"6357,47",IT,11/4/2025,SKU-2490
FAC-02142,PROV-0447,"8945,67",IT,19/11/2025,SKU-4299
FAC-02152,PROV-0278,"13565,09",IT,8/7/2025,SKU-7921
FAC-02158,PROV-0226,8587,IT,30/5/2025,SKU-1255
FAC-02169,PROV-0591,"11168,8",IT,5/12/2025,SKU-4636
FAC-02172,PROV-0674,"4120,1",IT,10/12/2025,SKU-6018
FAC-02179,PROV-0799,"13904,2",IT,11/2/2025,SKU-7539
FAC-02180,PROV-0443,"7650,59",IT,21/7/2025,SKU-4625
FAC-02181,PROV-0324,"10951,74",IT,3/3/2025,SKU-6629
FAC-02196,PROV-0223,"4959,25",IT,29/9/2025,SKU-2749
FAC-02200,PROV-0886,"10830,21",IT,25/12/2025,SKU-8844
FAC-02202,PROV-0431,"11714,76",IT,9/2/2025,SKU-3223
FAC-02204,PROV-0932,"3205,42",IT,14/12/2025,SKU-8355
FAC-02208,PROV-0825,"10913,3",IT,12/6/2025,SKU-7937
FAC-02212,PROV-0020,"3411,44",IT,15/1/2025,SKU-4442
FAC-02235,PROV-0062,"2370,99",IT,10/1/2025,SKU-4701
FAC-02236,PROV-0915,"12897,17",IT,22/1/2025,SKU-1136
FAC-02246,PROV-0566,"7797,62",IT,3/4/2025,SKU-7780
FAC-02255,PROV-0482,"2832,27",IT,10/12/2025,SKU-9230
FAC-02260,PROV-0539,"13850,36",IT,20/6/2025,SKU-3665
FAC-02273,PROV-0489,"7973,99",IT,11/4/2025,SKU-1677
FAC-02277,PROV-0893,"4258,81",IT,18/8/2025,SKU-3377
FAC-02278,PROV-0693,"14906,8",IT,2/6/2025,SKU-3659
FAC-02284,PROV-0769,"5915,74",IT,19/8/2025,SKU-1014
FAC-02287,PROV-0182,"10121,11",IT,22/3/2025,SKU-5117
FAC-02288,PROV-0159,"13296,06",IT,16/12/2025,SKU-9332
FAC-02290,PROV-0487,"11305,31",IT,9/9/2025,SKU-2137
FAC-02292,PROV-0206,"4289,66",IT,4/2/2025,SKU-6874
FAC-02293,PROV-0749,"11841,37",IT,30/5/2025,SKU-3146
FAC-02296,PROV-0672,"7884,77",IT,12/8/2025,SKU-6432
FAC-02302,PROV-0537,"5310,45",IT,9/3/2025,SKU-9238
FAC-02304,PROV-0461,"9098,69",IT,19/10/2025,SKU-9089
FAC-02309,PROV-0528,1071,IT,17/12/2025,SKU-6061
FAC-02314,PROV-0846,"8850,01",IT,9/12/2025,SKU-5622
FAC-02315,PROV-0697,"3320,79",IT,20/10/2025,SKU-1222
FAC-02327,PROV-0501,"1607,72",IT,3/12/2025,SKU-6792
FAC-02337,PROV-0221,"11902,64",IT,27/12/2025,SKU-6852
FAC-02344,PROV-0247,"1012,36",IT,28/3/2025,SKU-3221
FAC-02347,PROV-0482,"3848,01",IT,22/10/2025,SKU-7005
FAC-02356,PROV-0629,"7117,32",IT,24/12/2025,SKU-3846
FAC-02360,PROV-0138,"10828,77",IT,13/11/2025,SKU-5468
FAC-02364,PROV-0111,"3952,38",IT,12/1/2025,SKU-4500
FAC-02369,PROV-0187,"325,78",IT,16/4/2025,SKU-6235
FAC-02380,PROV-0481,"9841,7",IT,25/11/2025,SKU-5631
FAC-02390,PROV-0445,"3021,4",IT,26/8/2025,SKU-3845
FAC-02400,PROV-0357,"9501,09",IT,19/4/2025,SKU-5996
FAC-02418,PROV-0025,"11887,35",IT,20/5/2025,SKU-7926
FAC-02420,PROV-0038,"11197,4",IT,27/6/2025,SKU-5912
FAC-02426,PROV-0333,"13943,67",IT,9/6/2025,SKU-8440
FAC-02435,PROV-0892,"9069,41",IT,4/12/2025,SKU-2824
FAC-02436,PROV-0481,"8335,62",IT,27/2/2025,SKU-5832
FAC-02443,PROV-0436,"13017,54",IT,19/1/2025,SKU-7403
FAC-02444,PROV-0901,"11023,12",IT,25/9/2025,SKU-7911
FAC-02461,PROV-0419,"3207,01",IT,27/7/2025,SKU-7901
FAC-02464,PROV-0354,"10154,39",IT,24/9/2025,SKU-6726
FAC-02473,PROV-0541,"10879,7",IT,5/3/2025,SKU-7621
FAC-02479,PROV-0613,"11844,52",IT,8/7/2025,SKU-2765
FAC-02486,PROV-0266,"9220,29",IT,4/10/2025,SKU-6661
FAC-02494,PROV-0251,"1836,88",IT,2/2/2025,SKU-1803
FAC-02499,PROV-0986,"241,2",IT,5/2/2025,SKU-3950
FAC-02500,PROV-0901,"2689,44",IT,27/12/2025,SKU-2679
FAC-02502,PROV-0601,"4650,26",IT,29/4/2025,SKU-7720
FAC-02504,PROV-0273,"6740,3",IT,11/8/2025,SKU-7900
FAC-02514,PROV-0490,"5426,91",IT,28/3/2025,SKU-6360
FAC-02518,PROV-0157,"1253,1",IT,13/7/2025,SKU-7599
FAC-02520,PROV-0381,"13706,99",IT,7/4/2025,SKU-5632
FAC-02524,PROV-0931,"13567,38",IT,30/7/2025,SKU-9868
FAC-02526,PROV-0189,"8408,96",IT,19/11/2025,SKU-9563
FAC-02531,PROV-0977,"4954,31",IT,24/2/2025,SKU-2439
FAC-02534,PROV-0486,"14171,97",IT,23/3/2025,SKU-3072
FAC-02542,PROV-0006,"4396,42",IT,22/7/2025,SKU-2335
FAC-02548,PROV-0487,"383,05",IT,24/10/2025,SKU-3865
FAC-02567,PROV-0646,"1938,31",IT,12/4/2025,SKU-9980
FAC-02571,PROV-0680,"11725,26",IT,15/2/2025,SKU-6698
FAC-02585,PROV-0850,"9593,51",IT,14/5/2025,SKU-3337
FAC-02586,PROV-0353,"11696,81",IT,18/2/2025,SKU-9589
FAC-02600,PROV-0312,"5855,28",IT,1/12/2025,SKU-4387
FAC-02607,PROV-0612,"13011,72",IT,17/8/2025,SKU-8862
FAC-02609,PROV-0626,"9542,38",IT,24/2/2025,SKU-2347
FAC-02612,PROV-0046,"4783,66",IT,16/3/2025,SKU-9318
FAC-02623,PROV-0392,"1122,9",IT,7/3/2025,SKU-9855
FAC-02630,PROV-0731,"3285,66",IT,24/12/2025,SKU-9282
FAC-02632,PROV-0648,"7872,43",IT,13/5/2025,SKU-7962
FAC-02637,PROV-0037,"10586,65",IT,4/1/2025,SKU-3537
FAC-02641,PROV-0971,"12365,39",IT,20/10/2025,SKU-8836
FAC-02646,PROV-0058,"10306,44",IT,7/3/2025,SKU-5318
FAC-02650,PROV-0272,"6451,89",IT,19/3/2025,SKU-5413
FAC-02663,PROV-0379,"12609,35",IT,13/11/2025,SKU-2518
FAC-02670,PROV-0017,"5462,66",IT,18/10/2025,SKU-3612
FAC-02674,PROV-0363,"534,39",IT,7/6/2025,SKU-2441
FAC-02678,PROV-0328,"13104,8",IT,8/3/2025,SKU-9900
FAC-02683,PROV-0086,"6420,67",IT,2/12/2025,SKU-4852
FAC-02693,PROV-0215,"8138,27",IT,9/8/2025,SKU-5410
FAC-02698,PROV-0759,"7538,72",IT,24/5/2025,SKU-5224
FAC-02701,PROV-0227,"14169,13",IT,20/6/2025,SKU-1365
FAC-02705,PROV-0122,"1212,07",IT,5/8/2025,SKU-1750
FAC-02707,PROV-0088,"5428,44",IT,28/8/2025,SKU-5378
FAC-02721,PROV-0519,"14223,88",IT,17/12/2025,SKU-6852
FAC-02730,PROV-0735,"12297,14",IT,5/7/2025,SKU-2397
FAC-02733,PROV-0603,"2893,66",IT,1/11/2025,SKU-3342
FAC-02746,PROV-0023,"12664,17",IT,19/2/2025,SKU-7962
FAC-02750,PROV-0834,"11323,37",IT,3/12/2025,SKU-9209
FAC-02756,PROV-0594,"4745,65",IT,23/12/2025,SKU-1651
FAC-02771,PROV-0650,"14428,04",IT,12/7/2025,SKU-6795
FAC-02775,PROV-0605,"14491,14",IT,23/2/2025,SKU-1229
FAC-02784,PROV-0653,"13440,65",IT,9/7/2025,SKU-5822
FAC-02798,PROV-0241,"4321,47",IT,4/3/2025,SKU-1243
FAC-02799,PROV-0625,"4131,16",IT,28/2/2025,SKU-1559
FAC-02813,PROV-0771,"10954,34",IT,1/5/2025,SKU-7186
FAC-02818,PROV-0896,"7975,38",IT,19/5/2025,SKU-4318
FAC-02819,PROV-0510,"2254,74",IT,21/11/2025,SKU-9466
FAC-02838,PROV-0017,"10960,21",IT,10/2/2025,SKU-5494
FAC-02849,PROV-0991,"14641,58",IT,6/2/2025,SKU-9475
FAC-02850,PROV-0110,"5313,77",IT,20/9/2025,SKU-6115
FAC-02857,PROV-0361,"4000,52",IT,17/8/2025,SKU-5915
FAC-02861,PROV-0015,"9993,33",IT,24/8/2025,SKU-9056
FAC-02863,PROV-0747,"13717,95",IT,28/3/2025,SKU-5861
FAC-02871,PROV-0308,"11209,69",IT,7/12/2025,SKU-1583
FAC-02880,PROV-0458,"6885,59",IT,22/2/2025,SKU-5378
FAC-02883,PROV-0614,"2268,58",IT,14/8/2025,SKU-1106
FAC-02893,PROV-0322,"7630,38",IT,14/6/2025,SKU-2257
FAC-02895,PROV-0787,"9753,89",IT,25/6/2025,SKU-7588
FAC-02898,PROV-0641,"12214,78",IT,15/6/2025,SKU-5911
FAC-02900,PROV-0837,"13815,49",IT,31/7/2025,SKU-1153
FAC-02909,PROV-0728,"2154,5",IT,1/4/2025,SKU-8615
FAC-02911,PROV-0108,"12785,9",IT,29/3/2025,SKU-4126
FAC-02912,PROV-0857,"8018,17",IT,5/7/2025,SKU-8210
FAC-02919,PROV-0712,"7016,33",IT,10/9/2025,SKU-6286
FAC-02925,PROV-0305,"5396,51",IT,17/9/2025,SKU-1247
FAC-02931,PROV-0580,"7914,97",IT,10/8/2025,SKU-2563
FAC-02936,PROV-0904,"7334,04",IT,20/5/2025,SKU-3724
FAC-02938,PROV-0830,"6292,38",IT,20/5/2025,SKU-2067
FAC-02942,PROV-0016,"6216,22",IT,30/9/2025,SKU-1231
FAC-02944,PROV-0186,"2295,28",IT,15/1/2025,SKU-6220
FAC-02947,PROV-0465,"4326,99",IT,18/1/2025,SKU-1426
FAC-02952,PROV-0637,"4476,71",IT,7/10/2025,SKU-1879
FAC-02957,PROV-0852,"10635,31",IT,2/5/2025,SKU-3980
FAC-02958,PROV-0183,"8812,9",IT,14/8/2025,SKU-6725
FAC-02970,PROV-0417,"1991,15",IT,19/3/2025,SKU-9558
FAC-02975,PROV-0330,"12801,57",IT,28/1/2025,SKU-8392
FAC-03000,PROV-0868,"7338,03",IT,19/7/2025,SKU-3110
FAC-03001,PROV-0745,"3437,3",IT,27/12/2025,SKU-3884
FAC-03006,PROV-0489,"9495,88",IT,22/3/2025,SKU-5763
FAC-03016,PROV-0230,"1245,79",IT,6/2/2025,SKU-4001
FAC-03017,PROV-0160,"8801,83",IT,5/7/2025,SKU-8571
FAC-03020,PROV-0490,"9747,22",IT,10/10/2025,SKU-5831
FAC-03025,PROV-0687,"10300,18",IT,25/8/2025,SKU-7275
FAC-03034,PROV-0224,"7765,28",IT,20/5/2025,SKU-4177
FAC-03041,PROV-0545,"3744,82",IT,21/9/2025,SKU-5047
FAC-03043,PROV-0655,"3320,51",IT,25/6/2025,SKU-6895
FAC-03045,PROV-0034,"12491,76",IT,7/2/2025,SKU-6695
FAC-03047,PROV-0784,"9639,6",IT,24/7/2025,SKU-6275
FAC-03054,PROV-0878,"10967,47",IT,26/7/2025,SKU-3018
FAC-03059,PROV-1000,"6546,1",IT,19/12/2025,SKU-5044
FAC-03063,PROV-0696,"7670,39",IT,13/4/2025,SKU-8038
FAC-03065,PROV-0875,"8162,33",IT,26/11/2025,SKU-5941
FAC-03089,PROV-0022,"8455,67",IT,2/11/2025,SKU-1494
FAC-03095,PROV-0123,"2266,73",IT,22/5/2025,SKU-8254
FAC-03102,PROV-0495,"7072,64",IT,19/9/2025,SKU-4156
FAC-03104,PROV-0690,"5810,92",IT,24/10/2025,SKU-1201
FAC-03112,PROV-0253,"4767,66",IT,5/6/2025,SKU-7824
FAC-03117,PROV-0573,"6906,93",IT,22/2/2025,SKU-5228
FAC-03138,PROV-0077,"13778,9",IT,27/4/2025,SKU-6068
FAC-03147,PROV-0377,"10036,72",IT,11/8/2025,SKU-5700
FAC-03151,PROV-0815,"8396,88",IT,6/8/2025,SKU-6207
FAC-03171,PROV-0422,"9614,11",IT,24/5/2025,SKU-3209
FAC-03176,PROV-0700,"12157,36",IT,29/4/2025,SKU-9965
FAC-03187,PROV-0463,"9726,16",IT,9/12/2025,SKU-3060
FAC-03196,PROV-0509,"9894,72",IT,21/10/2025,SKU-6733
FAC-03205,PROV-0117,"5884,59",IT,27/6/2025,SKU-7741
FAC-03209,PROV-0430,"7824,09",IT,14/8/2025,SKU-3625
FAC-03215,PROV-0539,"8922,49",IT,3/3/2025,SKU-4916
FAC-03226,PROV-0193,"14261,7",IT,4/7/2025,SKU-6267
FAC-03228,PROV-0173,"13207,05",IT,18/1/2025,SKU-7355
FAC-03232,PROV-0069,"261,8",IT,16/2/2025,SKU-6221
FAC-03235,PROV-0391,"1827,46",IT,2/12/2025,SKU-5496
FAC-03238,PROV-0667,"9281,49",IT,6/12/2025,SKU-6313
FAC-03246,PROV-0551,"13834,75",IT,3/1/2025,SKU-5823
FAC-03264,PROV-0055,"10988,93",IT,15/6/2025,SKU-1510
FAC-03277,PROV-0700,"12790,13",IT,19/1/2025,SKU-6928
FAC-03278,PROV-0689,"9302,15",IT,13/4/2025,SKU-7642
FAC-03284,PROV-0454,"1283,14",IT,16/8/2025,SKU-9825
FAC-03286,PROV-0722,"9912,81",IT,12/4/2025,SKU-3309
FAC-03288,PROV-0632,"9526,05",IT,29/4/2025,SKU-5160
FAC-03289,PROV-0211,"12750,63",IT,17/4/2025,SKU-8774
FAC-03294,PROV-0724,"3064,51",IT,4/6/2025,SKU-4355
FAC-03300,PROV-0892,"9676,5",IT,3/9/2025,SKU-7726
FAC-03301,PROV-0359,"8434,17",IT,13/2/2025,SKU-6548
FAC-03305,PROV-0115,"7609,94",IT,24/2/2025,SKU-7300
FAC-03309,PROV-0925,"10960,38",IT,3/5/2025,SKU-5759
FAC-03314,PROV-0518,"12160,77",IT,19/8/2025,SKU-6987
FAC-03323,PROV-0631,"14768,04",IT,16/7/2025,SKU-1848
FAC-03329,PROV-0801,"6198,36",IT,3/9/2025,SKU-2217
FAC-03332,PROV-0092,"14607,45",IT,5/3/2025,SKU-6513
FAC-03342,PROV-0607,"10511,25",IT,11/11/2025,SKU-9844
FAC-03347,PROV-0419,"456,9",IT,14/12/2025,SKU-3574
FAC-03351,PROV-0182,"12135,64",IT,11/8/2025,SKU-6909
FAC-03367,PROV-0205,"2697,87",IT,16/7/2025,SKU-7438
FAC-03369,PROV-0248,"5510,8",IT,10/2/2025,SKU-9152
FAC-03374,PROV-0457,"8921,25",IT,21/1/2025,SKU-9935
FAC-03376,PROV-0472,"5815,26",IT,27/2/2025,SKU-4786
FAC-03389,PROV-0989,"7375,53",IT,31/7/2025,SKU-2828
FAC-03391,PROV-0405,"11732,09",IT,11/6/2025,SKU-5078
FAC-03394,PROV-0024,"2902,22",IT,19/1/2025,SKU-7903
FAC-03395,PROV-0722,"5768,56",IT,14/6/2025,SKU-6136
FAC-03402,PROV-0019,"1479,78",IT,9/4/2025,SKU-6695
FAC-03405,PROV-0242,"2761,11",IT,17/12/2025,SKU-3215
FAC-03408,PROV-0499,"10976,71",IT,18/2/2025,SKU-5442
FAC-03409,PROV-0334,"1081,68",IT,17/5/2025,SKU-7695
FAC-03412,PROV-0159,"14623,13",IT,26/9/2025,SKU-9741
FAC-03417,PROV-0666,"7775,04",IT,1/6/2025,SKU-5556
FAC-03418,PROV-0778,"11914,47",IT,18/3/2025,SKU-5217
FAC-03420,PROV-0732,"2638,7",IT,9/4/2025,SKU-5830
FAC-03421,PROV-0626,"7383,99",IT,27/11/2025,SKU-6063
FAC-03431,PROV-0069,"5755,43",IT,12/5/2025,SKU-5298
FAC-03441,PROV-0147,"11634,65",IT,16/2/2025,SKU-1934
FAC-03460,PROV-0477,"7722,26",IT,21/4/2025,SKU-9598
FAC-03461,PROV-0143,"5837,39",IT,26/4/2025,SKU-5910
FAC-03471,PROV-0220,"3507,85",IT,9/12/2025,SKU-4630
FAC-03478,PROV-0165,"6944,61",IT,17/9/2025,SKU-3247
FAC-03489,PROV-0481,"2927,1",IT,1/4/2025,SKU-1543
FAC-03491,PROV-0465,"11467,6",IT,22/12/2025,SKU-5259
FAC-03508,PROV-0877,"10493,81",IT,14/6/2025,SKU-6189
FAC-03512,PROV-0302,10617,IT,14/5/2025,SKU-2120
FAC-03513,PROV-0002,"6266,96",IT,13/9/2025,SKU-6494
FAC-03515,PROV-0396,"7266,65",IT,15/2/2025,SKU-3946
FAC-03516,PROV-0479,"10258,42",IT,1/5/2025,SKU-2468
FAC-03517,PROV-0067,"13814,61",IT,11/2/2025,SKU-6804
FAC-03524,PROV-0716,"2148,53",IT,27/12/2025,SKU-2314
FAC-03537,PROV-0372,"13211,03",IT,15/6/2025,SKU-7954
FAC-03542,PROV-0160,"10357,55",IT,27/11/2025,SKU-3704
FAC-03551,PROV-0400,"4229,28",IT,23/8/2025,SKU-2320
FAC-03564,PROV-0997,"9297,79",IT,18/12/2025,SKU-4463
FAC-03569,PROV-0944,"7607,96",IT,22/12/2025,SKU-6027
FAC-03574,PROV-0469,"8424,39",IT,30/9/2025,SKU-2383
FAC-03575,PROV-0085,"3630,3",IT,25/10/2025,SKU-6062
FAC-03580,PROV-0521,"10576,59",IT,24/6/2025,SKU-9620
FAC-03581,PROV-0505,"7574,45",IT,3/12/2025,SKU-2103
FAC-03587,PROV-0983,"295,23",IT,18/10/2025,SKU-4738
FAC-03594,PROV-0432,"911,29",IT,28/6/2025,SKU-3946
FAC-03598,PROV-0292,"9875,91",IT,8/3/2025,SKU-3259
FAC-03600,PROV-0023,13983,IT,20/4/2025,SKU-3195
FAC-03627,PROV-0410,"13878,6",IT,10/4/2025,SKU-4388
FAC-03633,PROV-0900,"10606,11",IT,19/1/2025,SKU-6201
FAC-03636,PROV-0530,"10457,67",IT,5/6/2025,SKU-9381
FAC-03643,PROV-0757,"13919,08",IT,17/12/2025,SKU-6416
FAC-03662,PROV-0448,"342,89",IT,6/1/2025,SKU-9684
FAC-03665,PROV-0412,"10686,15",IT,18/5/2025,SKU-7800
FAC-03669,PROV-0241,"7163,74",IT,25/1/2025,SKU-2592
FAC-03674,PROV-0177,"7291,08",IT,7/6/2025,SKU-2838
FAC-03679,PROV-0959,"12733,8",IT,6/4/2025,SKU-4367
FAC-03681,PROV-0444,"12153,78",IT,6/2/2025,SKU-6490
FAC-03690,PROV-0076,"6641,67",IT,28/5/2025,SKU-3492
FAC-03704,PROV-0154,"7743,05",IT,17/7/2025,SKU-1825
FAC-03705,PROV-0991,"1851,22",IT,10/7/2025,SKU-2547
FAC-03709,PROV-0372,"3173,17",IT,18/8/2025,SKU-6845
FAC-03711,PROV-0256,"13838,33",IT,25/3/2025,SKU-9535
FAC-03712,PROV-0856,"7759,42",IT,23/4/2025,SKU-4777
FAC-03718,PROV-0352,"2281,94",IT,14/4/2025,SKU-4791
FAC-03720,PROV-0900,"268,77",IT,7/4/2025,SKU-3157
FAC-03722,PROV-0867,"11819,4",IT,8/1/2025,SKU-6051
FAC-03728,PROV-0091,"10953,79",IT,10/4/2025,SKU-7383
FAC-03736,PROV-0391,"978,53",IT,16/1/2025,SKU-6640
FAC-03749,PROV-0166,"1515,93",IT,6/10/2025,SKU-4779
FAC-03751,PROV-0966,"11774,91",IT,6/7/2025,SKU-2993
FAC-03756,PROV-0725,"5692,11",IT,29/10/2025,SKU-2335
FAC-03757,PROV-0062,"5729,7",IT,12/5/2025,SKU-4227
FAC-03759,PROV-0937,"10154,23",IT,20/6/2025,SKU-4208
FAC-03773,PROV-0505,1572,IT,4/8/2025,SKU-9936
FAC-03776,PROV-0014,"4670,88",IT,3/3/2025,SKU-2416
FAC-03782,PROV-0530,"7525,54",IT,5/7/2025,SKU-6456
FAC-03786,PROV-0130,"964,24",IT,11/5/2025,SKU-1707
FAC-03790,PROV-0740,"5177,07",IT,14/3/2025,SKU-5801
FAC-03792,PROV-0055,"8816,13",IT,21/7/2025,SKU-1019
FAC-03799,PROV-0704,"14503,31",IT,7/5/2025,SKU-2219
FAC-03801,PROV-0901,"7851,17",IT,12/4/2025,SKU-5412
FAC-03805,PROV-0423,"7959,56",IT,7/6/2025,SKU-2583
FAC-03810,PROV-0862,"10961,47",IT,14/12/2025,SKU-2818
FAC-03815,PROV-0092,"7121,61",IT,13/3/2025,SKU-7488
FAC-03816,PROV-0884,"4857,01",IT,1/5/2025,SKU-7643
FAC-03819,PROV-0558,"1034,41",IT,17/4/2025,SKU-4717
FAC-03824,PROV-0022,"9061,46",IT,2/9/2025,SKU-7682
FAC-03827,PROV-0296,"1223,32",IT,29/9/2025,SKU-5881
FAC-03831,PROV-0309,"11941,38",IT,27/2/2025,SKU-6169
FAC-03834,PROV-0043,"5149,41",IT,4/10/2025,SKU-6704
FAC-03835,PROV-0114,"4580,32",IT,23/2/2025,SKU-7634
FAC-03840,PROV-0075,"4853,15",IT,6/12/2025,SKU-9963
FAC-03844,PROV-0403,"11119,36",IT,12/5/2025,SKU-8853
FAC-03846,PROV-0441,"12701,53",IT,18/9/2025,SKU-8998
FAC-03849,PROV-0129,"11171,59",IT,5/4/2025,SKU-4620
FAC-03856,PROV-0895,"11449,67",IT,15/10/2025,SKU-4607
FAC-03863,PROV-0432,"5895,54",IT,30/6/2025,SKU-5997
FAC-03866,PROV-0813,"10424,84",IT,17/12/2025,SKU-8252
FAC-03869,PROV-0932,"13735,59",IT,6/5/2025,SKU-7642
FAC-03871,PROV-0864,"13301,75",IT,20/7/2025,SKU-9400
FAC-03883,PROV-0220,"2562,32",IT,16/12/2025,SKU-7307
FAC-03895,PROV-0959,"10759,36",IT,2/6/2025,SKU-2736
FAC-03904,PROV-0163,"13172,65",IT,27/3/2025,SKU-2792
FAC-03909,PROV-0319,"1679,44",IT,25/6/2025,SKU-3729
FAC-03911,PROV-0494,"7574,1",IT,2/7/2025,SKU-4534
FAC-03912,PROV-0749,"12369,39",IT,18/6/2025,SKU-8553
FAC-03917,PROV-0377,"11131,55",IT,19/5/2025,SKU-2366
FAC-03918,PROV-0553,"7812,35",IT,11/3/2025,SKU-4127
FAC-03922,PROV-0617,"1639,63",IT,9/3/2025,SKU-9346
FAC-03925,PROV-0606,"8811,71",IT,2/5/2025,SKU-6527
FAC-03936,PROV-0462,"6285,04",IT,17/7/2025,SKU-2248
FAC-03943,PROV-0052,"4507,82",IT,18/6/2025,SKU-4771
FAC-03955,PROV-0093,"4252,04",IT,15/1/2025,SKU-4696
FAC-03960,PROV-0311,"11689,41",IT,5/4/2025,SKU-9464
FAC-03978,PROV-0354,"2677,01",IT,21/11/2025,SKU-5628
FAC-03993,PROV-0658,"14337,66",IT,14/1/2025,SKU-8542
FAC-03994,PROV-0964,"1941,35",IT,27/10/2025,SKU-1274
FAC-03999,PROV-0581,"4998,25",IT,20/3/2025,SKU-3157
FAC-04000,PROV-0660,"11510,64",IT,14/6/2025,SKU-1304
FAC-04002,PROV-0392,"9661,86",IT,27/5/2025,SKU-2540
FAC-04006,PROV-0628,"13210,63",IT,30/11/2025,SKU-5947
FAC-04013,PROV-0159,"5034,95",IT,10/6/2025,SKU-5984
FAC-04018,PROV-0840,"6179,86",IT,6/5/2025,SKU-8230
FAC-04020,PROV-0613,"1390,52",IT,14/6/2025,SKU-5920
FAC-04023,PROV-0755,"3856,89",IT,9/1/2025,SKU-7227
FAC-04025,PROV-0218,"3963,26",IT,21/7/2025,SKU-4580
FAC-04031,PROV-0062,"7006,37",IT,27/8/2025,SKU-3394
FAC-04038,PROV-0183,"10962,76",IT,12/7/2025,SKU-8385
FAC-04041,PROV-0922,"2412,08",IT,19/4/2025,SKU-4386
FAC-04045,PROV-0904,"2775,15",IT,16/12/2025,SKU-6677
FAC-04048,PROV-0727,"13206,92",IT,30/8/2025,SKU-9145
FAC-04049,PROV-0440,"1168,02",IT,29/7/2025,SKU-5003
FAC-04051,PROV-0631,"3163,6",IT,3/6/2025,SKU-7885
FAC-04058,PROV-0842,"8184,81",IT,30/12/2025,SKU-2959
FAC-04059,PROV-0494,"13996,63",IT,15/1/2025,SKU-8542
FAC-04060,PROV-0786,"4247,94",IT,17/4/2025,SKU-9576
FAC-04071,PROV-0881,"7146,36",IT,5/5/2025,SKU-9860
FAC-04080,PROV-0428,"5423,95",IT,21/8/2025,SKU-4338
FAC-04089,PROV-0394,"9622,29",IT,6/4/2025,SKU-3484
FAC-04092,PROV-0533,"11427,75",IT,20/5/2025,SKU-9589
FAC-04106,PROV-0051,"1334,75",IT,28/10/2025,SKU-5887
FAC-04136,PROV-0229,"8208,64",IT,23/9/2025,SKU-6438
FAC-04151,PROV-0853,"7126,8",IT,8/10/2025,SKU-4318
FAC-04154,PROV-0800,"9090,06",IT,8/11/2025,SKU-5487
FAC-04157,PROV-0497,"7452,94",IT,8/4/2025,SKU-9614
FAC-04173,PROV-0803,"8017,1",IT,27/10/2025,SKU-4419
FAC-04177,PROV-0463,"6886,67",IT,14/3/2025,SKU-8589
FAC-04179,PROV-0618,"7458,74",IT,16/10/2025,SKU-6914
FAC-04181,PROV-0463,"2460,63",IT,12/6/2025,SKU-9674
FAC-04185,PROV-0462,"13210,3",IT,20/12/2025,SKU-6037
FAC-04190,PROV-0075,"5187,19",IT,5/7/2025,SKU-1883
FAC-04198,PROV-0159,"502,34",IT,2/2/2025,SKU-9788
FAC-04199,PROV-0725,"7198,58",IT,21/5/2025,SKU-7391
FAC-04202,PROV-0636,"12865,07",IT,14/11/2025,SKU-5338
FAC-04207,PROV-0370,"4496,02",IT,18/1/2025,SKU-9634
FAC-04213,PROV-0645,"13363,22",IT,27/3/2025,SKU-3579
FAC-04222,PROV-0101,"2634,95",IT,18/10/2025,SKU-7257
FAC-04235,PROV-0425,"14576,89",IT,17/10/2025,SKU-3918
FAC-04236,PROV-0005,"12667,6",IT,30/9/2025,SKU-4236
FAC-04243,PROV-0261,"6341,27",IT,26/5/2025,SKU-1975
FAC-04252,PROV-0131,"5920,2",IT,14/9/2025,SKU-1146
FAC-04262,PROV-0752,"4457,6",IT,28/11/2025,SKU-6085
FAC-04271,PROV-0467,"9188,19",IT,6/2/2025,SKU-9959
FAC-04274,PROV-0316,"14402,32",IT,27/5/2025,SKU-3138
FAC-04284,PROV-0059,"5419,4",IT,13/10/2025,SKU-5487
FAC-04285,PROV-0425,"4766,78",IT,7/2/2025,SKU-1396
FAC-04292,PROV-0190,"4243,89",IT,28/6/2025,SKU-1505
FAC-04307,PROV-0131,"574,7",IT,7/9/2025,SKU-5359
FAC-04308,PROV-0569,"4391,8",IT,12/5/2025,SKU-2472
FAC-04311,PROV-0878,"5766,61",IT,22/7/2025,SKU-6019
FAC-04313,PROV-0353,"12581,37",IT,21/12/2025,SKU-6061
FAC-04314,PROV-0756,"6202,47",IT,22/8/2025,SKU-8825
FAC-04316,PROV-0680,"3292,62",IT,19/12/2025,SKU-2059
FAC-04320,PROV-0354,"9397,79",IT,26/6/2025,SKU-9207
FAC-04321,PROV-0851,"7910,03",IT,7/8/2025,SKU-8692
FAC-04322,PROV-0243,"12126,74",IT,20/1/2025,SKU-8252
FAC-04324,PROV-0763,"10795,93",IT,15/11/2025,SKU-2168
FAC-04328,PROV-0286,"386,5",IT,22/1/2025,SKU-4369
FAC-04334,PROV-0679,"6520,47",IT,11/2/2025,SKU-1485
FAC-04335,PROV-0250,"13985,41",IT,19/2/2025,SKU-1959
FAC-04340,PROV-0786,"5790,97",IT,21/1/2025,SKU-7695
FAC-04344,PROV-0834,"14611,84",IT,23/9/2025,SKU-2443
FAC-04348,PROV-0703,"6919,45",IT,22/8/2025,SKU-9252
FAC-04364,PROV-0303,"12040,18",IT,21/9/2025,SKU-5216
FAC-04383,PROV-0399,"8211,62",IT,12/6/2025,SKU-8361
FAC-04389,PROV-0210,"3204,44",IT,13/12/2025,SKU-2396
FAC-04398,PROV-0999,"8904,9",IT,17/5/2025,SKU-8480
FAC-04399,PROV-0038,"3845,52",IT,23/2/2025,SKU-2083
FAC-04409,PROV-0555,"6094,79",IT,13/2/2025,SKU-4277
FAC-04419,PROV-0674,"14935,76",IT,25/7/2025,SKU-7313
FAC-04421,PROV-0258,"12119,07",IT,18/10/2025,SKU-3981
FAC-04425,PROV-0619,"5546,57",IT,12/10/2025,SKU-9451
FAC-04437,PROV-0923,"382,22",IT,20/1/2025,SKU-9677
FAC-04442,PROV-0985,"8961,5",IT,28/3/2025,SKU-8227
FAC-04443,PROV-0963,"2666,74",IT,12/5/2025,SKU-3833
FAC-04458,PROV-0290,"6214,45",IT,11/4/2025,SKU-7985
FAC-04462,PROV-0117,"10920,8",IT,22/1/2025,SKU-1116
FAC-04463,PROV-0372,"14255,38",IT,4/12/2025,SKU-8780
FAC-04464,PROV-0137,"3120,26",IT,8/7/2025,SKU-9447
FAC-04466,PROV-0549,"4306,47",IT,2/7/2025,SKU-4118
FAC-04468,PROV-0993,"13407,44",IT,11/8/2025,SKU-3657
FAC-04489,PROV-0156,"7328,3",IT,5/8/2025,SKU-1686
FAC-04492,PROV-0076,"3562,04",IT,27/12/2025,SKU-5018
FAC-04495,PROV-0217,"12801,69",IT,17/9/2025,SKU-7104
FAC-04499,PROV-0511,"6907,45",IT,28/11/2025,SKU-2646
FAC-04503,PROV-0404,"1593,47",IT,14/8/2025,SKU-5767
FAC-04507,PROV-0711,"8558,3",IT,16/6/2025,SKU-3798
FAC-04511,PROV-0263,"7763,9",IT,22/9/2025,SKU-3926
FAC-04512,PROV-0817,"1811,84",IT,27/8/2025,SKU-9763
FAC-04514,PROV-0406,"13984,67",IT,24/10/2025,SKU-3264
FAC-04529,PROV-0641,"7518,18",IT,25/7/2025,SKU-2463
FAC-04533,PROV-0997,"5856,86",IT,8/10/2025,SKU-5326
FAC-04546,PROV-0867,"14624,37",IT,19/12/2025,SKU-6895
FAC-04554,PROV-0045,"10936,27",IT,8/3/2025,SKU-2276
FAC-04558,PROV-0772,"11115,54",IT,15/5/2025,SKU-6574
FAC-04577,PROV-0944,"5551,3",IT,2/5/2025,SKU-4037
FAC-04579,PROV-0287,"12479,54",IT,16/9/2025,SKU-6975
FAC-04580,PROV-0278,"14139,25",IT,19/11/2025,SKU-3885
FAC-04582,PROV-0699,"386,25",IT,26/11/2025,SKU-6720
FAC-04585,PROV-0031,"6627,66",IT,7/9/2025,SKU-8837
FAC-04592,PROV-0938,"14108,11",IT,8/3/2025,SKU-9454
FAC-04594,PROV-0325,"13462,68",IT,3/1/2025,SKU-7305
FAC-04596,PROV-0949,"10593,66",IT,22/1/2025,SKU-8224
FAC-04602,PROV-0162,"686,7",IT,28/4/2025,SKU-6132
FAC-04618,PROV-0475,"12733,48",IT,13/6/2025,SKU-7467
FAC-04625,PROV-0455,"10464,14",IT,17/9/2025,SKU-8961
FAC-04627,PROV-0609,"9738,93",IT,30/6/2025,SKU-3575
FAC-04628,PROV-0437,"3631,33",IT,12/6/2025,SKU-4749
FAC-04631,PROV-0050,"8465,69",IT,23/4/2025,SKU-2642
FAC-04632,PROV-0777,"3106,19",IT,21/5/2025,SKU-3546
FAC-04634,PROV-0982,12686,IT,21/11/2025,SKU-6860
FAC-04635,PROV-0279,"6793,13",IT,4/4/2025,SKU-3171
FAC-04636,PROV-0263,"12134,25",IT,29/6/2025,SKU-6378
FAC-04644,PROV-0905,"967,82",IT,5/4/2025,SKU-9495
FAC-04645,PROV-0735,"12110,79",IT,8/1/2025,SKU-8288
FAC-04649,PROV-0379,"9177,57",IT,5/9/2025,SKU-9157
FAC-04652,PROV-0507,"4584,98",IT,19/4/2025,SKU-4239
FAC-04654,PROV-0099,"9240,53",IT,27/7/2025,SKU-4168
FAC-04657,PROV-0618,"7916,88",IT,5/1/2025,SKU-3912
FAC-04665,PROV-0350,"11368,92",IT,9/9/2025,SKU-8059
FAC-04685,PROV-0631,"2608,24",IT,31/8/2025,SKU-5832
FAC-04686,PROV-0481,"13192,2",IT,13/9/2025,SKU-9865
FAC-04692,PROV-0283,"4654,1",IT,14/7/2025,SKU-8918
FAC-04713,PROV-0233,"13133,92",IT,10/8/2025,SKU-2256
FAC-04719,PROV-0362,"12745,72",IT,10/6/2025,SKU-5068
FAC-04720,PROV-0295,"12043,88",IT,24/8/2025,SKU-7598
FAC-04724,PROV-0924,"3536,02",IT,30/11/2025,SKU-7487
FAC-04726,PROV-0838,"3566,05",IT,3/3/2025,SKU-4869
FAC-04729,PROV-0414,"14886,28",IT,16/4/2025,SKU-5145
FAC-04731,PROV-0345,"10279,06",IT,22/6/2025,SKU-1872
FAC-04736,PROV-0275,"6531,74",IT,16/9/2025,SKU-2662
FAC-04738,PROV-0797,"837,52",IT,28/2/2025,SKU-7289
FAC-04739,PROV-0712,"2366,47",IT,17/3/2025,SKU-1323
FAC-04740,PROV-0724,"7190,89",IT,3/5/2025,SKU-7859
FAC-04761,PROV-0752,"11758,36",IT,18/4/2025,SKU-2148
FAC-04764,PROV-0850,"11853,27",IT,4/9/2025,SKU-1037
FAC-04767,PROV-0641,"11773,73",IT,20/7/2025,SKU-5763
FAC-04778,PROV-0914,"2722,17",IT,28/9/2025,SKU-7515
FAC-04789,PROV-0979,"6813,53",IT,21/7/2025,SKU-9599
FAC-04802,PROV-0121,"9656,29",IT,5/3/2025,SKU-1297
FAC-04805,PROV-0846,1448,IT,27/1/2025,SKU-4349
FAC-04810,PROV-0822,"8347,35",IT,19/4/2025,SKU-9788
FAC-04811,PROV-0437,"3148,66",IT,6/2/2025,SKU-9567
FAC-04813,PROV-0707,"13687,31",IT,24/10/2025,SKU-1363
FAC-04814,PROV-0945,"4620,62",IT,26/6/2025,SKU-3403
FAC-04823,PROV-0043,"12198,16",IT,10/12/2025,SKU-8573
FAC-04831,PROV-0955,"11971,05",IT,24/3/2025,SKU-6526
FAC-04832,PROV-0187,"7121,51",IT,18/4/2025,SKU-5802
FAC-04845,PROV-0587,"2062,11",IT,19/8/2025,SKU-9406
FAC-04848,PROV-0225,"3940,95",IT,3/8/2025,SKU-7806
FAC-04852,PROV-0323,2251,IT,13/3/2025,SKU-2240
FAC-04857,PROV-0024,"12903,18",IT,4/9/2025,SKU-3477
FAC-04858,PROV-0218,"1623,36",IT,4/10/2025,SKU-9411
FAC-04863,PROV-0271,"7810,49",IT,21/2/2025,SKU-7189
FAC-04868,PROV-0975,"4391,14",IT,31/10/2025,SKU-7235
FAC-04875,PROV-0825,"9405,43",IT,25/4/2025,SKU-1462
FAC-04876,PROV-0388,"8494,85",IT,24/11/2025,SKU-1203
FAC-04891,PROV-0756,"5801,87",IT,28/5/2025,SKU-5355
FAC-04892,PROV-0806,"735,28",IT,29/12/2025,SKU-7896
FAC-04904,PROV-0209,"3150,99",IT,5/10/2025,SKU-8209
FAC-04906,PROV-0987,"11145,95",IT,28/1/2025,SKU-5994
FAC-04916,PROV-0769,"11939,73",IT,21/9/2025,SKU-3004
FAC-04918,PROV-0479,"14433,85",IT,18/9/2025,SKU-2409
FAC-04923,PROV-0568,"7689,54",IT,23/5/2025,SKU-9089
FAC-04925,PROV-0547,"9076,24",IT,4/10/2025,SKU-4699
FAC-04927,PROV-0908,"9008,22",IT,4/1/2025,SKU-3174
FAC-04937,PROV-0442,"8095,75",IT,2/12/2025,SKU-6638
FAC-04941,PROV-0031,"4955,3",IT,4/10/2025,SKU-3004
FAC-04942,PROV-0617,"4139,07",IT,27/2/2025,SKU-3394
FAC-04953,PROV-0939,"10362,89",IT,8/9/2025,SKU-1059
FAC-04964,PROV-0928,"8828,61",IT,10/1/2025,SKU-4689
FAC-04969,PROV-0345,"9572,57",IT,30/7/2025,SKU-9794
FAC-04972,PROV-0940,"8185,33",IT,28/6/2025,SKU-4170
FAC-04974,PROV-0743,"11438,43",IT,1/10/2025,SKU-1039
FAC-04991,PROV-0277,"11311,53",IT,22/2/2025,SKU-5141
FAC-04999,PROV-0343,"11359,83",IT,12/11/2025,SKU-3303
FAC-05001,PROV-0368,"13517,33",IT,6/3/2025,SKU-6580
FAC-05006,PROV-0684,"738,72",IT,10/9/2025,SKU-5454
FAC-05010,PROV-0858,"4412,4",IT,2/12/2025,SKU-1103
FAC-05011,PROV-0481,"7974,63",IT,18/2/2025,SKU-4569
FAC-05015,PROV-0883,"3619,82",IT,25/3/2025,SKU-1040
FAC-05022,PROV-0569,"8769,18",IT,2/12/2025,SKU-1220
FAC-05030,PROV-0966,"9802,61",IT,24/10/2025,SKU-6553
FAC-05031,PROV-0421,"7995,32",IT,20/11/2025,SKU-4669
FAC-05043,PROV-0526,"8606,15",IT,26/5/2025,SKU-8759
FAC-05044,PROV-0377,"11669,72",IT,11/3/2025,SKU-6296
FAC-05053,PROV-0336,"3278,3",IT,12/4/2025,SKU-1986
FAC-05082,PROV-0525,"7694,96",IT,12/11/2025,SKU-1302
FAC-05108,PROV-0675,"2215,16",IT,28/8/2025,SKU-9917
FAC-05109,PROV-0076,"10234,37",IT,14/2/2025,SKU-1900
FAC-05110,PROV-0867,"12318,56",IT,13/1/2025,SKU-4045
FAC-05112,PROV-0192,"8720,91",IT,2/5/2025,SKU-3755
FAC-05117,PROV-0828,"10308,63",IT,21/8/2025,SKU-9172
FAC-05126,PROV-0462,"2043,48",IT,28/2/2025,SKU-6987
FAC-05131,PROV-0843,"3087,77",IT,19/9/2025,SKU-7748
FAC-05133,PROV-0043,"12841,39",IT,3/3/2025,SKU-6388
FAC-05143,PROV-0366,"14253,62",IT,12/4/2025,SKU-6356
FAC-05152,PROV-0166,"11496,49",IT,31/5/2025,SKU-2307
FAC-05153,PROV-0708,"14754,5",IT,21/7/2025,SKU-5632
FAC-05154,PROV-0640,"755,13",IT,22/5/2025,SKU-9044
FAC-05157,PROV-0129,"1025,93",IT,17/9/2025,SKU-4515
FAC-05158,PROV-0276,"9885,19",IT,1/8/2025,SKU-6082
FAC-05166,PROV-0113,"14267,78",IT,28/5/2025,SKU-3869
FAC-05169,PROV-0881,"3436,41",IT,23/10/2025,SKU-1064
FAC-05178,PROV-0891,"6601,02",IT,3/10/2025,SKU-2850
FAC-05179,PROV-0071,"13458,87",IT,4/3/2025,SKU-7372
FAC-05181,PROV-0986,"10086,06",IT,28/10/2025,SKU-7098
FAC-05183,PROV-0958,"11054,7",IT,22/3/2025,SKU-4162
FAC-05185,PROV-0668,"14643,07",IT,17/4/2025,SKU-3989
FAC-05200,PROV-0397,"755,56",IT,18/6/2025,SKU-6417
FAC-05212,PROV-0942,"6268,16",IT,13/10/2025,SKU-4418
FAC-05216,PROV-0571,"11794,18",IT,7/3/2025,SKU-4835
FAC-05218,PROV-0148,"9567,22",IT,26/5/2025,SKU-1537
FAC-05222,PROV-0281,"2265,2",IT,12/5/2025,SKU-7062
FAC-05223,PROV-0965,"9089,01",IT,25/5/2025,SKU-2285
FAC-05225,PROV-0113,"5239,74",IT,5/6/2025,SKU-5237
FAC-05233,PROV-0489,"7486,52",IT,18/10/2025,SKU-2205
FAC-05239,PROV-0997,"13249,24",IT,31/7/2025,SKU-2960
FAC-05243,PROV-0919,"7701,97",IT,25/2/2025,SKU-3148
FAC-05252,PROV-0988,"5394,52",IT,19/8/2025,SKU-2226
FAC-05256,PROV-0205,"6774,96",IT,25/8/2025,SKU-9792
FAC-05259,PROV-0085,"476,25",IT,25/9/2025,SKU-3514
FAC-05268,PROV-0337,"4051,51",IT,3/11/2025,SKU-6474
FAC-05269,PROV-0589,"4174,24",IT,29/9/2025,SKU-6443
FAC-05273,PROV-0635,"7079,19",IT,29/5/2025,SKU-8105
FAC-05282,PROV-0659,"7395,68",IT,25/10/2025,SKU-8953
FAC-05285,PROV-0902,"944,35",IT,7/2/2025,SKU-1539
FAC-05296,PROV-0814,"11683,73",IT,2/11/2025,SKU-4241
FAC-05304,PROV-0171,"7766,38",IT,16/9/2025,SKU-7406
FAC-05305,PROV-0252,"1332,19",IT,14/3/2025,SKU-4826
FAC-05309,PROV-0518,"3071,21",IT,1/9/2025,SKU-3230
FAC-05319,PROV-0497,"13450,39",IT,19/1/2025,SKU-6781
FAC-05334,PROV-0732,"9067,66",IT,7/2/2025,SKU-7748
FAC-05337,PROV-0810,"10841,41",IT,5/11/2025,SKU-4854
FAC-05339,PROV-0480,"13051,42",IT,25/1/2025,SKU-2916
FAC-05341,PROV-0465,"5875,36",IT,27/12/2025,SKU-4446
FAC-05347,PROV-0852,"5814,66",IT,12/5/2025,SKU-8114
FAC-05355,PROV-0597,"937,6",IT,19/9/2025,SKU-6501
FAC-05361,PROV-0034,"8244,7",IT,2/11/2025,SKU-1608
FAC-05363,PROV-0028,"7526,73",IT,30/11/2025,SKU-4175
FAC-05375,PROV-0653,"14672,61",IT,20/12/2025,SKU-1615
FAC-05392,PROV-0159,"1089,64",IT,25/11/2025,SKU-9495
FAC-05402,PROV-0035,"3116,17",IT,18/11/2025,SKU-9963
FAC-05404,PROV-0599,"8841,77",IT,20/8/2025,SKU-9499
FAC-05414,PROV-0077,"11014,31",IT,14/6/2025,SKU-8786
FAC-05416,PROV-0603,"14085,08",IT,4/6/2025,SKU-6376
FAC-05431,PROV-0079,"6893,04",IT,30/4/2025,SKU-5960
FAC-05434,PROV-0663,"8868,6",IT,8/11/2025,SKU-2365
FAC-05448,PROV-0942,"912,48",IT,20/8/2025,SKU-8076
FAC-05453,PROV-0543,"12740,5",IT,6/4/2025,SKU-4994
FAC-05454,PROV-0349,"3399,93",IT,22/8/2025,SKU-8755
FAC-05457,PROV-0533,"11417,12",IT,23/10/2025,SKU-2564
FAC-05464,PROV-0627,"14145,36",IT,4/2/2025,SKU-3499
FAC-05469,PROV-0655,"14958,04",IT,6/12/2025,SKU-1733
FAC-05471,PROV-0144,"14159,27",IT,2/3/2025,SKU-6643
FAC-05472,PROV-0282,"4352,58",IT,24/4/2025,SKU-8966
FAC-05474,PROV-0831,"2281,85",IT,8/12/2025,SKU-7471
FAC-05475,PROV-0913,"13704,46",IT,26/10/2025,SKU-8266
FAC-05488,PROV-0269,"13645,17",IT,7/11/2025,SKU-7774
FAC-05497,PROV-0440,"12860,17",IT,2/5/2025,SKU-8990
FAC-05506,PROV-0603,"11891,45",IT,14/10/2025,SKU-6660
FAC-05507,PROV-0922,"11601,41",IT,24/9/2025,SKU-3305
FAC-05510,PROV-0640,"2571,21",IT,13/10/2025,SKU-2714
FAC-05524,PROV-0705,"12654,42",IT,3/5/2025,SKU-6918
FAC-05532,PROV-0261,"1332,05",IT,31/7/2025,SKU-5002
FAC-05547,PROV-0857,"6848,4",IT,24/11/2025,SKU-9103
FAC-05551,PROV-0662,"5566,61",IT,20/9/2025,SKU-8171
FAC-05552,PROV-0508,"14096,68",IT,28/7/2025,SKU-2872
FAC-05565,PROV-0375,"14676,43",IT,30/3/2025,SKU-5293
FAC-05570,PROV-0966,"2197,5",IT,10/1/2025,SKU-3581
FAC-05579,PROV-0445,"6767,48",IT,21/4/2025,SKU-3804
FAC-05586,PROV-0861,"13132,29",IT,30/4/2025,SKU-6531
FAC-05587,PROV-0255,"13020,71",IT,9/5/2025,SKU-8313
FAC-05591,PROV-0423,"587,72",IT,4/12/2025,SKU-3298
FAC-05595,PROV-0092,"9556,58",IT,11/4/2025,SKU-2170
FAC-05599,PROV-0727,"14299,71",IT,15/6/2025,SKU-7193
FAC-05609,PROV-0878,"9152,05",IT,27/12/2025,SKU-7812
FAC-05611,PROV-0844,"4930,99",IT,18/11/2025,SKU-4600
FAC-05616,PROV-0752,"9175,72",IT,6/10/2025,SKU-1473
FAC-05622,PROV-0198,"4014,71",IT,26/12/2025,SKU-1574
FAC-05627,PROV-0819,"9428,78",IT,10/5/2025,SKU-5355
FAC-05631,PROV-0324,"712,47",IT,5/8/2025,SKU-4140
FAC-05659,PROV-0119,"13630,59",IT,29/3/2025,SKU-8400
FAC-05662,PROV-0872,"11900,29",IT,3/6/2025,SKU-5788
FAC-05667,PROV-0340,"10482,95",IT,4/10/2025,SKU-5423
FAC-05672,PROV-0523,"5513,32",IT,3/10/2025,SKU-8998
FAC-05677,PROV-0719,"12512,54",IT,7/3/2025,SKU-2661
FAC-05687,PROV-0678,"9694,52",IT,3/9/2025,SKU-9018
FAC-05698,PROV-0420,"11085,82",IT,5/12/2025,SKU-2484
FAC-05701,PROV-0441,"8925,06",IT,7/4/2025,SKU-3463
FAC-05705,PROV-0208,"5570,69",IT,5/1/2025,SKU-4355
FAC-05713,PROV-0670,"10686,99",IT,29/10/2025,SKU-8156
FAC-05717,PROV-0684,"3977,92",IT,6/8/2025,SKU-2462
FAC-05721,PROV-0919,"4373,03",IT,4/2/2025,SKU-1211
FAC-05725,PROV-0544,"7834,81",IT,16/12/2025,SKU-7153
FAC-05728,PROV-0827,"5802,25",IT,18/12/2025,SKU-5727
FAC-05735,PROV-0406,"11173,14",IT,5/10/2025,SKU-1824
FAC-05737,PROV-0323,"12200,05",IT,24/6/2025,SKU-2353
FAC-05750,PROV-0078,"4363,63",IT,1/6/2025,SKU-3387
FAC-05757,PROV-0986,"2842,2",IT,31/1/2025,SKU-5033
FAC-05769,PROV-0686,"1902,83",IT,17/2/2025,SKU-9732
FAC-05775,PROV-0782,"4064,4",IT,25/12/2025,SKU-3137
FAC-05785,PROV-0713,"241,23",IT,8/8/2025,SKU-7010
FAC-05786,PROV-0139,"4085,36",IT,22/8/2025,SKU-6195
FAC-05795,PROV-0361,"5739,3",IT,19/9/2025,SKU-1461
FAC-05809,PROV-0397,"11279,62",IT,13/9/2025,SKU-9350
FAC-05810,PROV-0970,"918,51",IT,15/8/2025,SKU-9605
FAC-05813,PROV-0352,"3321,13",IT,14/1/2025,SKU-4455
FAC-05814,PROV-0915,"4417,68",IT,20/9/2025,SKU-4201
FAC-05822,PROV-0859,"253,52",IT,31/1/2025,SKU-7449
FAC-05823,PROV-0095,"8812,63",IT,17/6/2025,SKU-9526
FAC-05824,PROV-0109,"10238,4",IT,14/8/2025,SKU-4931
FAC-05833,PROV-0097,"9835,17",IT,4/5/2025,SKU-8803
FAC-05842,PROV-0728,"12216,48",IT,15/4/2025,SKU-3614
FAC-05848,PROV-0401,"10086,07",IT,28/10/2025,SKU-4377
FAC-05852,PROV-0697,"1595,66",IT,7/4/2025,SKU-1379
FAC-05854,PROV-0044,"2088,82",IT,22/4/2025,SKU-2191
FAC-05855,PROV-0853,"1106,41",IT,20/3/2025,SKU-6598
FAC-05857,PROV-0249,"10002,11",IT,31/7/2025,SKU-6933
FAC-05860,PROV-0238,"3144,02",IT,29/11/2025,SKU-6229
FAC-05861,PROV-0611,"2816,22",IT,30/9/2025,SKU-9104
FAC-05868,PROV-0039,"9683,96",IT,10/7/2025,SKU-8099
FAC-05872,PROV-0261,"2232,59",IT,30/12/2025,SKU-4319
FAC-05874,PROV-0228,"12883,09",IT,10/10/2025,SKU-1062
FAC-05878,PROV-0966,"10242,4",IT,17/12/2025,SKU-1214
FAC-05884,PROV-0031,"12079,02",IT,26/7/2025,SKU-7689
FAC-05906,PROV-0664,"6896,42",IT,4/7/2025,SKU-2509
FAC-05914,PROV-0434,"280,58",IT,30/8/2025,SKU-5596
FAC-05928,PROV-0843,"7807,26",IT,7/11/2025,SKU-2407
FAC-05939,PROV-0041,"9516,48",IT,20/2/2025,SKU-2045
FAC-05950,PROV-0407,"14184,21",IT,19/8/2025,SKU-5296
FAC-05952,PROV-0063,"3299,14",IT,26/11/2025,SKU-8864
FAC-05954,PROV-0759,"378,12",IT,16/10/2025,SKU-6908
FAC-05959,PROV-0603,"12530,78",IT,26/11/2025,SKU-7563
FAC-05963,PROV-0468,"5843,01",IT,2/5/2025,SKU-8203
FAC-05965,PROV-0258,"4429,18",IT,1/10/2025,SKU-6181
FAC-05971,PROV-0903,"12214,82",IT,11/11/2025,SKU-8960
FAC-05974,PROV-0998,"10454,59",IT,24/4/2025,SKU-1711
FAC-05978,PROV-0132,"8422,23",IT,21/3/2025,SKU-5153
FAC-05981,PROV-0167,"1473,42",IT,20/7/2025,SKU-7102
FAC-05983,PROV-0690,"8963,46",IT,28/3/2025,SKU-1225
FAC-05997,PROV-0205,"10940,24",IT,9/8/2025,SKU-4536
FAC-06009,PROV-0627,"2760,41",IT,11/3/2025,SKU-9022
FAC-06010,PROV-0569,"3741,16",IT,7/10/2025,SKU-5607
FAC-06011,PROV-0702,"8861,51",IT,18/1/2025,SKU-8940
FAC-06016,PROV-0204,"12621,01",IT,7/6/2025,SKU-3850
FAC-06023,PROV-0399,"7741,62",IT,25/9/2025,SKU-6391
FAC-06031,PROV-0828,"5802,71",IT,27/7/2025,SKU-2342
FAC-06033,PROV-0855,"11307,18",IT,18/12/2025,SKU-4056
FAC-06036,PROV-0674,"1219,75",IT,7/6/2025,SKU-1992
FAC-06049,PROV-0763,"12162,31",IT,14/12/2025,SKU-8166
FAC-06051,PROV-0245,"13127,02",IT,12/2/2025,SKU-7638
FAC-06054,PROV-0120,"10326,63",IT,23/9/2025,SKU-3304
FAC-06057,PROV-0875,"3713,14",IT,27/4/2025,SKU-2252
FAC-06063,PROV-0297,"4207,75",IT,11/5/2025,SKU-1694
FAC-06071,PROV-0291,"7162,77",IT,9/9/2025,SKU-3920
FAC-06079,PROV-0865,"3557,18",IT,23/5/2025,SKU-3883
FAC-06080,PROV-0627,"5229,38",IT,22/12/2025,SKU-7043
FAC-06081,PROV-0946,"10905,75",IT,5/9/2025,SKU-9683
FAC-06085,PROV-0013,"11870,91",IT,18/5/2025,SKU-4918
FAC-06086,PROV-0755,"9147,79",IT,1/12/2025,SKU-8864
FAC-06088,PROV-0014,"2602,54",IT,7/6/2025,SKU-3061
FAC-06097,PROV-0027,"5154,17",IT,21/2/2025,SKU-2772
FAC-06098,PROV-0006,14220,IT,7/8/2025,SKU-5135
FAC-06100,PROV-0517,"1889,25",IT,7/9/2025,SKU-9665
FAC-06101,PROV-0143,"2931,37",IT,22/2/2025,SKU-3757
FAC-06113,PROV-0053,"2577,81",IT,4/9/2025,SKU-1962
FAC-06117,PROV-0159,"2893,51",IT,7/9/2025,SKU-4892
FAC-06118,PROV-0493,"10610,72",IT,13/8/2025,SKU-4259
FAC-06119,PROV-0770,"9660,52",IT,16/3/2025,SKU-8241
FAC-06128,PROV-0259,"4348,48",IT,5/3/2025,SKU-4268
FAC-06131,PROV-0693,"668,04",IT,8/5/2025,SKU-8973
FAC-06132,PROV-0176,"9826,94",IT,13/5/2025,SKU-3986
FAC-06143,PROV-0458,"9313,98",IT,9/12/2025,SKU-6635
FAC-06147,PROV-0143,"9971,11",IT,25/6/2025,SKU-7936
FAC-06158,PROV-0990,"5359,59",IT,20/1/2025,SKU-5504
FAC-06173,PROV-0854,"266,83",IT,16/6/2025,SKU-5060
FAC-06198,PROV-0663,"11046,32",IT,4/7/2025,SKU-8240
FAC-06208,PROV-0292,"5288,67",IT,20/12/2025,SKU-1458
FAC-06209,PROV-0998,"1606,87",IT,28/7/2025,SKU-6758
FAC-06218,PROV-0245,"9172,64",IT,6/5/2025,SKU-5114
FAC-06224,PROV-0326,"4987,7",IT,24/11/2025,SKU-7265
FAC-06244,PROV-0519,"10626,59",IT,15/9/2025,SKU-9940
FAC-06260,PROV-0172,"8130,9",IT,1/2/2025,SKU-3949
FAC-06265,PROV-0898,"687,29",IT,29/1/2025,SKU-8163
FAC-06279,PROV-0411,"12035,2",IT,19/1/2025,SKU-9177
FAC-06289,PROV-0011,"3899,39",IT,13/3/2025,SKU-8939
FAC-06290,PROV-0721,"494,23",IT,20/9/2025,SKU-2288
FAC-06302,PROV-0154,"10313,58",IT,4/3/2025,SKU-1643
FAC-06305,PROV-0523,"6131,63",IT,2/10/2025,SKU-7953
FAC-06309,PROV-0354,"5450,22",IT,13/4/2025,SKU-8523
FAC-06311,PROV-0719,"443,6",IT,29/8/2025,SKU-1046
FAC-06312,PROV-0721,"9145,6",IT,22/11/2025,SKU-3274
FAC-06313,PROV-0521,"3483,63",IT,19/10/2025,SKU-8342
FAC-06325,PROV-0672,"5204,75",IT,31/10/2025,SKU-2676
FAC-06328,PROV-0588,"4642,99",IT,30/11/2025,SKU-1969
FAC-06329,PROV-0301,"9104,02",IT,19/9/2025,SKU-1585
FAC-06330,PROV-0696,"7333,62",IT,16/2/2025,SKU-9646
FAC-06331,PROV-0513,"3326,68",IT,28/1/2025,SKU-5887
FAC-06332,PROV-0777,"1401,11",IT,15/1/2025,SKU-2428
FAC-06337,PROV-0481,"9949,59",IT,17/12/2025,SKU-2263
FAC-06352,PROV-0413,"963,03",IT,1/7/2025,SKU-6304
FAC-06359,PROV-0674,"4328,19",IT,6/11/2025,SKU-4251
FAC-06374,PROV-0782,"3509,44",IT,14/10/2025,SKU-4265
FAC-06381,PROV-0467,"11322,59",IT,28/6/2025,SKU-3579
FAC-06385,PROV-0556,"4357,53",IT,6/12/2025,SKU-8626
FAC-06392,PROV-0281,"8155,49",IT,17/3/2025,SKU-5578
FAC-06400,PROV-0486,"6014,91",IT,27/3/2025,SKU-8736
FAC-06415,PROV-0593,"2967,6",IT,17/6/2025,SKU-4470
FAC-06416,PROV-0183,"11673,63",IT,3/12/2025,SKU-1009
FAC-06421,PROV-0450,"5398,48",IT,10/9/2025,SKU-7307
FAC-06424,PROV-0565,"12073,59",IT,20/5/2025,SKU-5915
FAC-06426,PROV-0370,"8236,01",IT,28/10/2025,SKU-9357
FAC-06429,PROV-0314,"3963,33",IT,17/11/2025,SKU-2834
FAC-06446,PROV-0782,"14742,71",IT,3/12/2025,SKU-9950
FAC-06449,PROV-0872,"10756,62",IT,27/3/2025,SKU-4214
FAC-06450,PROV-0145,14227,IT,30/5/2025,SKU-7845
FAC-06464,PROV-0523,"5120,38",IT,22/10/2025,SKU-6188
FAC-06465,PROV-0004,"6687,68",IT,15/11/2025,SKU-1688
FAC-06469,PROV-0329,"13060,82",IT,17/12/2025,SKU-7422
FAC-06473,PROV-0639,"5065,66",IT,13/11/2025,SKU-3691
FAC-06481,PROV-0364,"13022,55",IT,12/7/2025,SKU-5267
FAC-06483,PROV-0375,"9823,91",IT,10/11/2025,SKU-6435
FAC-06486,PROV-0138,"5478,14",IT,14/1/2025,SKU-1069
FAC-06489,PROV-0738,"8012,22",IT,25/3/2025,SKU-3721
FAC-06490,PROV-0814,"2727,53",IT,12/2/2025,SKU-3913
FAC-06512,PROV-0150,"11167,99",IT,7/7/2025,SKU-9878
FAC-06514,PROV-0605,"12123,51",IT,22/3/2025,SKU-6211
FAC-06520,PROV-0454,"6941,13",IT,2/1/2025,SKU-5279
FAC-06527,PROV-0611,"9615,83",IT,31/3/2025,SKU-4639
FAC-06536,PROV-0345,"2922,61",IT,6/3/2025,SKU-9920
FAC-06540,PROV-0391,"6402,63",IT,13/7/2025,SKU-5028
FAC-06546,PROV-0028,"8285,95",IT,30/7/2025,SKU-3129
FAC-06548,PROV-0177,"12248,65",IT,4/5/2025,SKU-7716
FAC-06549,PROV-0845,"512,75",IT,21/6/2025,SKU-3734
FAC-06559,PROV-0669,"7492,87",IT,10/6/2025,SKU-8835
FAC-06570,PROV-0339,"7442,05",IT,12/1/2025,SKU-2942
FAC-06571,PROV-0070,7162,IT,25/5/2025,SKU-6283
FAC-06576,PROV-0556,"12675,18",IT,10/9/2025,SKU-9013
FAC-06579,PROV-0552,"10029,24",IT,7/12/2025,SKU-9918
FAC-06580,PROV-0223,"11800,11",IT,27/8/2025,SKU-1889
FAC-06581,PROV-0590,"14378,08",IT,18/6/2025,SKU-6952
FAC-06593,PROV-0070,"7220,63",IT,6/8/2025,SKU-5051
FAC-06601,PROV-0993,"5463,47",IT,14/1/2025,SKU-7094
FAC-06602,PROV-0583,"6914,71",IT,10/6/2025,SKU-1117
FAC-06637,PROV-0562,"3211,61",IT,10/10/2025,SKU-5126
FAC-06643,PROV-0164,"14882,95",IT,25/10/2025,SKU-1307
FAC-06644,PROV-0126,"12001,84",IT,27/4/2025,SKU-3008
FAC-06652,PROV-0042,"5993,43",IT,1/11/2025,SKU-5464
FAC-06654,PROV-0227,"5201,19",IT,14/9/2025,SKU-2405
FAC-06655,PROV-0932,"1581,31",IT,27/6/2025,SKU-4792
FAC-06657,PROV-0413,"2285,01",IT,3/10/2025,SKU-8158
FAC-06663,PROV-0225,"1985,96",IT,1/8/2025,SKU-5996
FAC-06664,PROV-0721,"877,87",IT,22/8/2025,SKU-6913
FAC-06668,PROV-0706,"12752,89",IT,1/10/2025,SKU-7181
FAC-06672,PROV-0860,"12450,48",IT,14/5/2025,SKU-1933
FAC-06691,PROV-0843,"12561,69",IT,7/7/2025,SKU-8114
FAC-06697,PROV-0102,"6756,92",IT,20/2/2025,SKU-9643
FAC-06700,PROV-0741,"12194,55",IT,20/6/2025,SKU-9727
FAC-06709,PROV-0130,"11114,54",IT,23/2/2025,SKU-9062
FAC-06721,PROV-0070,"12393,62",IT,8/9/2025,SKU-6892
FAC-06741,PROV-0214,"8149,19",IT,10/11/2025,SKU-1552
FAC-06745,PROV-0947,"7728,42",IT,14/8/2025,SKU-2493
FAC-06747,PROV-0289,"2003,33",IT,1/1/2025,SKU-5462
FAC-06748,PROV-0035,"13803,06",IT,29/4/2025,SKU-9553
FAC-06750,PROV-0703,"6765,28",IT,24/10/2025,SKU-9663
FAC-06776,PROV-0023,"10335,02",IT,4/3/2025,SKU-4421
FAC-06778,PROV-0636,"14738,98",IT,26/10/2025,SKU-8276
FAC-06781,PROV-0012,"10402,21",IT,17/1/2025,SKU-8792
FAC-06784,PROV-0773,"10957,32",IT,4/2/2025,SKU-4342
FAC-06793,PROV-0935,"12790,94",IT,2/7/2025,SKU-8733
FAC-06797,PROV-0158,"14008,81",IT,14/10/2025,SKU-7575
FAC-06814,PROV-0698,"813,54",IT,22/10/2025,SKU-3645
FAC-06821,PROV-0701,"6279,87",IT,27/11/2025,SKU-9584
FAC-06836,PROV-0554,"5863,77",IT,28/6/2025,SKU-6261
FAC-06855,PROV-0367,"7815,73",IT,27/9/2025,SKU-3421
FAC-06875,PROV-0750,"7877,69",IT,25/6/2025,SKU-4144
FAC-06877,PROV-0060,"14613,54",IT,9/11/2025,SKU-4266
FAC-06879,PROV-0586,"4245,25",IT,30/5/2025,SKU-3059
FAC-06880,PROV-0023,"8813,78",IT,13/6/2025,SKU-5525
FAC-06886,PROV-0115,"2281,07",IT,2/10/2025,SKU-4706
FAC-06893,PROV-0297,"8937,14",IT,8/2/2025,SKU-2234
FAC-06896,PROV-0944,"9493,6",IT,23/5/2025,SKU-6788
FAC-06905,PROV-0771,"9457,37",IT,15/9/2025,SKU-1400
FAC-06918,PROV-0292,"5210,21",IT,5/3/2025,SKU-8622
FAC-06919,PROV-0987,"3773,7",IT,20/2/2025,SKU-2409
FAC-06923,PROV-0595,"4388,64",IT,15/6/2025,SKU-8750
FAC-06926,PROV-0186,"9952,02",IT,30/10/2025,SKU-7885
FAC-06930,PROV-0995,"7759,9",IT,11/7/2025,SKU-9275
FAC-06931,PROV-0803,"3861,29",IT,8/1/2025,SKU-1867
FAC-06933,PROV-0565,"5368,27",IT,10/9/2025,SKU-3365
FAC-06938,PROV-0543,"5086,88",IT,11/7/2025,SKU-3081
FAC-06939,PROV-0194,"3872,99",IT,23/6/2025,SKU-1923
FAC-06940,PROV-0034,"12703,96",IT,15/7/2025,SKU-6762
FAC-06950,PROV-0394,"13554,64",IT,13/4/2025,SKU-6112
FAC-06957,PROV-0892,"4934,63",IT,12/9/2025,SKU-1591
FAC-06964,PROV-0370,"13994,86",IT,3/5/2025,SKU-8531
FAC-06967,PROV-0043,"8989,72",IT,6/2/2025,SKU-7595
FAC-06971,PROV-0746,"10727,09",IT,19/3/2025,SKU-5286
FAC-06981,PROV-0327,"5907,71",IT,30/12/2025,SKU-4907
FAC-06982,PROV-0498,"3139,95",IT,23/5/2025,SKU-1996
FAC-06984,PROV-0673,"6732,52",IT,1/6/2025,SKU-7458
FAC-06989,PROV-0032,"10080,73",IT,7/7/2025,SKU-4903
FAC-06990,PROV-0236,"1709,83",IT,28/6/2025,SKU-5184
FAC-06991,PROV-0441,"5132,48",IT,21/10/2025,SKU-1376
FAC-06996,PROV-0840,"12792,04",IT,9/2/2025,SKU-4466
FAC-06998,PROV-0553,"13330,26",IT,24/4/2025,SKU-6721
FAC-07004,PROV-0280,"9153,13",IT,24/4/2025,SKU-3266
FAC-07008,PROV-0351,"837,48",IT,19/12/2025,SKU-4787
FAC-07011,PROV-0653,"14671,73",IT,17/7/2025,SKU-3651
FAC-07018,PROV-0994,"1482,44",IT,19/4/2025,SKU-5834
FAC-07021,PROV-0448,"13739,21",IT,7/8/2025,SKU-9020
FAC-07022,PROV-0738,"2632,61",IT,2/9/2025,SKU-8980
FAC-07026,PROV-0354,"2955,11",IT,19/2/2025,SKU-5512
FAC-07032,PROV-0312,"6264,91",IT,27/6/2025,SKU-8477
FAC-07035,PROV-0023,"12646,64",IT,13/4/2025,SKU-3288
FAC-07049,PROV-0128,"509,15",IT,15/9/2025,SKU-8385
FAC-07053,PROV-0961,"945,27",IT,24/6/2025,SKU-4517
FAC-07058,PROV-0962,"1426,36",IT,2/5/2025,SKU-2402
FAC-07067,PROV-0008,"13773,16",IT,16/2/2025,SKU-3354
FAC-07071,PROV-0396,"6381,18",IT,28/9/2025,SKU-9288
FAC-07087,PROV-0334,"7016,67",IT,25/2/2025,SKU-4391
FAC-07089,PROV-0118,"14890,63",IT,1/12/2025,SKU-4183
FAC-07091,PROV-0125,"10149,26",IT,16/5/2025,SKU-9590
FAC-07092,PROV-0903,"2705,9",IT,9/11/2025,SKU-8111
FAC-07097,PROV-0398,"3739,61",IT,22/9/2025,SKU-1746
FAC-07099,PROV-0358,"7592,13",IT,7/8/2025,SKU-1563
FAC-07112,PROV-0963,"3136,13",IT,25/11/2025,SKU-7818
FAC-07117,PROV-0679,"543,47",IT,27/8/2025,SKU-2469
FAC-07122,PROV-0240,"4175,01",IT,25/4/2025,SKU-3488
FAC-07125,PROV-0596,"4528,94",IT,20/3/2025,SKU-9418
FAC-07129,PROV-0254,"12517,71",IT,10/5/2025,SKU-1706
FAC-07131,PROV-0314,"7427,58",IT,16/4/2025,SKU-4127
FAC-07140,PROV-0117,"3389,01",IT,8/5/2025,SKU-5108
FAC-07142,PROV-0980,"11315,82",IT,18/4/2025,SKU-4162
FAC-07151,PROV-0606,"2498,05",IT,17/1/2025,SKU-9081
FAC-07172,PROV-0598,"4971,05",IT,21/9/2025,SKU-8441
FAC-07173,PROV-0064,"8729,98",IT,15/3/2025,SKU-9620
FAC-07175,PROV-0629,"12883,97",IT,27/10/2025,SKU-8124
FAC-07179,PROV-0157,"5696,05",IT,23/3/2025,SKU-9356
FAC-07181,PROV-0452,"11875,82",IT,12/6/2025,SKU-9368
FAC-07182,PROV-0298,"12954,57",IT,30/8/2025,SKU-7438
FAC-07193,PROV-0334,"1486,2",IT,9/11/2025,SKU-8852
FAC-07195,PROV-0686,"5981,7",IT,30/7/2025,SKU-4328
FAC-07211,PROV-0249,"5565,93",IT,7/8/2025,SKU-2176
FAC-07213,PROV-0789,"6882,97",IT,27/5/2025,SKU-9647
FAC-07216,PROV-0035,"3160,5",IT,29/5/2025,SKU-6869
FAC-07218,PROV-0114,"9229,05",IT,5/2/2025,SKU-3314
FAC-07221,PROV-0167,"11756,64",IT,27/5/2025,SKU-9890
FAC-07230,PROV-0709,"14547,9",IT,25/5/2025,SKU-6496
FAC-07231,PROV-0745,"11892,29",IT,17/8/2025,SKU-2837
FAC-07253,PROV-0434,"1009,02",IT,14/9/2025,SKU-5262
FAC-07255,PROV-0824,"8426,74",IT,12/12/2025,SKU-7123
FAC-07266,PROV-0845,"13852,63",IT,26/3/2025,SKU-6658
FAC-07273,PROV-0906,"4640,81",IT,26/3/2025,SKU-6117
FAC-07278,PROV-0720,"8405,89",IT,29/6/2025,SKU-3540
FAC-07283,PROV-0184,"12920,88",IT,22/3/2025,SKU-3598
FAC-07284,PROV-0591,"11576,04",IT,20/4/2025,SKU-5033
FAC-07308,PROV-0980,"10841,95",IT,28/2/2025,SKU-1695
FAC-07309,PROV-0433,"1086,66",IT,8/10/2025,SKU-7893
FAC-07310,PROV-0622,"6848,47",IT,29/5/2025,SKU-4291
FAC-07311,PROV-0493,"10116,84",IT,1/11/2025,SKU-7786
FAC-07315,PROV-0231,"12932,64",IT,31/3/2025,SKU-3185
FAC-07317,PROV-0607,"14984,85",IT,12/11/2025,SKU-5404
FAC-07329,PROV-0239,"14775,5",IT,11/6/2025,SKU-3863
FAC-07330,PROV-0150,"4873,39",IT,12/2/2025,SKU-6744
FAC-07335,PROV-0939,"5976,48",IT,9/8/2025,SKU-2740
FAC-07336,PROV-0443,"14544,63",IT,3/5/2025,SKU-6845
FAC-07340,PROV-0431,"236,93",IT,25/4/2025,SKU-6113
FAC-07355,PROV-0568,"11305,49",IT,17/8/2025,SKU-7038
FAC-07363,PROV-0478,"6774,84",IT,17/3/2025,SKU-1202
FAC-07367,PROV-0853,"6486,53",IT,2/11/2025,SKU-8188
FAC-07379,PROV-0524,"8224,1",IT,27/1/2025,SKU-2393
FAC-07380,PROV-0909,"10257,8",IT,26/9/2025,SKU-9909
FAC-07397,PROV-0541,"3296,3",IT,10/10/2025,SKU-2571
FAC-07405,PROV-0894,"302,54",IT,7/7/2025,SKU-7653
FAC-07406,PROV-0024,"6186,89",IT,5/1/2025,SKU-9347
FAC-07409,PROV-0164,"12400,39",IT,25/6/2025,SKU-3322
FAC-07411,PROV-0260,"11529,92",IT,14/11/2025,SKU-6583
FAC-07415,PROV-0332,"6288,61",IT,23/5/2025,SKU-5549
FAC-07446,PROV-0710,"4228,45",IT,10/9/2025,SKU-9229
FAC-07450,PROV-0905,"2237,6",IT,8/3/2025,SKU-6851
FAC-07452,PROV-0328,"11318,52",IT,30/9/2025,SKU-9935
FAC-07461,PROV-0957,"9243,53",IT,24/10/2025,SKU-4548
FAC-07472,PROV-0355,"2874,57",IT,26/8/2025,SKU-8919
FAC-07473,PROV-0732,"10620,2",IT,13/2/2025,SKU-9432
FAC-07477,PROV-0325,"8777,34",IT,18/11/2025,SKU-8103
FAC-07478,PROV-0560,"10366,5",IT,18/12/2025,SKU-7993
FAC-07492,PROV-0411,"10783,26",IT,17/7/2025,SKU-9198
FAC-07502,PROV-0525,"1277,08",IT,16/9/2025,SKU-3743
FAC-07504,PROV-0655,"10544,31",IT,3/10/2025,SKU-2609
FAC-07508,PROV-0546,"5608,23",IT,29/6/2025,SKU-7806
FAC-07514,PROV-0141,"11717,24",IT,17/1/2025,SKU-7427
FAC-07516,PROV-0801,"13641,65",IT,30/7/2025,SKU-6906
FAC-07517,PROV-0391,"6937,07",IT,29/4/2025,SKU-2433
FAC-07537,PROV-0918,"6365,67",IT,4/3/2025,SKU-5206
FAC-07538,PROV-0571,"14713,37",IT,22/8/2025,SKU-3752
FAC-07541,PROV-0200,"8535,91",IT,2/3/2025,SKU-4069
FAC-07542,PROV-0374,"5492,82",IT,24/9/2025,SKU-2221
FAC-07547,PROV-0906,"3482,29",IT,16/11/2025,SKU-5134
FAC-07551,PROV-0948,"6358,51",IT,21/3/2025,SKU-4518
FAC-07557,PROV-0602,"5333,08",IT,13/9/2025,SKU-6555
FAC-07559,PROV-0069,"14854,16",IT,31/8/2025,SKU-9867
FAC-07560,PROV-0302,"4072,46",IT,5/2/2025,SKU-9588
FAC-07564,PROV-0345,"2800,99",IT,14/11/2025,SKU-4937
FAC-07578,PROV-0305,"3680,02",IT,23/7/2025,SKU-2553
FAC-07600,PROV-0630,"4734,26",IT,26/5/2025,SKU-9197
FAC-07608,PROV-0158,"14233,36",IT,5/12/2025,SKU-9480
FAC-07625,PROV-0526,"2492,09",IT,2/3/2025,SKU-1698
FAC-07626,PROV-0981,"539,76",IT,22/9/2025,SKU-8667
FAC-07629,PROV-0233,"8274,63",IT,22/4/2025,SKU-6598
FAC-07632,PROV-0707,"10327,8",IT,2/6/2025,SKU-4934
FAC-07633,PROV-0806,"13025,68",IT,29/4/2025,SKU-6522
FAC-07638,PROV-0453,"9378,43",IT,20/1/2025,SKU-7349
FAC-07641,PROV-0873,"4243,09",IT,24/1/2025,SKU-7842
FAC-07659,PROV-0330,"11678,12",IT,25/9/2025,SKU-7696
FAC-07664,PROV-0649,"7258,37",IT,23/5/2025,SKU-2397
FAC-07668,PROV-0742,"6301,21",IT,8/6/2025,SKU-7015
FAC-07674,PROV-0842,"363,35",IT,15/1/2025,SKU-9921
FAC-07676,PROV-0853,"4879,91",IT,2/12/2025,SKU-1191
FAC-07689,PROV-0722,"14941,07",IT,1/12/2025,SKU-7662
FAC-07692,PROV-0972,"11959,62",IT,26/9/2025,SKU-9410
FAC-07707,PROV-0472,"12183,34",IT,14/5/2025,SKU-7961
FAC-07709,PROV-0461,"5135,94",IT,7/2/2025,SKU-1143
FAC-07746,PROV-0925,"12446,86",IT,29/11/2025,SKU-7523
FAC-07751,PROV-0902,"4581,25",IT,14/12/2025,SKU-3629
FAC-07756,PROV-0831,"9491,07",IT,29/12/2025,SKU-6499
FAC-07758,PROV-0525,"6020,55",IT,6/5/2025,SKU-8731
FAC-07765,PROV-0957,"2683,31",IT,18/1/2025,SKU-6130
FAC-07766,PROV-0852,"7171,3",IT,21/12/2025,SKU-7026
FAC-07772,PROV-0807,"3781,7",IT,18/4/2025,SKU-9412
FAC-07780,PROV-0668,"7995,89",IT,10/7/2025,SKU-7277
FAC-07781,PROV-0741,"11850,15",IT,27/10/2025,SKU-2214
FAC-07790,PROV-0372,"4253,23",IT,21/4/2025,SKU-1149
FAC-07791,PROV-0252,"1696,99",IT,16/10/2025,SKU-4147
FAC-07797,PROV-0555,"5988,6",IT,21/6/2025,SKU-9824
FAC-07801,PROV-0435,"11440,25",IT,31/10/2025,SKU-8195
FAC-07805,PROV-0731,"12715,94",IT,18/4/2025,SKU-5588
FAC-07807,PROV-0079,"3621,62",IT,26/10/2025,SKU-2225
FAC-07808,PROV-0604,"14775,03",IT,18/3/2025,SKU-1397
FAC-07812,PROV-0864,"2826,88",IT,17/10/2025,SKU-1030
FAC-07814,PROV-0857,"5891,82",IT,26/2/2025,SKU-8073
FAC-07815,PROV-0757,"2206,44",IT,15/8/2025,SKU-8946
FAC-07819,PROV-0896,"5853,67",IT,10/6/2025,SKU-4566
FAC-07822,PROV-0073,"10920,87",IT,23/8/2025,SKU-9631
FAC-07846,PROV-0200,"14290,75",IT,19/7/2025,SKU-9308
FAC-07848,PROV-0163,"1107,26",IT,12/5/2025,SKU-6278
FAC-07856,PROV-0912,"10128,49",IT,2/3/2025,SKU-6831
FAC-07862,PROV-0001,"8171,43",IT,23/10/2025,SKU-8372
FAC-07865,PROV-0535,"1717,06",IT,21/4/2025,SKU-1858
FAC-07866,PROV-0107,"8071,71",IT,14/5/2025,SKU-6430
FAC-07868,PROV-0134,"13049,86",IT,2/8/2025,SKU-6428
FAC-07872,PROV-0171,"4882,83",IT,9/4/2025,SKU-6153
FAC-07875,PROV-0219,"13794,82",IT,31/1/2025,SKU-5415
FAC-07884,PROV-0635,"2989,71",IT,31/7/2025,SKU-5248
FAC-07885,PROV-0922,"13677,26",IT,16/12/2025,SKU-7032
FAC-07910,PROV-0498,"10193,12",IT,13/11/2025,SKU-4439
FAC-07920,PROV-0087,"1681,2",IT,10/4/2025,SKU-6782
FAC-07924,PROV-0826,"7120,61",IT,4/12/2025,SKU-4352
FAC-07926,PROV-0590,"5001,92",IT,11/7/2025,SKU-7469
FAC-07927,PROV-0026,"14353,55",IT,23/3/2025,SKU-8522
FAC-07933,PROV-0262,"9438,6",IT,26/2/2025,SKU-6793
FAC-07941,PROV-0461,"12726,05",IT,6/2/2025,SKU-2226
FAC-07947,PROV-0752,"10001,09",IT,8/5/2025,SKU-9692
FAC-07955,PROV-0583,"11302,46",IT,2/7/2025,SKU-1945
FAC-07961,PROV-0381,"4245,42",IT,2/10/2025,SKU-9465
FAC-07979,PROV-0993,"12981,77",IT,11/6/2025,SKU-9834
FAC-07982,PROV-0465,"1284,1",IT,6/7/2025,SKU-8967
FAC-07990,PROV-0987,"14175,77",IT,15/6/2025,SKU-9548
FAC-07993,PROV-0940,"12582,1",IT,25/3/2025,SKU-7021
FAC-07999,PROV-0675,"11704,5",IT,14/3/2025,SKU-7903
FAC-08002,PROV-0688,"1758,18",IT,9/6/2025,SKU-1783
FAC-08004,PROV-0533,"11004,43",IT,7/6/2025,SKU-4566
FAC-08007,PROV-0158,"5608,98",IT,22/11/2025,SKU-3641
FAC-08012,PROV-0787,"9915,05",IT,7/6/2025,SKU-2397
FAC-08014,PROV-0651,"2737,06",IT,2/2/2025,SKU-1951
FAC-08017,PROV-0337,"5249,41",IT,25/10/2025,SKU-7044
FAC-08019,PROV-0392,"5374,79",IT,18/3/2025,SKU-1738
FAC-08024,PROV-0129,"384,37",IT,17/10/2025,SKU-1810
FAC-08035,PROV-0879,"3743,36",IT,8/2/2025,SKU-8989
FAC-08036,PROV-0512,"14368,8",IT,2/4/2025,SKU-5110
FAC-08038,PROV-0754,"5361,17",IT,1/7/2025,SKU-9148
FAC-08039,PROV-0602,"11589,87",IT,31/10/2025,SKU-7511
FAC-08044,PROV-0789,"10902,46",IT,7/9/2025,SKU-9365
FAC-08045,PROV-0493,"6176,29",IT,3/4/2025,SKU-2420
FAC-08049,PROV-0788,"9698,24",IT,3/6/2025,SKU-3377
FAC-08054,PROV-0644,"10127,29",IT,14/6/2025,SKU-6722
FAC-08055,PROV-0094,"2313,72",IT,11/11/2025,SKU-1005
FAC-08058,PROV-0850,"2183,7",IT,3/2/2025,SKU-3382
FAC-08060,PROV-0425,"7552,48",IT,15/4/2025,SKU-7134
FAC-08066,PROV-0549,"5558,13",IT,9/6/2025,SKU-7651
FAC-08067,PROV-0067,"6924,72",IT,30/11/2025,SKU-8503
FAC-08068,PROV-0660,"6258,44",IT,7/8/2025,SKU-3363
FAC-08074,PROV-0351,"8356,76",IT,19/8/2025,SKU-2909
FAC-08077,PROV-0494,"9713,42",IT,21/4/2025,SKU-6381
FAC-08079,PROV-0202,"11958,59",IT,16/10/2025,SKU-6474
FAC-08085,PROV-0793,"3746,37",IT,12/4/2025,SKU-4333
FAC-08088,PROV-0585,"3463,44",IT,18/8/2025,SKU-1536
FAC-08104,PROV-0962,"5577,51",IT,25/11/2025,SKU-3752
FAC-08111,PROV-0141,"11717,92",IT,12/9/2025,SKU-9532
FAC-08112,PROV-0197,"2136,91",IT,17/9/2025,SKU-3434
FAC-08124,PROV-0408,"9525,18",IT,22/8/2025,SKU-2010
FAC-08126,PROV-0479,"6977,57",IT,3/1/2025,SKU-6433
FAC-08135,PROV-0663,"6739,93",IT,19/1/2025,SKU-2598
FAC-08136,PROV-0934,"10351,61",IT,18/3/2025,SKU-3961
FAC-08146,PROV-0962,"12780,17",IT,23/3/2025,SKU-7271
FAC-08150,PROV-0495,"10542,97",IT,19/4/2025,SKU-2782
FAC-08158,PROV-0964,"6903,44",IT,25/2/2025,SKU-6340
FAC-08161,PROV-0323,"14977,53",IT,10/12/2025,SKU-8856
FAC-08187,PROV-0031,"4794,63",IT,6/7/2025,SKU-3219
FAC-08196,PROV-0476,"9535,89",IT,27/5/2025,SKU-6935
FAC-08226,PROV-0844,"9972,08",IT,25/11/2025,SKU-2165
FAC-08228,PROV-0637,"13627,89",IT,11/9/2025,SKU-1040
FAC-08233,PROV-0559,"8872,36",IT,1/1/2025,SKU-3895
FAC-08235,PROV-0293,"10593,95",IT,1/4/2025,SKU-5216
FAC-08239,PROV-0294,"7380,45",IT,24/3/2025,SKU-2460
FAC-08245,PROV-0251,"9370,52",IT,21/1/2025,SKU-6958
FAC-08259,PROV-0800,"2840,28",IT,5/2/2025,SKU-7090
FAC-08262,PROV-0502,"12242,49",IT,18/11/2025,SKU-1545
FAC-08263,PROV-0653,"2137,76",IT,11/3/2025,SKU-7742
FAC-08269,PROV-0420,"1516,65",IT,26/4/2025,SKU-9156
FAC-08282,PROV-0802,"7485,2",IT,7/9/2025,SKU-1748
FAC-08285,PROV-0359,"9651,43",IT,5/3/2025,SKU-8454
FAC-08302,PROV-0879,"3785,08",IT,14/4/2025,SKU-5628
FAC-08303,PROV-0023,"5160,57",IT,16/5/2025,SKU-6237
FAC-08310,PROV-0007,"1808,65",IT,21/2/2025,SKU-1997
FAC-08324,PROV-0121,"4891,74",IT,14/4/2025,SKU-6536
FAC-08333,PROV-0101,"3903,81",IT,23/11/2025,SKU-1704
FAC-08336,PROV-0852,"11952,83",IT,4/8/2025,SKU-9836
FAC-08345,PROV-0268,"525,38",IT,23/11/2025,SKU-6795
FAC-08349,PROV-0771,"4620,94",IT,1/10/2025,SKU-6673
FAC-08354,PROV-0443,4388,IT,22/3/2025,SKU-7639
FAC-08356,PROV-0651,"14609,07",IT,24/1/2025,SKU-3662
FAC-08357,PROV-0696,"11498,25",IT,8/9/2025,SKU-1696
FAC-08369,PROV-0788,"4194,93",IT,2/4/2025,SKU-4711
FAC-08371,PROV-0052,"8231,58",IT,27/9/2025,SKU-1418
FAC-08374,PROV-0283,"13650,52",IT,16/8/2025,SKU-1653
FAC-08380,PROV-0946,"6450,09",IT,19/3/2025,SKU-8870
FAC-08383,PROV-0556,"9408,7",IT,4/4/2025,SKU-3805
FAC-08389,PROV-0722,"4823,39",IT,25/1/2025,SKU-1771
FAC-08401,PROV-0708,"3609,37",IT,20/5/2025,SKU-5213
FAC-08402,PROV-0275,"13422,84",IT,6/5/2025,SKU-6328
FAC-08419,PROV-0897,"9501,1",IT,7/12/2025,SKU-1546
FAC-08428,PROV-0498,"10153,49",IT,3/2/2025,SKU-8240
FAC-08435,PROV-0342,"7897,47",IT,28/5/2025,SKU-9704
FAC-08441,PROV-0460,"6012,62",IT,8/7/2025,SKU-4161
FAC-08465,PROV-0902,"6975,89",IT,21/5/2025,SKU-6343
FAC-08466,PROV-0616,"1267,02",IT,22/8/2025,SKU-4278
FAC-08475,PROV-0042,"2492,9",IT,1/1/2025,SKU-2629
FAC-08476,PROV-0593,"13851,6",IT,4/7/2025,SKU-5711
FAC-08479,PROV-0558,"3269,77",IT,29/11/2025,SKU-8110
FAC-08480,PROV-0658,"1617,09",IT,22/12/2025,SKU-6181
FAC-08485,PROV-0930,"8526,18",IT,14/6/2025,SKU-1865
FAC-08486,PROV-0157,"11722,67",IT,4/4/2025,SKU-2422
FAC-08498,PROV-0342,"3037,05",IT,28/6/2025,SKU-9008
FAC-08502,PROV-0043,"9993,83",IT,16/5/2025,SKU-7782
FAC-08507,PROV-0396,"896,33",IT,23/10/2025,SKU-4882
FAC-08509,PROV-0294,"14512,82",IT,27/5/2025,SKU-6628
FAC-08513,PROV-0283,"2095,57",IT,2/5/2025,SKU-1767
FAC-08517,PROV-0557,"14205,93",IT,21/7/2025,SKU-1717
FAC-08521,PROV-0402,"2160,47",IT,20/1/2025,SKU-9291
FAC-08526,PROV-0291,"2376,22",IT,8/7/2025,SKU-8449
FAC-08536,PROV-0093,"12126,05",IT,10/7/2025,SKU-9271
FAC-08537,PROV-0572,"1853,37",IT,22/12/2025,SKU-2082
FAC-08554,PROV-0424,"12816,73",IT,31/5/2025,SKU-3178
FAC-08559,PROV-0288,"356,02",IT,6/3/2025,SKU-8473
FAC-08561,PROV-0281,"4932,52",IT,1/11/2025,SKU-7039
FAC-08565,PROV-0242,"1403,18",IT,15/10/2025,SKU-7735
FAC-08569,PROV-0464,"12213,74",IT,10/9/2025,SKU-6006
FAC-08573,PROV-0516,"11000,51",IT,18/12/2025,SKU-4549
FAC-08579,PROV-0312,"9503,81",IT,10/1/2025,SKU-5776
FAC-08587,PROV-0031,"2201,36",IT,19/1/2025,SKU-9561
FAC-08589,PROV-0934,"8970,03",IT,16/5/2025,SKU-7519
FAC-08601,PROV-0156,"12960,07",IT,24/10/2025,SKU-1432
FAC-08609,PROV-0499,"8258,12",IT,27/2/2025,SKU-8389
FAC-08611,PROV-0135,"7176,74",IT,27/12/2025,SKU-6883
FAC-08618,PROV-0378,"9606,06",IT,13/10/2025,SKU-9768
FAC-08623,PROV-0425,"8099,47",IT,19/6/2025,SKU-3298
FAC-08630,PROV-0218,"7773,55",IT,5/11/2025,SKU-2624
FAC-08638,PROV-0301,"7813,06",IT,26/9/2025,SKU-4845
FAC-08642,PROV-0503,"12352,62",IT,1/6/2025,SKU-9224
FAC-08649,PROV-0792,"8035,46",IT,30/4/2025,SKU-4337
FAC-08651,PROV-0184,"5543,66",IT,3/3/2025,SKU-8509
FAC-08653,PROV-0365,"750,97",IT,11/2/2025,SKU-4300
FAC-08660,PROV-0806,"5471,33",IT,15/11/2025,SKU-8753
FAC-08661,PROV-0602,"8650,2",IT,31/10/2025,SKU-7360
FAC-08664,PROV-0051,"2009,25",IT,11/4/2025,SKU-8436
FAC-08675,PROV-0092,"3850,54",IT,11/3/2025,SKU-8078
FAC-08683,PROV-0704,"8440,84",IT,28/8/2025,SKU-8262
FAC-08685,PROV-0134,"7120,88",IT,10/9/2025,SKU-7185
FAC-08687,PROV-0637,"6857,68",IT,16/3/2025,SKU-3714
FAC-08688,PROV-0357,"6587,85",IT,10/6/2025,SKU-3436
FAC-08699,PROV-0986,"7881,75",IT,30/11/2025,SKU-9971
FAC-08701,PROV-0346,"5103,74",IT,15/8/2025,SKU-7656
FAC-08710,PROV-0528,"4387,99",IT,21/11/2025,SKU-4496
FAC-08714,PROV-0983,"3688,13",IT,6/3/2025,SKU-5682
FAC-08717,PROV-0165,"2375,8",IT,25/6/2025,SKU-6252
FAC-08720,PROV-0102,"13597,31",IT,21/3/2025,SKU-6404
FAC-08733,PROV-0154,"1463,94",IT,30/6/2025,SKU-1154
FAC-08737,PROV-0740,"7924,63",IT,15/12/2025,SKU-4743
FAC-08746,PROV-0180,"6591,04",IT,29/11/2025,SKU-4685
FAC-08759,PROV-0788,"5767,95",IT,1/4/2025,SKU-4117
FAC-08766,PROV-0043,"5086,68",IT,2/8/2025,SKU-2744
FAC-08770,PROV-0611,"2010,81",IT,20/4/2025,SKU-6472
FAC-08772,PROV-0476,"4993,04",IT,27/10/2025,SKU-5173
FAC-08778,PROV-0444,"4731,82",IT,13/3/2025,SKU-9728
FAC-08784,PROV-0311,"2663,58",IT,15/1/2025,SKU-5905
FAC-08785,PROV-0326,"868,44",IT,24/5/2025,SKU-1992
FAC-08790,PROV-0363,"11473,49",IT,25/7/2025,SKU-6488
FAC-08792,PROV-0612,"2136,8",IT,23/7/2025,SKU-2170
FAC-08794,PROV-0858,"5104,52",IT,11/7/2025,SKU-5870
FAC-08796,PROV-0884,"857,44",IT,2/2/2025,SKU-2471
FAC-08797,PROV-0305,"4457,77",IT,21/3/2025,SKU-7093
FAC-08801,PROV-0486,"14236,79",IT,5/2/2025,SKU-2059
FAC-08803,PROV-0126,"4545,94",IT,21/9/2025,SKU-9454
FAC-08808,PROV-0364,"12035,89",IT,9/9/2025,SKU-4363
FAC-08809,PROV-0076,"10930,34",IT,16/7/2025,SKU-8801
FAC-08814,PROV-0436,"10919,16",IT,4/11/2025,SKU-3257
FAC-08815,PROV-0177,"5024,5",IT,23/7/2025,SKU-5136
FAC-08822,PROV-0772,"11073,37",IT,16/6/2025,SKU-3408
FAC-08826,PROV-0932,"5751,99",IT,3/2/2025,SKU-8675
FAC-08829,PROV-0305,"13085,91",IT,6/3/2025,SKU-8118
FAC-08836,PROV-0628,"14661,24",IT,26/1/2025,SKU-1776
FAC-08840,PROV-0043,"8838,44",IT,13/11/2025,SKU-1839
FAC-08849,PROV-0709,"13121,68",IT,18/4/2025,SKU-5059
FAC-08861,PROV-0489,"6376,93",IT,28/12/2025,SKU-1286
FAC-08869,PROV-0270,"6003,79",IT,1/10/2025,SKU-4627
FAC-08871,PROV-0656,"3474,28",IT,26/3/2025,SKU-9560
FAC-08872,PROV-0246,"7117,98",IT,17/5/2025,SKU-7930
FAC-08874,PROV-0986,"10233,72",IT,23/7/2025,SKU-7107
FAC-08877,PROV-0085,"10065,41",IT,22/6/2025,SKU-6615
FAC-08881,PROV-0511,"1048,11",IT,25/11/2025,SKU-2369
FAC-08884,PROV-0507,"11535,81",IT,22/12/2025,SKU-7675
FAC-08894,PROV-0476,"9095,24",IT,5/11/2025,SKU-8937
FAC-08899,PROV-0812,"207,14",IT,27/3/2025,SKU-7844
FAC-08900,PROV-0990,"7333,05",IT,14/10/2025,SKU-3483
FAC-08902,PROV-0528,"9275,54",IT,23/8/2025,SKU-8642
FAC-08906,PROV-0577,"10508,88",IT,8/7/2025,SKU-7084
FAC-08918,PROV-0678,"1361,27",IT,9/2/2025,SKU-4670
FAC-08922,PROV-0689,"11176,37",IT,28/1/2025,SKU-3082
FAC-08924,PROV-0690,"4855,91",IT,5/10/2025,SKU-4926
FAC-08925,PROV-0254,"3883,55",IT,16/2/2025,SKU-2847
FAC-08932,PROV-0438,"6525,17",IT,3/10/2025,SKU-4892
FAC-08939,PROV-0799,"8653,05",IT,1/3/2025,SKU-7447
FAC-08940,PROV-0975,"12409,72",IT,15/12/2025,SKU-6231
FAC-08946,PROV-0504,"14926,85",IT,15/12/2025,SKU-9693
FAC-08949,PROV-0545,"8726,54",IT,13/11/2025,SKU-7080
FAC-08955,PROV-0142,"1762,41",IT,18/9/2025,SKU-8818
FAC-08958,PROV-0195,"1884,83",IT,8/9/2025,SKU-8963
FAC-08963,PROV-0880,"12567,04",IT,3/1/2025,SKU-9791
FAC-08967,PROV-0684,"2516,44",IT,13/4/2025,SKU-2100
FAC-08968,PROV-0410,"11349,89",IT,25/9/2025,SKU-3345
FAC-08984,PROV-0665,"11570,93",IT,20/10/2025,SKU-9493
FAC-08985,PROV-0783,"7348,27",IT,18/9/2025,SKU-3593
FAC-08993,PROV-0202,"14127,44",IT,9/9/2025,SKU-3550
FAC-08994,PROV-0563,"9205,72",IT,12/7/2025,SKU-5510
FAC-08996,PROV-0111,"8434,35",IT,29/5/2025,SKU-2620
FAC-08998,PROV-0788,"4308,75",IT,17/7/2025,SKU-4279
FAC-09005,PROV-0009,"11925,88",IT,20/12/2025,SKU-5819
FAC-09006,PROV-0378,"8688,75",IT,12/4/2025,SKU-2061
FAC-09007,PROV-0815,"12085,59",IT,9/1/2025,SKU-3779
FAC-09008,PROV-0862,"2081,27",IT,24/11/2025,SKU-1808
FAC-09010,PROV-0602,"12491,85",IT,4/11/2025,SKU-1447
FAC-09013,PROV-0609,"3743,81",IT,17/7/2025,SKU-2743
FAC-09018,PROV-0876,5328,IT,7/8/2025,SKU-7200
FAC-09021,PROV-0579,"10711,45",IT,1/3/2025,SKU-2632
FAC-09022,PROV-0315,"1531,84",IT,5/12/2025,SKU-5431
FAC-09028,PROV-0529,"6596,71",IT,20/10/2025,SKU-2224
FAC-09037,PROV-0111,"12426,98",IT,30/12/2025,SKU-6021
FAC-09043,PROV-0467,"5540,13",IT,16/12/2025,SKU-5889
FAC-09045,PROV-0245,5689,IT,13/3/2025,SKU-3040
FAC-09050,PROV-0762,"2553,35",IT,28/11/2025,SKU-9151
FAC-09053,PROV-0361,"1839,94",IT,10/6/2025,SKU-5975
FAC-09056,PROV-0680,"6321,23",IT,28/5/2025,SKU-1043
FAC-09060,PROV-0586,"3169,31",IT,15/12/2025,SKU-8841
FAC-09066,PROV-0629,"6862,34",IT,30/6/2025,SKU-1601
FAC-09078,PROV-0777,"2709,99",IT,14/5/2025,SKU-6615
FAC-09086,PROV-0899,"10284,84",IT,20/3/2025,SKU-3314
FAC-09087,PROV-0139,"815,18",IT,8/7/2025,SKU-5915
FAC-09089,PROV-0474,"3081,93",IT,16/1/2025,SKU-3078
FAC-09098,PROV-0897,"10828,77",IT,6/9/2025,SKU-2298
FAC-09101,PROV-0276,"1812,91",IT,12/5/2025,SKU-1254
FAC-09103,PROV-0365,"14036,48",IT,26/12/2025,SKU-9934
FAC-09113,PROV-0284,"13906,47",IT,12/1/2025,SKU-6658
FAC-09115,PROV-0514,"3312,46",IT,8/7/2025,SKU-3705
FAC-09127,PROV-0260,"6335,44",IT,1/3/2025,SKU-5993
FAC-09132,PROV-0444,"10309,45",IT,29/1/2025,SKU-9097
FAC-09138,PROV-0739,"14308,47",IT,30/7/2025,SKU-6679
FAC-09140,PROV-0786,"5302,29",IT,21/5/2025,SKU-5562
FAC-09141,PROV-0420,"9717,76",IT,6/1/2025,SKU-8419
FAC-09156,PROV-0629,"10352,5",IT,16/2/2025,SKU-1686
FAC-09159,PROV-0873,"13004,14",IT,17/10/2025,SKU-7553
FAC-09162,PROV-0616,"5263,74",IT,19/9/2025,SKU-3877
FAC-09172,PROV-0134,"10046,29",IT,16/6/2025,SKU-8827
FAC-09176,PROV-0089,"14044,7",IT,15/1/2025,SKU-4061
FAC-09179,PROV-0750,"10381,17",IT,12/4/2025,SKU-5373
FAC-09185,PROV-0091,"5022,07",IT,12/10/2025,SKU-4223
FAC-09187,PROV-0748,"8002,1",IT,16/11/2025,SKU-9363
FAC-09204,PROV-0897,"4058,83",IT,4/8/2025,SKU-2403
FAC-09216,PROV-0973,"9245,41",IT,16/5/2025,SKU-6729
FAC-09226,PROV-0259,"3034,97",IT,22/9/2025,SKU-6292
FAC-09236,PROV-0888,"7741,25",IT,14/8/2025,SKU-6876
FAC-09238,PROV-0094,"592,7",IT,26/9/2025,SKU-5888
FAC-09252,PROV-0100,"5248,93",IT,10/10/2025,SKU-3017
FAC-09260,PROV-0072,"7506,98",IT,29/12/2025,SKU-5253
FAC-09263,PROV-0724,"6517,05",IT,27/6/2025,SKU-6073
FAC-09265,PROV-0963,"14926,93",IT,18/3/2025,SKU-3809
FAC-09270,PROV-0507,"931,46",IT,8/6/2025,SKU-6256
FAC-09272,PROV-0261,"9779,07",IT,30/9/2025,SKU-7732
FAC-09275,PROV-0648,"14362,03",IT,9/1/2025,SKU-5088
FAC-09280,PROV-0756,"11111,99",IT,22/3/2025,SKU-5037
FAC-09282,PROV-0441,"14359,58",IT,1/11/2025,SKU-9445
FAC-09287,PROV-0847,"2924,46",IT,29/11/2025,SKU-7902
FAC-09314,PROV-0075,"8083,54",IT,1/1/2025,SKU-9690
FAC-09333,PROV-0704,"4531,27",IT,7/1/2025,SKU-8603
FAC-09342,PROV-0538,"413,72",IT,3/5/2025,SKU-9246
FAC-09363,PROV-0896,"4823,84",IT,1/2/2025,SKU-2626
FAC-09366,PROV-0796,"5175,57",IT,15/1/2025,SKU-9936
FAC-09372,PROV-0995,"6642,85",IT,11/10/2025,SKU-9807
FAC-09376,PROV-0199,"4386,3",IT,13/1/2025,SKU-8165
FAC-09386,PROV-0307,"2438,03",IT,22/2/2025,SKU-8121
FAC-09388,PROV-0100,"7761,36",IT,16/4/2025,SKU-5912
FAC-09396,PROV-0639,"4540,16",IT,19/2/2025,SKU-8215
FAC-09400,PROV-0411,"5962,17",IT,18/6/2025,SKU-8047
FAC-09403,PROV-0338,"5024,36",IT,18/9/2025,SKU-3904
FAC-09405,PROV-0951,"4533,72",IT,4/11/2025,SKU-4224
FAC-09411,PROV-0193,"6180,58",IT,2/11/2025,SKU-2396
FAC-09417,PROV-0615,"586,38",IT,11/9/2025,SKU-5524
FAC-09424,PROV-0095,"4985,56",IT,27/9/2025,SKU-4695
FAC-09428,PROV-0416,"2569,92",IT,10/2/2025,SKU-6022
FAC-09431,PROV-0103,"7129,83",IT,4/6/2025,SKU-8028
FAC-09446,PROV-0127,"8294,01",IT,6/12/2025,SKU-1010
FAC-09455,PROV-0245,"7503,67",IT,31/8/2025,SKU-6274
FAC-09459,PROV-0480,"12774,87",IT,21/4/2025,SKU-2813
FAC-09461,PROV-0575,"12061,97",IT,7/3/2025,SKU-3042
FAC-09474,PROV-0831,"1376,4",IT,1/2/2025,SKU-5025
FAC-09488,PROV-0148,"12020,32",IT,16/2/2025,SKU-1689
FAC-09490,PROV-0891,"9269,28",IT,8/6/2025,SKU-3403
FAC-09492,PROV-0198,"3146,93",IT,2/2/2025,SKU-6571
FAC-09494,PROV-0073,"3965,28",IT,24/9/2025,SKU-6782
FAC-09501,PROV-0763,"1036,24",IT,3/11/2025,SKU-4353
FAC-09509,PROV-0627,"13335,38",IT,7/12/2025,SKU-7485
FAC-09515,PROV-0914,"11824,83",IT,2/9/2025,SKU-9057
FAC-09516,PROV-0529,"1113,93",IT,28/9/2025,SKU-1197
FAC-09519,PROV-0863,"14398,48",IT,25/5/2025,SKU-1171
FAC-09534,PROV-0570,"6192,16",IT,20/3/2025,SKU-2912
FAC-09548,PROV-0363,"9618,45",IT,17/5/2025,SKU-6329
FAC-09550,PROV-0083,"14637,86",IT,29/4/2025,SKU-2126
FAC-09551,PROV-0830,"4926,86",IT,12/3/2025,SKU-8985
FAC-09553,PROV-0648,"12695,1",IT,15/10/2025,SKU-6235
FAC-09563,PROV-0917,"13350,81",IT,2/5/2025,SKU-9254
FAC-09578,PROV-0618,"5220,95",IT,14/8/2025,SKU-3175
FAC-09606,PROV-0236,"8171,51",IT,9/8/2025,SKU-1290
FAC-09607,PROV-0649,"13312,53",IT,13/6/2025,SKU-9715
FAC-09612,PROV-0082,"1083,73",IT,14/5/2025,SKU-8946
FAC-09615,PROV-0077,"3370,85",IT,19/11/2025,SKU-8598
FAC-09623,PROV-0872,"8917,78",IT,8/4/2025,SKU-1991
FAC-09628,PROV-0574,"9913,35",IT,21/4/2025,SKU-1306
FAC-09642,PROV-0916,"14007,2",IT,20/12/2025,SKU-4741
FAC-09648,PROV-0109,"6323,11",IT,4/8/2025,SKU-2956
FAC-09651,PROV-0936,"10813,54",IT,17/8/2025,SKU-3622
FAC-09660,PROV-0978,"11209,74",IT,19/11/2025,SKU-2523
FAC-09673,PROV-0746,"7589,88",IT,31/8/2025,SKU-7880
FAC-09675,PROV-0858,"5246,82",IT,4/4/2025,SKU-2653
FAC-09677,PROV-0004,"4952,26",IT,24/11/2025,SKU-3101
FAC-09688,PROV-0956,"3024,95",IT,12/12/2025,SKU-2348
FAC-09691,PROV-0207,"3951,92",IT,22/1/2025,SKU-3788
FAC-09692,PROV-0629,"6416,82",IT,9/10/2025,SKU-5501
FAC-09695,PROV-0804,"5898,2",IT,10/11/2025,SKU-6495
FAC-09709,PROV-0734,"2532,9",IT,27/9/2025,SKU-5956
FAC-09719,PROV-0494,"12182,17",IT,7/9/2025,SKU-8049
FAC-09724,PROV-0341,"14880,02",IT,26/1/2025,SKU-9997
FAC-09729,PROV-0708,"7649,55",IT,27/9/2025,SKU-7722
FAC-09734,PROV-0206,"4644,99",IT,15/4/2025,SKU-8391
FAC-09736,PROV-0257,"10869,68",IT,17/10/2025,SKU-9615
FAC-09746,PROV-0296,"6194,81",IT,26/1/2025,SKU-6003
FAC-09748,PROV-0280,"14552,8",IT,29/5/2025,SKU-9095
FAC-09749,PROV-0469,"1791,46",IT,9/3/2025,SKU-4386
FAC-09751,PROV-0761,"2322,32",IT,18/3/2025,SKU-3118
FAC-09755,PROV-0823,"3185,98",IT,22/9/2025,SKU-2912
FAC-09764,PROV-0850,"9466,74",IT,27/6/2025,SKU-6897
FAC-09774,PROV-0157,"12908,99",IT,22/11/2025,SKU-9384
FAC-09775,PROV-0572,"13727,84",IT,27/12/2025,SKU-5111
FAC-09777,PROV-0090,"3584,01",IT,25/6/2025,SKU-8138
FAC-09778,PROV-0365,"11095,17",IT,10/2/2025,SKU-9915
FAC-09783,PROV-0837,"12645,75",IT,8/8/2025,SKU-6045
FAC-09788,PROV-0138,"413,52",IT,4/10/2025,SKU-3595
FAC-09790,PROV-0861,"731,28",IT,9/7/2025,SKU-5616
FAC-09797,PROV-0817,"1294,37",IT,10/7/2025,SKU-6976
FAC-09804,PROV-0632,"11105,63",IT,5/6/2025,SKU-6741
FAC-09805,PROV-0232,"9838,41",IT,19/4/2025,SKU-5281
FAC-09808,PROV-0889,"2788,61",IT,5/5/2025,SKU-5091
FAC-09813,PROV-0093,"11200,24",IT,17/12/2025,SKU-4914
FAC-09815,PROV-0031,"14366,93",IT,5/1/2025,SKU-3922
FAC-09828,PROV-0735,"5384,94",IT,10/9/2025,SKU-4820
FAC-09829,PROV-0920,"7731,54",IT,2/11/2025,SKU-3482
FAC-09834,PROV-0015,"4934,83",IT,13/9/2025,SKU-8593
FAC-09835,PROV-0346,"2365,93",IT,19/9/2025,SKU-5029
FAC-09839,PROV-0157,"9537,49",IT,12/11/2025,SKU-8175
FAC-09843,PROV-0765,"2027,27",IT,25/5/2025,SKU-2992
FAC-09850,PROV-0559,"11856,07",IT,28/5/2025,SKU-6815
FAC-09856,PROV-0808,"13631,42",IT,2/2/2025,SKU-2581
FAC-09860,PROV-0028,"4245,91",IT,1/7/2025,SKU-4275
FAC-09861,PROV-0533,"5788,61",IT,4/12/2025,SKU-9520
FAC-09878,PROV-0558,"8855,07",IT,15/12/2025,SKU-8133
FAC-09896,PROV-0004,"4488,24",IT,21/1/2025,SKU-4536
FAC-09911,PROV-0943,"1662,9",IT,26/9/2025,SKU-7486
FAC-09916,PROV-0500,"3604,43",IT,28/2/2025,SKU-1280
FAC-09923,PROV-0402,"5086,28",IT,5/10/2025,SKU-5814
FAC-09927,PROV-0505,"3471,22",IT,13/4/2025,SKU-5501
FAC-09939,PROV-0257,"3633,6",IT,5/6/2025,SKU-9623
FAC-09941,PROV-0709,12642,IT,25/3/2025,SKU-3335
FAC-09956,PROV-0153,"14371,26",IT,19/2/2025,SKU-5383
FAC-09960,PROV-0051,"6595,3",IT,8/3/2025,SKU-6073
FAC-09961,PROV-0044,"647,74",IT,20/9/2025,SKU-2609
FAC-09977,PROV-0357,"12026,3",IT,5/8/2025,SKU-2581
FAC-09978,PROV-0742,"8141,68",IT,18/3/2025,SKU-5260
FAC-09992,PROV-0720,"3059,42",IT,13/7/2025,SKU-2822
FAC-09994,PROV-0152,"12155,41",IT,18/9/2025,SKU-4425
FAC-09996,PROV-0875,"1001,34",IT,18/6/2025,SKU-5107
FAC-09998,PROV-0636,"12706,64",IT,28/10/2025,SKU-3650
FAC-00004,PROV-0871,"1533,03",Legales,7/1/2025,SKU-7226
FAC-00007,PROV-0966,"2955,61",Legales,23/2/2025,SKU-7369
FAC-00016,PROV-0103,"7891,4",Legales,13/4/2025,SKU-6869
FAC-00023,PROV-0505,"13103,02",Legales,1/10/2025,SKU-7728
FAC-00025,PROV-0311,"11834,5",Legales,12/9/2025,SKU-8614
FAC-00031,PROV-0646,"3253,13",Legales,4/7/2025,SKU-5632
FAC-00034,PROV-0473,"13592,55",Legales,14/2/2025,SKU-7303
FAC-00036,PROV-0159,"4022,5",Legales,28/8/2025,SKU-1065
FAC-00040,PROV-0682,"6501,01",Legales,29/11/2025,SKU-2982
FAC-00047,PROV-0166,"14196,42",Legales,4/4/2025,SKU-5171
FAC-00054,PROV-0845,"14669,6",Legales,26/9/2025,SKU-3615
FAC-00055,PROV-0470,"3965,38",Legales,15/5/2025,SKU-1606
FAC-00056,PROV-0465,"11195,36",Legales,15/10/2025,SKU-1669
FAC-00059,PROV-0718,"3394,13",Legales,18/12/2025,SKU-9530
FAC-00060,PROV-0066,"14192,41",Legales,26/4/2025,SKU-9191
FAC-00061,PROV-0080,"5560,91",Legales,2/2/2025,SKU-1346
FAC-00073,PROV-0178,"6457,79",Legales,27/1/2025,SKU-7882
FAC-00075,PROV-0163,"7610,16",Legales,7/2/2025,SKU-5622
FAC-00080,PROV-0002,9308,Legales,11/7/2025,SKU-6245
FAC-00081,PROV-0785,"4738,93",Legales,1/10/2025,SKU-3635
FAC-00101,PROV-0273,"7552,84",Legales,24/5/2025,SKU-4497
FAC-00102,PROV-0230,"13518,9",Legales,29/6/2025,SKU-5656
FAC-00107,PROV-0712,"3791,35",Legales,18/6/2025,SKU-3565
FAC-00108,PROV-0122,"4394,46",Legales,14/4/2025,SKU-4343
FAC-00113,PROV-0065,"1513,03",Legales,12/9/2025,SKU-7925
FAC-00122,PROV-0371,"9696,1",Legales,22/2/2025,SKU-8464
FAC-00125,PROV-0279,"8040,07",Legales,1/2/2025,SKU-1597
FAC-00127,PROV-0588,"11091,01",Legales,14/4/2025,SKU-7401
FAC-00136,PROV-0467,"5302,83",Legales,19/2/2025,SKU-2109
FAC-00146,PROV-0430,"12828,07",Legales,27/9/2025,SKU-9286
FAC-00147,PROV-0383,"6108,87",Legales,18/7/2025,SKU-6158
FAC-00165,PROV-0143,"5394,9",Legales,20/4/2025,SKU-9560
FAC-00183,PROV-0412,"4795,89",Legales,26/12/2025,SKU-5582
FAC-00195,PROV-0515,"7999,2",Legales,10/1/2025,SKU-6725
FAC-00197,PROV-0018,"4848,58",Legales,3/11/2025,SKU-7602
FAC-00200,PROV-0338,"11631,14",Legales,12/5/2025,SKU-2855
FAC-00210,PROV-0215,"4749,8",Legales,19/11/2025,SKU-9306
FAC-00217,PROV-0476,"6421,31",Legales,9/5/2025,SKU-1651
FAC-00223,PROV-0597,"922,73",Legales,5/9/2025,SKU-1118
FAC-00229,PROV-0886,"4071,05",Legales,22/6/2025,SKU-8073
FAC-00232,PROV-0396,"11239,64",Legales,16/6/2025,SKU-2703
FAC-00234,PROV-0039,"14941,52",Legales,26/4/2025,SKU-8088
FAC-00242,PROV-0599,"811,79",Legales,2/2/2025,SKU-7491
FAC-00249,PROV-0686,"12368,1",Legales,7/3/2025,SKU-1564
FAC-00264,PROV-0483,"13821,28",Legales,4/6/2025,SKU-2859
FAC-00267,PROV-0985,"5781,15",Legales,13/5/2025,SKU-3490
FAC-00275,PROV-0373,"2707,96",Legales,18/3/2025,SKU-7687
FAC-00299,PROV-0156,"8865,87",Legales,8/2/2025,SKU-1328
FAC-00312,PROV-0913,"6225,08",Legales,27/3/2025,SKU-5773
FAC-00313,PROV-0672,"14422,44",Legales,22/12/2025,SKU-1115
FAC-00315,PROV-0736,"576,42",Legales,8/2/2025,SKU-7614
FAC-00318,PROV-0891,"14366,89",Legales,31/1/2025,SKU-4329
FAC-00327,PROV-0244,"9040,37",Legales,13/12/2025,SKU-3976
FAC-00328,PROV-0468,"5257,67",Legales,19/2/2025,SKU-7380
FAC-00329,PROV-0170,"4554,3",Legales,31/3/2025,SKU-4289
FAC-00330,PROV-0362,"3553,53",Legales,1/4/2025,SKU-9644
FAC-00332,PROV-0706,"7784,11",Legales,26/10/2025,SKU-9090
FAC-00334,PROV-0741,"4438,78",Legales,17/4/2025,SKU-2762
FAC-00341,PROV-0997,"269,53",Legales,17/6/2025,SKU-1054
FAC-00362,PROV-0490,"4098,64",Legales,22/7/2025,SKU-8772
FAC-00372,PROV-0942,"12957,88",Legales,6/9/2025,SKU-7766
FAC-00384,PROV-0157,"7677,9",Legales,5/8/2025,SKU-5874
FAC-00393,PROV-0046,"6636,99",Legales,24/1/2025,SKU-3204
FAC-00400,PROV-0455,"10117,49",Legales,29/10/2025,SKU-7678
FAC-00404,PROV-0145,"11914,39",Legales,13/10/2025,SKU-1461
FAC-00411,PROV-0133,"14632,7",Legales,27/12/2025,SKU-8166
FAC-00415,PROV-0266,"14460,13",Legales,27/4/2025,SKU-3497
FAC-00420,PROV-0820,"3148,55",Legales,9/7/2025,SKU-3548
FAC-00426,PROV-0666,"4510,88",Legales,15/5/2025,SKU-1789
FAC-00427,PROV-0767,"3673,12",Legales,7/8/2025,SKU-8276
FAC-00428,PROV-0504,"6798,76",Legales,27/11/2025,SKU-7096
FAC-00430,PROV-0337,"5046,56",Legales,24/12/2025,SKU-7881
FAC-00437,PROV-0101,"12027,86",Legales,7/2/2025,SKU-7471
FAC-00446,PROV-0457,"10367,21",Legales,26/3/2025,SKU-2438
FAC-00451,PROV-0063,"5866,59",Legales,18/5/2025,SKU-5551
FAC-00452,PROV-0028,"13352,31",Legales,18/9/2025,SKU-9416
FAC-00454,PROV-0832,"14640,22",Legales,22/3/2025,SKU-7387
FAC-00455,PROV-0318,"3741,84",Legales,1/3/2025,SKU-4618
FAC-00456,PROV-0540,"8563,96",Legales,10/3/2025,SKU-1203
FAC-00458,PROV-0892,"976,21",Legales,20/7/2025,SKU-5673
FAC-00460,PROV-0195,"10836,22",Legales,8/4/2025,SKU-2380
FAC-00463,PROV-0238,"4556,13",Legales,10/7/2025,SKU-3439
FAC-00472,PROV-0281,"424,96",Legales,28/9/2025,SKU-5358
FAC-00474,PROV-0818,"14274,66",Legales,29/6/2025,SKU-2652
FAC-00477,PROV-0481,"4445,75",Legales,11/8/2025,SKU-5587
FAC-00480,PROV-0736,"10491,53",Legales,27/1/2025,SKU-6638
FAC-00487,PROV-0300,"5455,24",Legales,4/7/2025,SKU-4662
FAC-00491,PROV-0529,"6414,02",Legales,26/10/2025,SKU-9716
FAC-00493,PROV-0820,"11619,06",Legales,7/11/2025,SKU-7224
FAC-00517,PROV-0040,"14571,7",Legales,10/11/2025,SKU-5132
FAC-00523,PROV-0705,"1706,1",Legales,11/10/2025,SKU-4240
FAC-00524,PROV-0209,"7233,76",Legales,22/1/2025,SKU-4719
FAC-00525,PROV-0897,"1045,92",Legales,7/12/2025,SKU-5008
FAC-00532,PROV-0915,"14672,28",Legales,8/7/2025,SKU-7229
FAC-00535,PROV-0660,"14846,21",Legales,26/7/2025,SKU-2610
FAC-00540,PROV-0785,"13044,84",Legales,4/12/2025,SKU-7763
FAC-00543,PROV-0955,"11424,86",Legales,16/10/2025,SKU-4972
FAC-00548,PROV-0994,"7588,03",Legales,29/12/2025,SKU-7642
FAC-00549,PROV-0698,"7513,04",Legales,2/12/2025,SKU-1059
FAC-00551,PROV-0141,"3703,26",Legales,3/9/2025,SKU-9267
FAC-00561,PROV-0953,"520,9",Legales,26/4/2025,SKU-8109
FAC-00567,PROV-0135,"5865,49",Legales,5/8/2025,SKU-3457
FAC-00581,PROV-0768,"14322,01",Legales,27/10/2025,SKU-5655
FAC-00587,PROV-0311,"3145,64",Legales,12/6/2025,SKU-7555
FAC-00592,PROV-0604,"4065,42",Legales,23/12/2025,SKU-6156
FAC-00608,PROV-0857,"6284,29",Legales,25/11/2025,SKU-5541
FAC-00617,PROV-0815,"1654,93",Legales,9/5/2025,SKU-1324
FAC-00618,PROV-0976,"11059,23",Legales,18/7/2025,SKU-8455
FAC-00622,PROV-0629,"6328,11",Legales,27/2/2025,SKU-7995
FAC-00628,PROV-0007,"676,52",Legales,3/9/2025,SKU-7811
FAC-00638,PROV-0493,"5237,63",Legales,28/1/2025,SKU-6664
FAC-00641,PROV-0182,"1645,1",Legales,4/10/2025,SKU-5409
FAC-00647,PROV-0033,"13195,9",Legales,6/12/2025,SKU-5849
FAC-00654,PROV-0387,"11839,08",Legales,15/3/2025,SKU-9167
FAC-00656,PROV-0670,"12572,8",Legales,6/3/2025,SKU-4129
FAC-00658,PROV-0838,"14594,71",Legales,10/1/2025,SKU-9375
FAC-00668,PROV-0858,"2469,31",Legales,22/7/2025,SKU-8188
FAC-00679,PROV-0978,"5501,7",Legales,30/5/2025,SKU-8084
FAC-00687,PROV-0878,"10073,9",Legales,8/4/2025,SKU-4804
FAC-00693,PROV-0746,"12477,62",Legales,29/11/2025,SKU-7452
FAC-00698,PROV-0854,"2641,35",Legales,16/11/2025,SKU-9276
FAC-00704,PROV-0240,"12249,85",Legales,14/7/2025,SKU-9078
FAC-00705,PROV-0923,"6937,77",Legales,5/3/2025,SKU-1962
FAC-00706,PROV-0392,"5460,75",Legales,5/10/2025,SKU-4421
FAC-00707,PROV-0787,"12328,7",Legales,7/8/2025,SKU-5643
FAC-00708,PROV-0058,"7805,96",Legales,9/10/2025,SKU-2786
FAC-00709,PROV-0829,"2089,03",Legales,19/6/2025,SKU-5133
FAC-00718,PROV-0805,"9738,1",Legales,30/4/2025,SKU-1647
FAC-00724,PROV-0998,"5262,4",Legales,10/1/2025,SKU-4243
FAC-00728,PROV-0717,"5855,61",Legales,14/11/2025,SKU-5265
FAC-00740,PROV-0910,"2290,52",Legales,11/10/2025,SKU-4632
FAC-00745,PROV-0891,"577,18",Legales,21/9/2025,SKU-1074
FAC-00754,PROV-0986,"640,14",Legales,17/4/2025,SKU-2149
FAC-00765,PROV-0164,"10770,54",Legales,15/8/2025,SKU-4549
FAC-00772,PROV-0463,"8970,31",Legales,17/6/2025,SKU-7593
FAC-00773,PROV-0607,"11993,21",Legales,13/8/2025,SKU-7846
FAC-00776,PROV-0117,"9020,31",Legales,28/12/2025,SKU-5396
FAC-00784,PROV-0968,"12384,96",Legales,18/4/2025,SKU-7677
FAC-00785,PROV-0974,"6668,88",Legales,19/2/2025,SKU-9649
FAC-00791,PROV-0152,"569,28",Legales,1/1/2025,SKU-3173
FAC-00792,PROV-0341,"225,36",Legales,9/4/2025,SKU-7715
FAC-00796,PROV-0824,"4022,34",Legales,4/6/2025,SKU-8517
FAC-00798,PROV-0730,"10173,01",Legales,5/7/2025,SKU-2954
FAC-00799,PROV-0387,"7093,14",Legales,26/4/2025,SKU-4777
FAC-00808,PROV-0261,"11428,37",Legales,12/6/2025,SKU-9217
FAC-00811,PROV-0329,"4983,79",Legales,24/6/2025,SKU-9474
FAC-00812,PROV-0694,"11522,33",Legales,9/9/2025,SKU-5207
FAC-00820,PROV-0817,"10471,14",Legales,25/3/2025,SKU-4091
FAC-00821,PROV-0568,"10286,95",Legales,3/8/2025,SKU-2862
FAC-00825,PROV-0939,"14324,6",Legales,11/7/2025,SKU-4889
FAC-00832,PROV-0410,"2352,74",Legales,21/11/2025,SKU-9396
FAC-00837,PROV-0220,"7545,35",Legales,8/7/2025,SKU-1614
FAC-00844,PROV-0324,"5963,01",Legales,14/10/2025,SKU-4066
FAC-00846,PROV-0176,"367,56",Legales,28/8/2025,SKU-2382
FAC-00855,PROV-0254,"7844,6",Legales,4/3/2025,SKU-5540
FAC-00860,PROV-0777,"10041,35",Legales,18/2/2025,SKU-6696
FAC-00862,PROV-0084,"12029,58",Legales,10/8/2025,SKU-7338
FAC-00866,PROV-0292,"7705,16",Legales,14/9/2025,SKU-6315
FAC-00881,PROV-0126,"8272,55",Legales,2/10/2025,SKU-3904
FAC-00885,PROV-0522,"10977,96",Legales,1/1/2025,SKU-3740
FAC-00892,PROV-0644,"4685,5",Legales,15/8/2025,SKU-8057
FAC-00894,PROV-0960,"5290,51",Legales,15/7/2025,SKU-7205
FAC-00899,PROV-0252,"886,31",Legales,19/1/2025,SKU-2253
FAC-00910,PROV-0709,"12557,28",Legales,13/10/2025,SKU-8765
FAC-00915,PROV-0419,"9412,76",Legales,24/6/2025,SKU-1876
FAC-00925,PROV-0469,"13999,51",Legales,14/2/2025,SKU-9470
FAC-00933,PROV-0862,"1293,43",Legales,4/3/2025,SKU-3290
FAC-00936,PROV-0621,"558,55",Legales,26/12/2025,SKU-2298
FAC-00939,PROV-0641,"10476,08",Legales,6/6/2025,SKU-3442
FAC-00940,PROV-0377,"1573,43",Legales,29/11/2025,SKU-7057
FAC-00941,PROV-0414,"14459,86",Legales,4/12/2025,SKU-6893
FAC-00949,PROV-0540,"630,15",Legales,10/7/2025,SKU-8021
FAC-00960,PROV-0172,"2957,78",Legales,9/7/2025,SKU-1659
FAC-00962,PROV-0639,"13723,18",Legales,21/3/2025,SKU-9775
FAC-00964,PROV-0938,"6152,55",Legales,26/10/2025,SKU-8011
FAC-00966,PROV-0240,"13326,15",Legales,29/1/2025,SKU-4096
FAC-00981,PROV-0080,"12316,27",Legales,23/5/2025,SKU-9940
FAC-00983,PROV-0268,"3118,38",Legales,6/5/2025,SKU-8529
FAC-00990,PROV-0011,"470,87",Legales,31/1/2025,SKU-3307
FAC-01001,PROV-0671,"8911,68",Legales,2/4/2025,SKU-8596
FAC-01010,PROV-0953,"14602,95",Legales,16/9/2025,SKU-9832
FAC-01012,PROV-0943,"11469,58",Legales,30/11/2025,SKU-2791
FAC-01018,PROV-0293,"1480,69",Legales,24/4/2025,SKU-2056
FAC-01050,PROV-0042,"11818,22",Legales,27/6/2025,SKU-7499
FAC-01052,PROV-0276,"9583,62",Legales,10/7/2025,SKU-6161
FAC-01053,PROV-0186,"9454,58",Legales,3/1/2025,SKU-2052
FAC-01054,PROV-0789,"546,17",Legales,5/6/2025,SKU-6654
FAC-01061,PROV-0381,"6440,53",Legales,18/9/2025,SKU-3053
FAC-01062,PROV-0216,"5841,65",Legales,10/4/2025,SKU-9266
FAC-01063,PROV-0859,"13743,1",Legales,8/5/2025,SKU-7130
FAC-01064,PROV-0761,"1608,57",Legales,27/12/2025,SKU-1881
FAC-01098,PROV-0060,"10641,71",Legales,8/6/2025,SKU-9204
FAC-01099,PROV-0588,"3550,87",Legales,6/8/2025,SKU-6316
FAC-01107,PROV-0133,"8748,36",Legales,28/3/2025,SKU-9575
FAC-01130,PROV-0935,"7518,08",Legales,22/10/2025,SKU-9777
FAC-01137,PROV-0530,"555,16",Legales,5/7/2025,SKU-9947
FAC-01149,PROV-0612,"7287,54",Legales,10/9/2025,SKU-8460
FAC-01151,PROV-0219,"14763,94",Legales,3/9/2025,SKU-8419
FAC-01162,PROV-0335,"14605,39",Legales,24/5/2025,SKU-6362
FAC-01175,PROV-0036,"9874,45",Legales,9/8/2025,SKU-1287
FAC-01181,PROV-0868,"14042,4",Legales,3/7/2025,SKU-9219
FAC-01184,PROV-0898,"1175,7",Legales,3/8/2025,SKU-9366
FAC-01185,PROV-0509,"6321,1",Legales,6/12/2025,SKU-7793
FAC-01193,PROV-0735,"7520,68",Legales,7/3/2025,SKU-2255
FAC-01196,PROV-0084,"4170,1",Legales,28/4/2025,SKU-6185
FAC-01197,PROV-0280,"833,09",Legales,16/11/2025,SKU-1558
FAC-01199,PROV-0548,"5754,48",Legales,28/1/2025,SKU-6716
FAC-01201,PROV-0673,"9396,14",Legales,21/7/2025,SKU-2258
FAC-01206,PROV-0367,"5178,17",Legales,12/9/2025,SKU-9891
FAC-01210,PROV-0762,"13942,11",Legales,8/3/2025,SKU-5062
FAC-01228,PROV-0046,"1379,92",Legales,1/12/2025,SKU-1884
FAC-01232,PROV-0301,"9468,68",Legales,28/5/2025,SKU-2287
FAC-01236,PROV-0247,"10404,97",Legales,18/8/2025,SKU-3534
FAC-01240,PROV-0419,"13332,83",Legales,21/2/2025,SKU-3808
FAC-01243,PROV-0030,"3740,66",Legales,1/9/2025,SKU-7581
FAC-01247,PROV-0004,"3451,56",Legales,19/3/2025,SKU-7165
FAC-01259,PROV-0513,"13600,81",Legales,22/5/2025,SKU-3525
FAC-01271,PROV-0046,"7767,18",Legales,13/8/2025,SKU-6511
FAC-01277,PROV-0254,"1279,27",Legales,2/8/2025,SKU-2607
FAC-01288,PROV-0864,"5929,21",Legales,9/6/2025,SKU-5233
FAC-01292,PROV-0465,"10786,79",Legales,19/8/2025,SKU-1991
FAC-01293,PROV-0094,"5852,4",Legales,7/8/2025,SKU-3352
FAC-01297,PROV-0711,11762,Legales,29/3/2025,SKU-4891
FAC-01299,PROV-0610,"1388,91",Legales,23/9/2025,SKU-8637
FAC-01306,PROV-0667,"347,19",Legales,2/7/2025,SKU-2011
FAC-01318,PROV-0023,"14989,65",Legales,25/11/2025,SKU-4671
FAC-01321,PROV-0191,"14808,24",Legales,1/5/2025,SKU-6187
FAC-01337,PROV-0617,"7771,62",Legales,18/4/2025,SKU-2229
FAC-01339,PROV-0809,"11700,63",Legales,17/4/2025,SKU-1118
FAC-01340,PROV-0204,9683,Legales,8/4/2025,SKU-1729
FAC-01342,PROV-0137,"8297,36",Legales,18/5/2025,SKU-1002
FAC-01355,PROV-0182,"11283,05",Legales,18/5/2025,SKU-5159
FAC-01356,PROV-0551,"12038,41",Legales,15/10/2025,SKU-5154
FAC-01357,PROV-0394,12217,Legales,21/2/2025,SKU-8538
FAC-01361,PROV-0162,"854,84",Legales,5/10/2025,SKU-6548
FAC-01366,PROV-0794,"5937,08",Legales,4/12/2025,SKU-5962
FAC-01373,PROV-0021,"2194,59",Legales,20/6/2025,SKU-3857
FAC-01376,PROV-0489,"7104,53",Legales,2/2/2025,SKU-5800
FAC-01377,PROV-0273,"11010,07",Legales,13/7/2025,SKU-1124
FAC-01378,PROV-0718,"14059,13",Legales,15/3/2025,SKU-7526
FAC-01380,PROV-0300,"13131,46",Legales,1/11/2025,SKU-4953
FAC-01383,PROV-0503,"246,6",Legales,29/11/2025,SKU-1185
FAC-01384,PROV-0502,"2120,56",Legales,4/1/2025,SKU-2707
FAC-01391,PROV-0586,"5936,7",Legales,7/3/2025,SKU-8544
FAC-01394,PROV-0222,"10044,89",Legales,20/6/2025,SKU-4262
FAC-01403,PROV-0792,"2943,03",Legales,22/8/2025,SKU-4167
FAC-01404,PROV-0903,"6134,43",Legales,25/5/2025,SKU-4208
FAC-01407,PROV-0937,"1149,87",Legales,8/2/2025,SKU-1244
FAC-01409,PROV-0181,"13825,18",Legales,6/5/2025,SKU-1551
FAC-01410,PROV-0259,"11912,3",Legales,27/12/2025,SKU-4034
FAC-01412,PROV-0207,"13652,56",Legales,16/6/2025,SKU-4038
FAC-01414,PROV-0072,"3339,45",Legales,13/11/2025,SKU-3971
FAC-01420,PROV-0873,"1601,84",Legales,2/7/2025,SKU-9381
FAC-01421,PROV-0846,"7437,53",Legales,1/6/2025,SKU-8344
FAC-01422,PROV-0341,"13598,43",Legales,17/2/2025,SKU-9877
FAC-01423,PROV-0654,"14474,86",Legales,2/1/2025,SKU-3377
FAC-01425,PROV-0788,"12909,27",Legales,22/4/2025,SKU-3254
FAC-01426,PROV-0659,"1925,09",Legales,26/10/2025,SKU-2682
FAC-01428,PROV-0779,"11993,17",Legales,7/1/2025,SKU-5107
FAC-01433,PROV-0876,"7337,72",Legales,4/6/2025,SKU-8288
FAC-01438,PROV-0782,"9111,74",Legales,13/8/2025,SKU-1388
FAC-01453,PROV-0772,"6880,16",Legales,13/11/2025,SKU-2436
FAC-01455,PROV-0718,"14332,55",Legales,7/2/2025,SKU-2854
FAC-01456,PROV-0313,"6244,07",Legales,29/12/2025,SKU-6384
FAC-01459,PROV-0447,"2285,75",Legales,17/6/2025,SKU-6318
FAC-01464,PROV-0266,"12672,69",Legales,29/6/2025,SKU-4585
FAC-01466,PROV-0575,"11936,49",Legales,23/11/2025,SKU-4374
FAC-01468,PROV-0221,"12731,47",Legales,10/3/2025,SKU-7995
FAC-01485,PROV-0597,"3698,53",Legales,4/12/2025,SKU-3005
FAC-01492,PROV-0159,"5337,18",Legales,12/6/2025,SKU-2056
FAC-01499,PROV-0739,"10217,62",Legales,5/1/2025,SKU-4783
FAC-01507,PROV-0857,"2571,31",Legales,24/8/2025,SKU-2657
FAC-01517,PROV-0228,"3489,37",Legales,1/9/2025,SKU-4415
FAC-01522,PROV-0214,"14846,42",Legales,4/3/2025,SKU-3891
FAC-01524,PROV-0766,"6180,65",Legales,20/9/2025,SKU-1389
FAC-01527,PROV-0439,"14916,69",Legales,8/7/2025,SKU-1483
FAC-01530,PROV-0547,"9007,92",Legales,1/1/2025,SKU-2664
FAC-01535,PROV-0429,"9472,46",Legales,8/4/2025,SKU-9446
FAC-01544,PROV-0773,"4428,96",Legales,12/6/2025,SKU-8517
FAC-01549,PROV-0743,"13517,91",Legales,10/5/2025,SKU-3854
FAC-01550,PROV-0027,"7769,27",Legales,2/4/2025,SKU-9793
FAC-01551,PROV-0474,"9692,79",Legales,25/1/2025,SKU-8980
FAC-01559,PROV-0208,"11878,25",Legales,21/4/2025,SKU-1378
FAC-01562,PROV-0691,"12568,66",Legales,3/5/2025,SKU-1989
FAC-01567,PROV-0291,"5873,23",Legales,19/2/2025,SKU-2872
FAC-01570,PROV-0561,"7027,99",Legales,8/4/2025,SKU-4907
FAC-01574,PROV-0906,"10363,12",Legales,20/11/2025,SKU-8400
FAC-01581,PROV-0103,"10704,18",Legales,12/7/2025,SKU-3236
FAC-01582,PROV-0303,"9412,8",Legales,30/1/2025,SKU-2239
FAC-01590,PROV-0639,"5761,69",Legales,23/12/2025,SKU-6361
FAC-01594,PROV-0608,"10239,54",Legales,24/3/2025,SKU-8166
FAC-01610,PROV-0031,"1343,73",Legales,23/8/2025,SKU-6478
FAC-01618,PROV-0990,"2681,71",Legales,23/8/2025,SKU-9051
FAC-01631,PROV-0067,"6078,6",Legales,11/7/2025,SKU-4549
FAC-01638,PROV-0010,"3279,22",Legales,8/8/2025,SKU-9090
FAC-01643,PROV-0239,"2653,21",Legales,14/2/2025,SKU-6430
FAC-01647,PROV-0392,"7609,88",Legales,27/8/2025,SKU-1358
FAC-01656,PROV-0950,"490,36",Legales,3/11/2025,SKU-7386
FAC-01661,PROV-0604,"2088,52",Legales,22/2/2025,SKU-8459
FAC-01663,PROV-0872,"3746,43",Legales,2/1/2025,SKU-1673
FAC-01671,PROV-0511,"6432,14",Legales,24/10/2025,SKU-2754
FAC-01675,PROV-0284,"2447,05",Legales,5/4/2025,SKU-8455
FAC-01705,PROV-0077,"7717,65",Legales,9/9/2025,SKU-4183
FAC-01712,PROV-0827,"9065,87",Legales,30/4/2025,SKU-7097
FAC-01728,PROV-0883,"10322,46",Legales,4/6/2025,SKU-7572
FAC-01736,PROV-0034,"13282,17",Legales,23/6/2025,SKU-9229
FAC-01737,PROV-0508,"1386,81",Legales,6/8/2025,SKU-4328
FAC-01743,PROV-0332,"3871,32",Legales,18/1/2025,SKU-2324
FAC-01746,PROV-0562,"8425,98",Legales,18/3/2025,SKU-1489
FAC-01751,PROV-0796,11981,Legales,17/3/2025,SKU-3807
FAC-01772,PROV-0856,"8315,1",Legales,16/10/2025,SKU-1107
FAC-01779,PROV-0843,"4929,52",Legales,23/1/2025,SKU-3799
FAC-01791,PROV-0193,"1963,55",Legales,13/7/2025,SKU-4213
FAC-01794,PROV-0656,"9125,54",Legales,25/12/2025,SKU-4341
FAC-01797,PROV-0508,"2318,89",Legales,5/1/2025,SKU-7119
FAC-01798,PROV-0858,"4718,79",Legales,30/8/2025,SKU-4759
FAC-01800,PROV-0181,"6803,59",Legales,21/4/2025,SKU-4513
FAC-01810,PROV-0041,"9194,19",Legales,17/1/2025,SKU-8364
FAC-01816,PROV-0256,"7633,67",Legales,10/4/2025,SKU-5109
FAC-01821,PROV-0828,"6228,04",Legales,8/8/2025,SKU-7559
FAC-01827,PROV-0159,"9959,6",Legales,30/1/2025,SKU-3994
FAC-01834,PROV-0489,"14677,89",Legales,7/9/2025,SKU-2182
FAC-01847,PROV-0804,"9439,14",Legales,21/4/2025,SKU-4043
FAC-01848,PROV-0126,"1313,58",Legales,13/11/2025,SKU-2374
FAC-01866,PROV-0918,"4063,2",Legales,22/2/2025,SKU-8255
FAC-01879,PROV-0802,"4768,36",Legales,19/11/2025,SKU-8100
FAC-01886,PROV-0126,"3289,56",Legales,14/7/2025,SKU-5600
FAC-01898,PROV-0404,"9923,99",Legales,3/11/2025,SKU-7300
FAC-01903,PROV-0693,"14394,51",Legales,12/12/2025,SKU-6188
FAC-01905,PROV-0340,"7955,73",Legales,7/8/2025,SKU-9740
FAC-01908,PROV-0122,"12033,56",Legales,11/6/2025,SKU-6564
FAC-01910,PROV-0791,"11308,5",Legales,9/8/2025,SKU-1388
FAC-01913,PROV-0321,"10507,96",Legales,18/5/2025,SKU-8174
FAC-01917,PROV-0329,"2135,02",Legales,1/8/2025,SKU-6238
FAC-01929,PROV-0417,"9459,92",Legales,29/9/2025,SKU-8069
FAC-01940,PROV-0948,"5998,08",Legales,15/3/2025,SKU-1416
FAC-01956,PROV-0004,"9506,74",Legales,22/12/2025,SKU-9574
FAC-01960,PROV-0884,"9220,09",Legales,6/9/2025,SKU-8501
FAC-01975,PROV-0894,"4505,47",Legales,13/3/2025,SKU-8886
FAC-01980,PROV-0494,"7320,84",Legales,13/11/2025,SKU-7069
FAC-01990,PROV-0231,"8865,03",Legales,11/7/2025,SKU-7189
FAC-01993,PROV-0320,"7573,03",Legales,5/2/2025,SKU-3387
FAC-01995,PROV-0138,"13011,8",Legales,14/2/2025,SKU-5708
FAC-02005,PROV-0813,"1556,38",Legales,25/11/2025,SKU-2737
FAC-02038,PROV-0643,"8723,33",Legales,20/1/2025,SKU-7566
FAC-02039,PROV-0382,"4317,41",Legales,16/10/2025,SKU-1614
FAC-02045,PROV-0809,"12480,78",Legales,2/6/2025,SKU-4640
FAC-02057,PROV-0625,"2828,51",Legales,10/1/2025,SKU-9546
FAC-02059,PROV-0132,"9513,82",Legales,24/2/2025,SKU-6397
FAC-02075,PROV-0333,"7509,12",Legales,8/9/2025,SKU-2348
FAC-02077,PROV-0965,"5621,29",Legales,10/1/2025,SKU-8738
FAC-02080,PROV-0662,"10380,39",Legales,23/12/2025,SKU-9789
FAC-02085,PROV-0074,"13298,02",Legales,9/5/2025,SKU-6130
FAC-02099,PROV-0753,"12334,03",Legales,4/8/2025,SKU-3766
FAC-02121,PROV-0083,"5586,16",Legales,12/4/2025,SKU-2558
FAC-02123,PROV-0109,"5764,09",Legales,26/6/2025,SKU-9634
FAC-02130,PROV-0587,"6961,61",Legales,26/7/2025,SKU-3960
FAC-02131,PROV-0927,"4746,1",Legales,6/6/2025,SKU-4623
FAC-02133,PROV-0744,"7417,16",Legales,23/9/2025,SKU-8507
FAC-02135,PROV-0074,"903,4",Legales,17/8/2025,SKU-3383
FAC-02149,PROV-0385,"202,16",Legales,7/10/2025,SKU-8800
FAC-02153,PROV-0726,"4257,28",Legales,14/2/2025,SKU-6072
FAC-02154,PROV-0818,"10219,01",Legales,6/2/2025,SKU-6700
FAC-02160,PROV-0224,"9519,55",Legales,25/3/2025,SKU-5601
FAC-02164,PROV-0995,"8984,76",Legales,9/10/2025,SKU-9631
FAC-02165,PROV-0043,"13228,15",Legales,30/1/2025,SKU-5074
FAC-02185,PROV-0069,"3153,95",Legales,4/9/2025,SKU-2568
FAC-02191,PROV-0447,"12293,67",Legales,8/11/2025,SKU-1728
FAC-02195,PROV-0066,"4834,15",Legales,11/9/2025,SKU-7475
FAC-02197,PROV-0101,"14629,14",Legales,20/11/2025,SKU-7617
FAC-02203,PROV-0423,"11430,97",Legales,1/6/2025,SKU-8506
FAC-02214,PROV-0982,"12099,01",Legales,8/8/2025,SKU-8497
FAC-02215,PROV-0209,"13914,64",Legales,23/7/2025,SKU-7210
FAC-02220,PROV-0016,"680,01",Legales,27/12/2025,SKU-4403
FAC-02227,PROV-0724,"1056,82",Legales,3/1/2025,SKU-1718
FAC-02229,PROV-0302,"8642,2",Legales,17/9/2025,SKU-6909
FAC-02239,PROV-0658,"4717,36",Legales,19/7/2025,SKU-3904
FAC-02240,PROV-0005,"9537,5",Legales,8/3/2025,SKU-2261
FAC-02244,PROV-0757,"2109,67",Legales,23/9/2025,SKU-2112
FAC-02245,PROV-0923,"4701,64",Legales,11/8/2025,SKU-7729
FAC-02254,PROV-0110,"11438,77",Legales,3/4/2025,SKU-3716
FAC-02259,PROV-0340,"4782,87",Legales,19/1/2025,SKU-1762
FAC-02271,PROV-0830,"2289,64",Legales,12/3/2025,SKU-4747
FAC-02281,PROV-0899,"5436,45",Legales,27/1/2025,SKU-9196
FAC-02283,PROV-0611,"5681,18",Legales,3/4/2025,SKU-5722
FAC-02285,PROV-0996,"6573,74",Legales,22/8/2025,SKU-3842
FAC-02297,PROV-0804,"13586,18",Legales,16/5/2025,SKU-6834
FAC-02317,PROV-0984,"6604,26",Legales,22/8/2025,SKU-7203
FAC-02335,PROV-0213,"1772,56",Legales,28/10/2025,SKU-2376
FAC-02338,PROV-0172,"12890,16",Legales,8/9/2025,SKU-6967
FAC-02343,PROV-0063,"14260,75",Legales,28/10/2025,SKU-9777
FAC-02345,PROV-0126,"8617,19",Legales,31/1/2025,SKU-5153
FAC-02350,PROV-0076,"13505,65",Legales,22/5/2025,SKU-3189
FAC-02361,PROV-0649,"11985,88",Legales,14/1/2025,SKU-9757
FAC-02368,PROV-0987,"6656,39",Legales,6/12/2025,SKU-4348
FAC-02370,PROV-0948,"11286,42",Legales,1/11/2025,SKU-4822
FAC-02375,PROV-0028,"3805,94",Legales,18/2/2025,SKU-5818
FAC-02385,PROV-0989,"5634,07",Legales,21/4/2025,SKU-2230
FAC-02394,PROV-0575,"11510,97",Legales,26/1/2025,SKU-6539
FAC-02399,PROV-0844,"2962,97",Legales,9/2/2025,SKU-5670
FAC-02408,PROV-0232,"13435,69",Legales,27/1/2025,SKU-3956
FAC-02411,PROV-0290,"4233,21",Legales,4/5/2025,SKU-3723
FAC-02412,PROV-0227,"924,16",Legales,30/4/2025,SKU-9360
FAC-02415,PROV-0302,"2002,42",Legales,1/2/2025,SKU-9449
FAC-02422,PROV-0727,"6749,07",Legales,15/8/2025,SKU-4246
FAC-02425,PROV-0649,"3783,22",Legales,29/7/2025,SKU-3028
FAC-02430,PROV-0118,"12756,23",Legales,28/12/2025,SKU-4538
FAC-02434,PROV-0124,"9082,04",Legales,15/1/2025,SKU-9118
FAC-02442,PROV-0931,"8856,74",Legales,26/8/2025,SKU-3833
FAC-02446,PROV-0993,"9427,29",Legales,2/4/2025,SKU-5560
FAC-02459,PROV-0880,"13117,68",Legales,27/3/2025,SKU-3964
FAC-02462,PROV-0926,"13399,3",Legales,27/9/2025,SKU-9859
FAC-02469,PROV-0495,"839,61",Legales,24/5/2025,SKU-3342
FAC-02474,PROV-0800,"9577,27",Legales,21/2/2025,SKU-6300
FAC-02482,PROV-0680,"12367,38",Legales,15/12/2025,SKU-4393
FAC-02485,PROV-0846,"7713,56",Legales,30/6/2025,SKU-2604
FAC-02515,PROV-0246,"937,63",Legales,25/4/2025,SKU-6739
FAC-02535,PROV-0661,"9952,56",Legales,10/10/2025,SKU-5445
FAC-02540,PROV-0648,"3267,46",Legales,4/1/2025,SKU-6004
FAC-02553,PROV-0598,"4002,03",Legales,10/4/2025,SKU-1685
FAC-02554,PROV-0651,"14543,33",Legales,2/1/2025,SKU-6690
FAC-02557,PROV-0498,"1126,09",Legales,8/4/2025,SKU-2934
FAC-02561,PROV-0206,"10701,93",Legales,13/9/2025,SKU-3533
FAC-02568,PROV-0699,"2533,72",Legales,12/2/2025,SKU-5169
FAC-02576,PROV-0466,"6452,34",Legales,20/4/2025,SKU-9773
FAC-02577,PROV-0270,"12352,97",Legales,30/12/2025,SKU-9246
FAC-02587,PROV-0944,"12936,5",Legales,11/3/2025,SKU-3625
FAC-02588,PROV-0043,"8730,23",Legales,24/11/2025,SKU-6352
FAC-02590,PROV-0614,"10686,77",Legales,12/2/2025,SKU-4214
FAC-02591,PROV-0361,"647,46",Legales,12/8/2025,SKU-2590
FAC-02596,PROV-0636,"9943,11",Legales,14/1/2025,SKU-6232
FAC-02597,PROV-0164,"431,78",Legales,28/10/2025,SKU-8491
FAC-02599,PROV-0381,"1752,01",Legales,8/12/2025,SKU-5720
FAC-02601,PROV-0897,"9953,5",Legales,22/6/2025,SKU-8482
FAC-02603,PROV-0226,"9024,11",Legales,24/12/2025,SKU-7458
FAC-02604,PROV-0452,"3783,92",Legales,19/8/2025,SKU-1147
FAC-02606,PROV-0827,"14454,67",Legales,20/5/2025,SKU-8291
FAC-02614,PROV-0963,"14954,91",Legales,27/4/2025,SKU-6021
FAC-02619,PROV-0642,"9154,85",Legales,12/10/2025,SKU-4349
FAC-02624,PROV-0885,"9079,2",Legales,15/3/2025,SKU-4157
FAC-02629,PROV-0824,"11197,36",Legales,3/4/2025,SKU-1890
FAC-02636,PROV-0396,"9111,04",Legales,16/5/2025,SKU-9214
FAC-02644,PROV-0169,"5183,93",Legales,7/1/2025,SKU-7314
FAC-02660,PROV-0963,"14831,31",Legales,5/6/2025,SKU-8524
FAC-02679,PROV-0972,"3996,16",Legales,18/7/2025,SKU-2844
FAC-02699,PROV-0289,"5057,99",Legales,12/5/2025,SKU-6092
FAC-02713,PROV-0492,"11384,05",Legales,18/7/2025,SKU-4103
FAC-02717,PROV-0538,"13245,41",Legales,19/12/2025,SKU-9882
FAC-02723,PROV-0497,"375,15",Legales,1/8/2025,SKU-2021
FAC-02732,PROV-0447,"364,92",Legales,4/10/2025,SKU-1133
FAC-02742,PROV-0230,"2618,56",Legales,12/3/2025,SKU-2664
FAC-02743,PROV-0039,"3962,85",Legales,21/7/2025,SKU-2875
FAC-02752,PROV-0766,"9335,4",Legales,14/5/2025,SKU-1225
FAC-02753,PROV-0831,"6799,47",Legales,29/9/2025,SKU-1415
FAC-02755,PROV-0963,11781,Legales,25/2/2025,SKU-7336
FAC-02757,PROV-0651,"14163,36",Legales,21/10/2025,SKU-2148
FAC-02761,PROV-0985,"13816,54",Legales,24/4/2025,SKU-2022
FAC-02768,PROV-0538,"8523,04",Legales,23/6/2025,SKU-1872
FAC-02773,PROV-0009,"4178,41",Legales,7/2/2025,SKU-6985
FAC-02778,PROV-0287,"12146,98",Legales,6/10/2025,SKU-3057
FAC-02785,PROV-0697,"4715,84",Legales,12/7/2025,SKU-3924
FAC-02787,PROV-0569,"3590,63",Legales,24/10/2025,SKU-5781
FAC-02788,PROV-0987,"3715,52",Legales,12/8/2025,SKU-5364
FAC-02797,PROV-0376,"9380,4",Legales,27/6/2025,SKU-9735
FAC-02811,PROV-0433,"10926,79",Legales,17/11/2025,SKU-1826
FAC-02812,PROV-0739,"3428,62",Legales,1/7/2025,SKU-4256
FAC-02816,PROV-0372,"3057,28",Legales,13/7/2025,SKU-6207
FAC-02821,PROV-0877,"11476,79",Legales,19/9/2025,SKU-4453
FAC-02823,PROV-0529,"8471,15",Legales,30/1/2025,SKU-3902
FAC-02824,PROV-0602,"3571,1",Legales,21/9/2025,SKU-3238
FAC-02826,PROV-0534,"8445,65",Legales,28/11/2025,SKU-5673
FAC-02845,PROV-0302,"6796,94",Legales,29/3/2025,SKU-5449
FAC-02859,PROV-0714,"13079,95",Legales,15/4/2025,SKU-3882
FAC-02867,PROV-0688,"13284,55",Legales,29/12/2025,SKU-3679
FAC-02868,PROV-0794,"6467,76",Legales,26/5/2025,SKU-3410
FAC-02877,PROV-0008,"1019,72",Legales,22/7/2025,SKU-9847
FAC-02879,PROV-0672,6849,Legales,6/1/2025,SKU-1550
FAC-02884,PROV-0236,"2363,92",Legales,3/7/2025,SKU-1833
FAC-02901,PROV-0494,"1477,12",Legales,31/5/2025,SKU-4961
FAC-02904,PROV-0611,"13806,36",Legales,13/9/2025,SKU-1255
FAC-02914,PROV-0489,"10430,54",Legales,2/4/2025,SKU-2599
FAC-02923,PROV-0213,"14282,99",Legales,27/6/2025,SKU-1630
FAC-02945,PROV-0636,6508,Legales,23/9/2025,SKU-2379
FAC-02946,PROV-0781,"13826,97",Legales,7/6/2025,SKU-4624
FAC-02960,PROV-0274,"6220,18",Legales,24/9/2025,SKU-4200
FAC-02968,PROV-0534,"2475,09",Legales,15/7/2025,SKU-8547
FAC-02972,PROV-0021,"14479,43",Legales,12/11/2025,SKU-5847
FAC-02973,PROV-0800,"4129,94",Legales,29/11/2025,SKU-7119
FAC-02977,PROV-0815,"14744,62",Legales,29/9/2025,SKU-4778
FAC-02981,PROV-0412,"8761,17",Legales,11/2/2025,SKU-9626
FAC-02982,PROV-0082,"11871,59",Legales,28/4/2025,SKU-8020
FAC-02986,PROV-0165,"8371,32",Legales,13/6/2025,SKU-1156
FAC-02989,PROV-0562,"5143,6",Legales,28/10/2025,SKU-2557
FAC-02992,PROV-0649,"6077,48",Legales,30/12/2025,SKU-4277
FAC-02993,PROV-0061,"11097,7",Legales,13/4/2025,SKU-7129
FAC-03003,PROV-0171,"4549,67",Legales,10/10/2025,SKU-2620
FAC-03004,PROV-0656,"7384,19",Legales,21/8/2025,SKU-6573
FAC-03005,PROV-0089,"2185,88",Legales,22/3/2025,SKU-7847
FAC-03028,PROV-0657,"3354,88",Legales,13/8/2025,SKU-2583
FAC-03029,PROV-0082,"14967,91",Legales,15/7/2025,SKU-2527
FAC-03033,PROV-0549,"9831,75",Legales,9/7/2025,SKU-1932
FAC-03036,PROV-0106,"14536,15",Legales,11/11/2025,SKU-1111
FAC-03046,PROV-0909,"14544,31",Legales,4/3/2025,SKU-2316
FAC-03057,PROV-0628,"8045,01",Legales,11/2/2025,SKU-5528
FAC-03071,PROV-0552,"14434,64",Legales,8/7/2025,SKU-9324
FAC-03075,PROV-0490,"7406,92",Legales,11/11/2025,SKU-7777
FAC-03076,PROV-0398,"7473,55",Legales,30/11/2025,SKU-4003
FAC-03079,PROV-0009,"6787,61",Legales,6/6/2025,SKU-4005
FAC-03081,PROV-0667,"9173,06",Legales,9/5/2025,SKU-1042
FAC-03090,PROV-0360,"9355,8",Legales,27/2/2025,SKU-2158
FAC-03103,PROV-0276,"901,52",Legales,1/7/2025,SKU-8139
FAC-03105,PROV-0352,"3349,57",Legales,28/1/2025,SKU-3892
FAC-03110,PROV-0140,"9420,96",Legales,30/9/2025,SKU-1567
FAC-03114,PROV-0554,"11518,78",Legales,9/3/2025,SKU-1046
FAC-03118,PROV-0154,"2943,07",Legales,15/3/2025,SKU-1320
FAC-03120,PROV-0693,"7897,75",Legales,28/2/2025,SKU-3101
FAC-03123,PROV-0402,"13987,53",Legales,23/5/2025,SKU-6547
FAC-03124,PROV-0055,"2692,1",Legales,26/8/2025,SKU-9987
FAC-03133,PROV-0672,"9726,41",Legales,13/8/2025,SKU-3642
FAC-03134,PROV-0410,"14738,8",Legales,19/11/2025,SKU-1939
FAC-03142,PROV-0182,"3372,06",Legales,24/8/2025,SKU-5877
FAC-03149,PROV-0128,"10222,25",Legales,21/11/2025,SKU-4647
FAC-03150,PROV-0030,"5459,23",Legales,27/9/2025,SKU-2952
FAC-03158,PROV-0722,"13731,06",Legales,21/6/2025,SKU-1165
FAC-03174,PROV-0466,"8685,38",Legales,30/4/2025,SKU-6726
FAC-03175,PROV-0994,"9890,52",Legales,3/1/2025,SKU-7107
FAC-03178,PROV-0913,"12114,56",Legales,3/10/2025,SKU-6226
FAC-03184,PROV-0099,"10649,01",Legales,17/11/2025,SKU-4680
FAC-03189,PROV-0643,"13226,28",Legales,8/1/2025,SKU-3505
FAC-03192,PROV-0116,"11151,61",Legales,12/4/2025,SKU-1324
FAC-03194,PROV-0661,"7018,67",Legales,27/3/2025,SKU-2286
FAC-03198,PROV-0169,"11760,38",Legales,2/2/2025,SKU-2644
FAC-03199,PROV-0843,"11817,77",Legales,28/12/2025,SKU-6716
FAC-03207,PROV-0438,"13948,42",Legales,22/4/2025,SKU-1530
FAC-03213,PROV-0592,"4449,53",Legales,11/9/2025,SKU-7465
FAC-03216,PROV-0199,"10487,54",Legales,28/11/2025,SKU-3172
FAC-03237,PROV-0348,"12693,7",Legales,12/10/2025,SKU-8765
FAC-03250,PROV-0337,"12716,07",Legales,22/8/2025,SKU-7639
FAC-03256,PROV-0559,"5439,47",Legales,27/7/2025,SKU-6386
FAC-03260,PROV-0033,"14626,34",Legales,25/10/2025,SKU-7545
FAC-03267,PROV-0855,"10730,4",Legales,6/6/2025,SKU-2355
FAC-03274,PROV-0510,"9591,66",Legales,18/2/2025,SKU-7977
FAC-03276,PROV-0354,"13222,82",Legales,16/11/2025,SKU-2044
FAC-03279,PROV-0534,"3576,44",Legales,17/4/2025,SKU-6678
FAC-03297,PROV-0322,"10878,82",Legales,24/10/2025,SKU-4116
FAC-03298,PROV-0051,"9150,86",Legales,9/1/2025,SKU-6929
FAC-03302,PROV-0640,"8175,82",Legales,5/5/2025,SKU-3701
FAC-03303,PROV-0919,"8154,25",Legales,22/5/2025,SKU-1795
FAC-03313,PROV-0789,"11774,02",Legales,21/10/2025,SKU-9510
FAC-03317,PROV-0525,"13435,92",Legales,7/7/2025,SKU-6728
FAC-03321,PROV-0332,"14140,26",Legales,11/11/2025,SKU-1675
FAC-03327,PROV-0980,"772,81",Legales,15/11/2025,SKU-4338
FAC-03333,PROV-0328,"11806,9",Legales,2/5/2025,SKU-9542
FAC-03341,PROV-0398,"670,05",Legales,22/5/2025,SKU-2891
FAC-03357,PROV-0517,"8223,02",Legales,8/4/2025,SKU-5144
FAC-03366,PROV-0432,"2819,96",Legales,20/2/2025,SKU-8389
FAC-03373,PROV-0730,"1688,62",Legales,19/8/2025,SKU-5941
FAC-03396,PROV-0947,"5616,07",Legales,9/8/2025,SKU-6555
FAC-03399,PROV-0736,"8414,23",Legales,6/1/2025,SKU-9407
FAC-03400,PROV-0498,"10221,04",Legales,2/7/2025,SKU-5109
FAC-03415,PROV-0716,"10897,54",Legales,21/9/2025,SKU-2004
FAC-03430,PROV-0272,"6413,08",Legales,26/9/2025,SKU-9294
FAC-03439,PROV-0049,"11652,58",Legales,2/2/2025,SKU-7148
FAC-03445,PROV-0251,"12356,1",Legales,25/9/2025,SKU-8808
FAC-03446,PROV-0304,"14864,54",Legales,14/10/2025,SKU-8333
FAC-03454,PROV-0237,"12675,8",Legales,22/3/2025,SKU-7530
FAC-03455,PROV-0029,"10579,42",Legales,23/5/2025,SKU-7217
FAC-03458,PROV-0464,"7436,58",Legales,22/11/2025,SKU-6701
FAC-03463,PROV-0750,"3437,85",Legales,18/2/2025,SKU-9055
FAC-03466,PROV-0907,"6817,87",Legales,3/8/2025,SKU-7149
FAC-03467,PROV-0057,"2811,71",Legales,7/6/2025,SKU-1406
FAC-03468,PROV-0620,"8667,86",Legales,26/4/2025,SKU-8565
FAC-03476,PROV-0107,"2157,61",Legales,10/4/2025,SKU-9852
FAC-03479,PROV-0925,"2203,82",Legales,8/1/2025,SKU-4249
FAC-03484,PROV-0320,"8252,58",Legales,12/7/2025,SKU-9768
FAC-03487,PROV-0759,"5933,43",Legales,15/11/2025,SKU-4638
FAC-03496,PROV-0679,"5560,99",Legales,5/4/2025,SKU-5943
FAC-03499,PROV-0309,"1030,49",Legales,14/10/2025,SKU-6659
FAC-03503,PROV-0206,"13442,07",Legales,9/4/2025,SKU-3361
FAC-03505,PROV-0335,"8117,68",Legales,4/10/2025,SKU-7310
FAC-03510,PROV-0736,"6907,98",Legales,28/6/2025,SKU-8080
FAC-03519,PROV-0403,"14389,51",Legales,5/7/2025,SKU-4600
FAC-03543,PROV-0528,"5330,04",Legales,9/7/2025,SKU-1521
FAC-03546,PROV-0578,"14947,18",Legales,26/4/2025,SKU-6493
FAC-03552,PROV-0201,"10547,72",Legales,15/11/2025,SKU-9661
FAC-03554,PROV-0408,"2441,5",Legales,5/3/2025,SKU-9104
FAC-03571,PROV-0947,"2643,14",Legales,6/3/2025,SKU-6752
FAC-03576,PROV-0513,"7953,54",Legales,17/5/2025,SKU-8988
FAC-03607,PROV-0203,"4807,33",Legales,15/4/2025,SKU-6347
FAC-03610,PROV-0582,"10924,14",Legales,21/11/2025,SKU-5656
FAC-03615,PROV-0398,"14890,72",Legales,21/8/2025,SKU-8453
FAC-03619,PROV-0262,"12710,19",Legales,25/4/2025,SKU-8660
FAC-03622,PROV-0740,"4804,34",Legales,18/7/2025,SKU-7531
FAC-03624,PROV-0817,"10889,83",Legales,5/8/2025,SKU-2496
FAC-03626,PROV-0034,"2185,27",Legales,23/6/2025,SKU-4939
FAC-03637,PROV-0240,"4066,99",Legales,13/9/2025,SKU-1623
FAC-03639,PROV-0388,"5072,23",Legales,27/7/2025,SKU-5465
FAC-03642,PROV-0896,"4099,65",Legales,16/4/2025,SKU-9954
FAC-03646,PROV-0662,"1773,12",Legales,28/8/2025,SKU-9575
FAC-03659,PROV-0276,"4691,22",Legales,29/9/2025,SKU-6085
FAC-03660,PROV-0179,"11890,22",Legales,24/10/2025,SKU-2025
FAC-03675,PROV-0833,"1633,98",Legales,1/11/2025,SKU-5319
FAC-03676,PROV-0948,"9139,98",Legales,21/11/2025,SKU-4298
FAC-03686,PROV-0776,"4124,31",Legales,21/2/2025,SKU-2525
FAC-03689,PROV-0420,"13212,64",Legales,13/7/2025,SKU-4197
FAC-03694,PROV-0276,"11354,24",Legales,30/1/2025,SKU-1541
FAC-03696,PROV-0924,"5464,23",Legales,10/3/2025,SKU-1745
FAC-03703,PROV-0002,"2246,63",Legales,9/12/2025,SKU-1392
FAC-03706,PROV-0932,"5827,1",Legales,24/4/2025,SKU-2733
FAC-03714,PROV-0328,"2650,32",Legales,17/12/2025,SKU-8290
FAC-03721,PROV-0429,"7810,37",Legales,1/5/2025,SKU-3775
FAC-03723,PROV-0728,"6549,11",Legales,7/3/2025,SKU-6181
FAC-03724,PROV-0715,"4955,29",Legales,30/4/2025,SKU-7457
FAC-03745,PROV-0298,"13882,08",Legales,18/7/2025,SKU-4474
FAC-03758,PROV-0037,"10427,13",Legales,26/1/2025,SKU-6772
FAC-03769,PROV-0099,"9201,54",Legales,12/7/2025,SKU-7059
FAC-03774,PROV-0723,"5343,13",Legales,1/1/2025,SKU-8527
FAC-03778,PROV-0605,"1594,79",Legales,20/4/2025,SKU-3871
FAC-03789,PROV-0982,"11687,42",Legales,23/7/2025,SKU-5787
FAC-03797,PROV-0620,"8618,21",Legales,18/9/2025,SKU-8460
FAC-03800,PROV-0143,"8764,02",Legales,8/3/2025,SKU-7401
FAC-03811,PROV-0821,"12561,22",Legales,9/2/2025,SKU-2346
FAC-03812,PROV-0311,"2352,74",Legales,23/10/2025,SKU-5764
FAC-03822,PROV-0273,"6984,57",Legales,5/1/2025,SKU-6849
FAC-03823,PROV-0903,"11417,29",Legales,18/9/2025,SKU-1900
FAC-03836,PROV-0533,"7331,7",Legales,4/8/2025,SKU-3418
FAC-03837,PROV-0522,"8923,28",Legales,18/12/2025,SKU-1029
FAC-03845,PROV-0906,"13631,96",Legales,8/2/2025,SKU-3824
FAC-03848,PROV-0038,"2567,58",Legales,4/8/2025,SKU-9731
FAC-03850,PROV-0014,"8810,57",Legales,26/5/2025,SKU-7918
FAC-03853,PROV-0559,"4841,78",Legales,20/9/2025,SKU-2942
FAC-03857,PROV-0257,"9866,23",Legales,1/5/2025,SKU-9234
FAC-03859,PROV-0851,"5784,11",Legales,28/9/2025,SKU-9941
FAC-03860,PROV-0768,"11426,23",Legales,29/4/2025,SKU-2016
FAC-03861,PROV-0598,"10724,16",Legales,18/1/2025,SKU-1559
FAC-03862,PROV-0729,"9699,66",Legales,11/6/2025,SKU-4785
FAC-03864,PROV-0061,"14438,72",Legales,27/11/2025,SKU-9491
FAC-03870,PROV-0421,"14002,93",Legales,23/9/2025,SKU-9865
FAC-03886,PROV-0095,"8001,97",Legales,1/9/2025,SKU-3452
FAC-03888,PROV-0864,"7838,21",Legales,3/12/2025,SKU-8861
FAC-03894,PROV-0771,"6904,3",Legales,17/6/2025,SKU-2833
FAC-03899,PROV-0535,"1562,08",Legales,5/11/2025,SKU-4534
FAC-03900,PROV-0631,"1323,39",Legales,10/1/2025,SKU-4318
FAC-03914,PROV-0482,"8520,66",Legales,25/2/2025,SKU-7720
FAC-03924,PROV-0743,"5655,64",Legales,3/5/2025,SKU-5130
FAC-03930,PROV-0297,"3536,59",Legales,3/9/2025,SKU-4155
FAC-03932,PROV-0043,"14695,52",Legales,1/10/2025,SKU-7261
FAC-03933,PROV-0739,"2587,52",Legales,5/2/2025,SKU-5352
FAC-03934,PROV-0446,"4033,07",Legales,6/2/2025,SKU-1809
FAC-03935,PROV-0073,"7287,31",Legales,21/10/2025,SKU-2194
FAC-03938,PROV-0997,"5675,06",Legales,10/2/2025,SKU-7742
FAC-03953,PROV-0051,"10093,13",Legales,28/11/2025,SKU-2404
FAC-03977,PROV-0333,"14863,77",Legales,30/1/2025,SKU-7935
FAC-03983,PROV-0267,"8725,6",Legales,14/3/2025,SKU-9820
FAC-03984,PROV-0666,"13165,4",Legales,19/3/2025,SKU-6347
FAC-03990,PROV-0861,"7305,94",Legales,16/6/2025,SKU-8847
FAC-04001,PROV-0177,"8827,14",Legales,14/5/2025,SKU-2150
FAC-04003,PROV-0059,"1816,07",Legales,11/11/2025,SKU-5580
FAC-04009,PROV-0802,"6597,09",Legales,19/10/2025,SKU-4314
FAC-04010,PROV-0724,"7042,67",Legales,18/12/2025,SKU-5845
FAC-04019,PROV-0973,"2672,31",Legales,2/10/2025,SKU-8351
FAC-04024,PROV-0611,"5345,35",Legales,28/12/2025,SKU-7431
FAC-04029,PROV-0359,"9272,71",Legales,1/3/2025,SKU-9110
FAC-04036,PROV-0380,"4509,72",Legales,3/3/2025,SKU-9837
FAC-04042,PROV-0336,"8944,88",Legales,27/2/2025,SKU-9913
FAC-04066,PROV-0736,"12324,79",Legales,20/7/2025,SKU-3664
FAC-04073,PROV-0560,"6523,63",Legales,23/7/2025,SKU-2039
FAC-04075,PROV-0647,"1306,32",Legales,14/11/2025,SKU-1261
FAC-04101,PROV-0974,"10945,13",Legales,6/9/2025,SKU-1903
FAC-04104,PROV-0716,"9144,44",Legales,19/3/2025,SKU-4577
FAC-04111,PROV-0463,"3676,13",Legales,28/2/2025,SKU-3403
FAC-04119,PROV-0129,"11645,29",Legales,30/4/2025,SKU-5432
FAC-04120,PROV-0600,"5893,88",Legales,29/11/2025,SKU-5598
FAC-04128,PROV-0691,"10805,55",Legales,24/3/2025,SKU-2455
FAC-04129,PROV-0423,"5928,24",Legales,24/9/2025,SKU-9448
FAC-04140,PROV-0155,"10845,16",Legales,1/6/2025,SKU-5835
FAC-04141,PROV-0947,"6335,56",Legales,28/2/2025,SKU-7907
FAC-04150,PROV-0356,"1452,74",Legales,17/7/2025,SKU-9823
FAC-04161,PROV-0567,"11064,04",Legales,7/4/2025,SKU-3311
FAC-04163,PROV-0849,"7670,54",Legales,15/9/2025,SKU-3305
FAC-04167,PROV-0079,"4390,54",Legales,15/9/2025,SKU-5156
FAC-04183,PROV-0091,"5393,26",Legales,31/7/2025,SKU-3247
FAC-04188,PROV-0482,"3909,25",Legales,2/3/2025,SKU-7424
FAC-04191,PROV-0193,"4114,89",Legales,27/9/2025,SKU-3330
FAC-04192,PROV-0396,"9932,08",Legales,14/3/2025,SKU-8139
FAC-04212,PROV-0191,"14987,9",Legales,27/5/2025,SKU-3952
FAC-04220,PROV-0650,"11048,8",Legales,10/11/2025,SKU-3560
FAC-04225,PROV-0569,"13949,61",Legales,20/3/2025,SKU-8404
FAC-04239,PROV-0122,"9521,06",Legales,21/6/2025,SKU-9650
FAC-04241,PROV-0985,"1844,07",Legales,20/8/2025,SKU-6374
FAC-04244,PROV-0719,"7959,14",Legales,21/9/2025,SKU-9857
FAC-04245,PROV-0042,"4353,14",Legales,3/2/2025,SKU-1525
FAC-04248,PROV-0724,"4197,34",Legales,2/4/2025,SKU-7009
FAC-04253,PROV-0721,"9490,55",Legales,25/8/2025,SKU-5300
FAC-04257,PROV-0507,"1837,01",Legales,1/3/2025,SKU-7095
FAC-04260,PROV-0893,"13050,82",Legales,10/3/2025,SKU-5492
FAC-04266,PROV-0846,"1547,94",Legales,4/5/2025,SKU-1073
FAC-04270,PROV-0630,"13643,55",Legales,8/10/2025,SKU-3678
FAC-04272,PROV-0413,"14831,75",Legales,25/6/2025,SKU-9331
FAC-04273,PROV-0407,"8341,39",Legales,5/5/2025,SKU-5921
FAC-04276,PROV-0287,"4065,1",Legales,9/12/2025,SKU-4187
FAC-04295,PROV-0676,"2859,78",Legales,17/1/2025,SKU-9820
FAC-04299,PROV-0414,"5416,27",Legales,12/3/2025,SKU-2253
FAC-04300,PROV-0340,"4902,82",Legales,26/9/2025,SKU-1150
FAC-04306,PROV-0913,"14287,8",Legales,30/9/2025,SKU-9888
FAC-04315,PROV-0634,"7746,45",Legales,17/1/2025,SKU-3633
FAC-04318,PROV-0706,"3772,72",Legales,18/9/2025,SKU-7053
FAC-04333,PROV-0081,"4229,04",Legales,7/9/2025,SKU-1265
FAC-04338,PROV-0866,"10252,5",Legales,6/7/2025,SKU-1206
FAC-04353,PROV-0848,"12640,21",Legales,28/12/2025,SKU-5743
FAC-04357,PROV-0884,"2622,59",Legales,1/8/2025,SKU-8048
FAC-04367,PROV-0903,"9046,17",Legales,27/9/2025,SKU-3488
FAC-04377,PROV-0565,"11759,26",Legales,1/4/2025,SKU-7967
FAC-04381,PROV-0019,"4553,73",Legales,20/9/2025,SKU-8483
FAC-04397,PROV-0486,"8339,21",Legales,25/7/2025,SKU-6815
FAC-04406,PROV-0098,"11466,48",Legales,23/2/2025,SKU-2231
FAC-04420,PROV-0507,"12593,6",Legales,15/9/2025,SKU-7524
FAC-04426,PROV-0595,"6723,04",Legales,30/6/2025,SKU-7153
FAC-04433,PROV-0186,"2756,43",Legales,25/2/2025,SKU-7089
FAC-04450,PROV-0036,"13673,09",Legales,9/11/2025,SKU-2322
FAC-04453,PROV-0047,"3320,35",Legales,9/10/2025,SKU-2856
FAC-04455,PROV-0723,"2486,69",Legales,15/9/2025,SKU-1061
FAC-04456,PROV-0628,"12067,28",Legales,17/4/2025,SKU-7496
FAC-04460,PROV-0708,"10071,59",Legales,24/3/2025,SKU-9470
FAC-04472,PROV-0534,"11524,02",Legales,21/7/2025,SKU-9102
FAC-04476,PROV-0578,"10784,23",Legales,15/2/2025,SKU-9597
FAC-04483,PROV-0034,"6682,14",Legales,6/4/2025,SKU-3383
FAC-04501,PROV-0994,"575,73",Legales,1/12/2025,SKU-6666
FAC-04510,PROV-0651,"5385,37",Legales,3/10/2025,SKU-8446
FAC-04513,PROV-0941,"10917,7",Legales,29/8/2025,SKU-7221
FAC-04516,PROV-0180,"12954,43",Legales,16/8/2025,SKU-3450
FAC-04517,PROV-0712,"12920,7",Legales,18/6/2025,SKU-1084
FAC-04522,PROV-0585,"11460,06",Legales,3/10/2025,SKU-8735
FAC-04526,PROV-0653,"9710,05",Legales,3/12/2025,SKU-6453
FAC-04527,PROV-0291,"2193,38",Legales,6/5/2025,SKU-5033
FAC-04534,PROV-0500,"14325,35",Legales,1/11/2025,SKU-4625
FAC-04537,PROV-0254,"9397,62",Legales,7/6/2025,SKU-6181
FAC-04541,PROV-0265,"11635,5",Legales,11/6/2025,SKU-8756
FAC-04543,PROV-0680,"6082,43",Legales,3/1/2025,SKU-2826
FAC-04547,PROV-0359,"7772,74",Legales,3/2/2025,SKU-4406
FAC-04548,PROV-0137,"1419,27",Legales,4/3/2025,SKU-4145
FAC-04551,PROV-0941,"6409,72",Legales,16/9/2025,SKU-6102
FAC-04552,PROV-0773,"10239,09",Legales,7/9/2025,SKU-8751
FAC-04556,PROV-0383,"1036,44",Legales,16/11/2025,SKU-9235
FAC-04557,PROV-0150,"7119,98",Legales,14/2/2025,SKU-9004
FAC-04560,PROV-0403,"4634,99",Legales,31/7/2025,SKU-4037
FAC-04561,PROV-0829,"10340,97",Legales,20/6/2025,SKU-7128
FAC-04563,PROV-0643,"7048,72",Legales,29/10/2025,SKU-2206
FAC-04567,PROV-0937,"3124,79",Legales,30/8/2025,SKU-4116
FAC-04572,PROV-0507,"9353,71",Legales,28/4/2025,SKU-6794
FAC-04573,PROV-0564,"11103,09",Legales,23/9/2025,SKU-9884
FAC-04575,PROV-0072,"7289,73",Legales,13/8/2025,SKU-2799
FAC-04588,PROV-0309,"7902,65",Legales,8/11/2025,SKU-3772
FAC-04595,PROV-0228,"11452,89",Legales,6/7/2025,SKU-7016
FAC-04608,PROV-0132,"288,29",Legales,5/3/2025,SKU-5022
FAC-04622,PROV-0279,"5095,64",Legales,12/3/2025,SKU-9990
FAC-04626,PROV-0185,"14256,53",Legales,25/10/2025,SKU-4759
FAC-04633,PROV-0130,"867,73",Legales,12/9/2025,SKU-8998
FAC-04637,PROV-0313,"3007,56",Legales,27/4/2025,SKU-1035
FAC-04667,PROV-0432,"3396,16",Legales,11/11/2025,SKU-2329
FAC-04673,PROV-0928,"1507,57",Legales,6/8/2025,SKU-5456
FAC-04674,PROV-0584,"11993,02",Legales,9/12/2025,SKU-9743
FAC-04677,PROV-0908,"7300,48",Legales,5/3/2025,SKU-8073
FAC-04679,PROV-0060,"2844,54",Legales,20/3/2025,SKU-6707
FAC-04690,PROV-0942,"14787,02",Legales,21/8/2025,SKU-5971
FAC-04699,PROV-0335,"439,19",Legales,26/3/2025,SKU-8027
FAC-04700,PROV-0965,"533,18",Legales,2/9/2025,SKU-3485
FAC-04703,PROV-0775,"12263,7",Legales,5/3/2025,SKU-7366
FAC-04725,PROV-0024,"9746,24",Legales,10/5/2025,SKU-1361
FAC-04732,PROV-0332,"9649,7",Legales,2/9/2025,SKU-2302
FAC-04743,PROV-0230,"4165,98",Legales,16/5/2025,SKU-4063
FAC-04747,PROV-0506,"6407,32",Legales,22/10/2025,SKU-1097
FAC-04756,PROV-0640,"4927,99",Legales,4/12/2025,SKU-3795
FAC-04762,PROV-0808,"5637,72",Legales,10/1/2025,SKU-1543
FAC-04768,PROV-0184,"2669,22",Legales,10/5/2025,SKU-9449
FAC-04769,PROV-0397,"13606,46",Legales,1/11/2025,SKU-1833
FAC-04781,PROV-0706,"2766,05",Legales,16/3/2025,SKU-3798
FAC-04784,PROV-0624,"11935,18",Legales,16/11/2025,SKU-7585
FAC-04794,PROV-0349,"8071,41",Legales,31/5/2025,SKU-8132
FAC-04800,PROV-0753,"6511,14",Legales,25/8/2025,SKU-5525
FAC-04803,PROV-0210,"4914,63",Legales,18/10/2025,SKU-9931
FAC-04806,PROV-0048,"12200,04",Legales,1/3/2025,SKU-4136
FAC-04836,PROV-0014,"8557,75",Legales,19/12/2025,SKU-1878
FAC-04847,PROV-0492,"9931,6",Legales,12/4/2025,SKU-9134
FAC-04864,PROV-0346,"955,81",Legales,15/11/2025,SKU-1857
FAC-04881,PROV-0302,"4769,78",Legales,27/2/2025,SKU-1363
FAC-04882,PROV-0023,"12280,96",Legales,4/4/2025,SKU-1473
FAC-04887,PROV-0874,"7982,61",Legales,20/9/2025,SKU-9262
FAC-04894,PROV-0853,"4215,99",Legales,27/10/2025,SKU-2319
FAC-04900,PROV-0785,"8459,3",Legales,12/1/2025,SKU-9841
FAC-04903,PROV-0138,"11843,69",Legales,3/5/2025,SKU-6671
FAC-04915,PROV-0483,"5309,39",Legales,11/12/2025,SKU-3381
FAC-04932,PROV-0483,"1809,85",Legales,5/7/2025,SKU-9995
FAC-04944,PROV-0574,"12978,09",Legales,23/7/2025,SKU-9010
FAC-04945,PROV-0892,"13103,61",Legales,14/12/2025,SKU-3776
FAC-04950,PROV-0180,"5066,13",Legales,22/4/2025,SKU-8552
FAC-04951,PROV-0190,"12700,96",Legales,4/2/2025,SKU-7376
FAC-04952,PROV-0230,"1380,42",Legales,19/5/2025,SKU-5972
FAC-04973,PROV-0665,"10201,82",Legales,25/12/2025,SKU-3835
FAC-04976,PROV-0848,"14980,31",Legales,5/3/2025,SKU-1424
FAC-04980,PROV-0682,"5785,17",Legales,7/6/2025,SKU-7983
FAC-04983,PROV-0292,"5098,96",Legales,27/5/2025,SKU-6702
FAC-04985,PROV-0224,"3675,95",Legales,6/5/2025,SKU-7898
FAC-04996,PROV-0721,"9147,79",Legales,29/6/2025,SKU-9417
FAC-05004,PROV-0814,"5110,79",Legales,7/3/2025,SKU-1099
FAC-05028,PROV-0373,"1254,24",Legales,28/6/2025,SKU-1229
FAC-05032,PROV-0698,"12004,39",Legales,6/9/2025,SKU-4406
FAC-05035,PROV-0771,"2130,93",Legales,22/2/2025,SKU-1252
FAC-05041,PROV-0265,"4075,91",Legales,12/7/2025,SKU-3316
FAC-05046,PROV-0081,"12658,94",Legales,9/8/2025,SKU-9329
FAC-05055,PROV-0991,"13316,82",Legales,15/6/2025,SKU-5263
FAC-05056,PROV-0442,"2214,4",Legales,23/6/2025,SKU-7191
FAC-05058,PROV-0715,"11583,84",Legales,1/9/2025,SKU-2346
FAC-05059,PROV-0199,"7790,53",Legales,28/3/2025,SKU-8540
FAC-05062,PROV-0442,"8979,81",Legales,3/10/2025,SKU-4669
FAC-05064,PROV-0680,"9206,1",Legales,14/9/2025,SKU-1779
FAC-05074,PROV-0686,"11342,29",Legales,27/10/2025,SKU-4826
FAC-05076,PROV-0251,"13959,91",Legales,28/2/2025,SKU-6128
FAC-05081,PROV-0492,"1384,2",Legales,26/12/2025,SKU-6411
FAC-05083,PROV-0609,"2009,58",Legales,4/2/2025,SKU-8817
FAC-05085,PROV-0587,"12364,41",Legales,16/1/2025,SKU-1045
FAC-05089,PROV-0448,"6455,06",Legales,9/10/2025,SKU-3012
FAC-05094,PROV-0168,"9299,83",Legales,4/11/2025,SKU-7127
FAC-05099,PROV-0315,"1287,78",Legales,18/8/2025,SKU-7734
FAC-05102,PROV-0896,"2717,82",Legales,25/5/2025,SKU-9422
FAC-05103,PROV-0933,"481,95",Legales,18/6/2025,SKU-7179
FAC-05113,PROV-0069,"10660,79",Legales,13/2/2025,SKU-5112
FAC-05116,PROV-0127,"5934,19",Legales,24/2/2025,SKU-6366
FAC-05118,PROV-0051,"1255,42",Legales,17/4/2025,SKU-7748
FAC-05120,PROV-0319,"6933,58",Legales,15/11/2025,SKU-9095
FAC-05128,PROV-0936,"8552,52",Legales,16/2/2025,SKU-3288
FAC-05130,PROV-0586,"1071,26",Legales,12/9/2025,SKU-1136
FAC-05142,PROV-0933,"4815,25",Legales,3/9/2025,SKU-4939
FAC-05146,PROV-0965,"14815,93",Legales,24/9/2025,SKU-6440
FAC-05151,PROV-0050,"4098,2",Legales,1/2/2025,SKU-8147
FAC-05155,PROV-0329,"7630,63",Legales,26/12/2025,SKU-8946
FAC-05156,PROV-0530,"9260,01",Legales,4/1/2025,SKU-2950
FAC-05162,PROV-0219,"11560,39",Legales,9/8/2025,SKU-3891
FAC-05173,PROV-0220,"3137,58",Legales,1/8/2025,SKU-4656
FAC-05174,PROV-0808,"12312,61",Legales,15/1/2025,SKU-8024
FAC-05196,PROV-0987,"14915,43",Legales,21/8/2025,SKU-5525
FAC-05198,PROV-0954,"1530,76",Legales,21/5/2025,SKU-7094
FAC-05206,PROV-0223,"3893,18",Legales,13/2/2025,SKU-8261
FAC-05209,PROV-0562,"10617,07",Legales,5/12/2025,SKU-1661
FAC-05210,PROV-0347,"1268,48",Legales,26/9/2025,SKU-5424
FAC-05213,PROV-0757,"7673,54",Legales,30/6/2025,SKU-3247
FAC-05217,PROV-0995,"9851,95",Legales,12/12/2025,SKU-8073
FAC-05219,PROV-0269,"11438,95",Legales,26/1/2025,SKU-1952
FAC-05229,PROV-0199,"3472,49",Legales,17/5/2025,SKU-4864
FAC-05235,PROV-0081,"1850,14",Legales,20/2/2025,SKU-4741
FAC-05244,PROV-0585,"8283,32",Legales,13/4/2025,SKU-3114
FAC-05265,PROV-0469,"11500,19",Legales,30/3/2025,SKU-6177
FAC-05267,PROV-0759,"8011,55",Legales,22/5/2025,SKU-3060
FAC-05270,PROV-0623,"3322,27",Legales,12/10/2025,SKU-2611
FAC-05286,PROV-0261,"6306,43",Legales,31/3/2025,SKU-1278
FAC-05288,PROV-0971,"869,3",Legales,12/9/2025,SKU-9694
FAC-05289,PROV-0880,"4873,12",Legales,22/9/2025,SKU-5638
FAC-05290,PROV-0678,"6975,12",Legales,27/12/2025,SKU-5238
FAC-05300,PROV-0209,"9837,72",Legales,16/9/2025,SKU-3624
FAC-05311,PROV-0828,"5811,09",Legales,6/6/2025,SKU-6715
FAC-05312,PROV-0065,"13515,01",Legales,11/2/2025,SKU-8573
FAC-05329,PROV-0956,"4569,87",Legales,16/7/2025,SKU-3072
FAC-05330,PROV-0264,"14277,21",Legales,1/2/2025,SKU-4419
FAC-05331,PROV-0184,"6493,53",Legales,27/4/2025,SKU-3378
FAC-05338,PROV-0512,"6675,18",Legales,14/9/2025,SKU-1718
FAC-05342,PROV-0451,"8060,18",Legales,17/5/2025,SKU-3135
FAC-05348,PROV-0084,"2489,88",Legales,12/6/2025,SKU-3085
FAC-05364,PROV-0917,"4419,54",Legales,7/10/2025,SKU-7693
FAC-05365,PROV-0615,"12158,96",Legales,21/11/2025,SKU-6923
FAC-05386,PROV-0070,"10498,96",Legales,1/1/2025,SKU-5776
FAC-05387,PROV-0794,"5035,68",Legales,10/8/2025,SKU-6639
FAC-05394,PROV-0964,"3149,74",Legales,22/6/2025,SKU-3283
FAC-05396,PROV-0498,"11175,09",Legales,23/1/2025,SKU-2578
FAC-05397,PROV-0236,"2702,6",Legales,15/6/2025,SKU-2576
FAC-05399,PROV-0866,"9879,96",Legales,26/2/2025,SKU-3200
FAC-05406,PROV-0306,"13201,18",Legales,16/12/2025,SKU-8756
FAC-05408,PROV-0204,"5873,99",Legales,14/1/2025,SKU-3598
FAC-05420,PROV-0580,"2805,7",Legales,13/9/2025,SKU-8970
FAC-05421,PROV-0300,"11601,07",Legales,21/7/2025,SKU-6647
FAC-05424,PROV-0066,"5837,49",Legales,22/12/2025,SKU-3170
FAC-05425,PROV-0957,"2289,25",Legales,4/6/2025,SKU-3542
FAC-05427,PROV-0868,"14250,94",Legales,24/7/2025,SKU-2148
FAC-05429,PROV-0193,"14644,75",Legales,5/8/2025,SKU-1003
FAC-05430,PROV-0674,"5906,92",Legales,17/8/2025,SKU-3745
FAC-05438,PROV-0680,"8234,29",Legales,5/7/2025,SKU-2997
FAC-05439,PROV-0743,"4889,71",Legales,9/9/2025,SKU-7399
FAC-05440,PROV-0925,"10941,52",Legales,10/8/2025,SKU-5447
FAC-05466,PROV-0046,"8787,41",Legales,11/9/2025,SKU-7486
FAC-05485,PROV-0572,"13699,56",Legales,26/6/2025,SKU-2502
FAC-05493,PROV-0840,"4788,22",Legales,22/12/2025,SKU-5787
FAC-05494,PROV-0215,"9697,19",Legales,14/6/2025,SKU-8214
FAC-05495,PROV-0910,"9261,83",Legales,21/8/2025,SKU-3676
FAC-05496,PROV-0514,"6106,9",Legales,11/10/2025,SKU-5542
FAC-05503,PROV-0083,"733,86",Legales,24/12/2025,SKU-5765
FAC-05509,PROV-0232,"9999,25",Legales,2/5/2025,SKU-9966
FAC-05511,PROV-0135,"9577,71",Legales,3/2/2025,SKU-9940
FAC-05518,PROV-0669,"1410,76",Legales,4/11/2025,SKU-2136
FAC-05527,PROV-0222,"5380,64",Legales,12/4/2025,SKU-8331
FAC-05531,PROV-0446,"8016,76",Legales,26/7/2025,SKU-3323
FAC-05533,PROV-0932,"10580,81",Legales,20/2/2025,SKU-7008
FAC-05539,PROV-0329,"1853,12",Legales,2/10/2025,SKU-1052
FAC-05540,PROV-0845,"6128,9",Legales,28/1/2025,SKU-3921
FAC-05548,PROV-0590,"7220,01",Legales,13/9/2025,SKU-2564
FAC-05554,PROV-0812,"13128,82",Legales,15/9/2025,SKU-7940
FAC-05566,PROV-0831,"9431,62",Legales,11/5/2025,SKU-9641
FAC-05571,PROV-0893,"10333,38",Legales,4/2/2025,SKU-8142
FAC-05574,PROV-0239,"12299,37",Legales,19/2/2025,SKU-4710
FAC-05578,PROV-0201,"2250,33",Legales,1/2/2025,SKU-8105
FAC-05589,PROV-0030,"2106,3",Legales,27/3/2025,SKU-7408
FAC-05592,PROV-0939,"4749,64",Legales,21/8/2025,SKU-9302
FAC-05593,PROV-0380,"1487,7",Legales,17/9/2025,SKU-2805
FAC-05598,PROV-0249,"1317,47",Legales,16/4/2025,SKU-5123
FAC-05602,PROV-0066,"11038,21",Legales,12/5/2025,SKU-7695
FAC-05603,PROV-0970,"11970,6",Legales,19/8/2025,SKU-2669
FAC-05606,PROV-0546,"6642,19",Legales,16/12/2025,SKU-6485
FAC-05610,PROV-0682,"9761,25",Legales,13/4/2025,SKU-1852
FAC-05615,PROV-0810,"6981,53",Legales,18/5/2025,SKU-6241
FAC-05618,PROV-0395,"3300,64",Legales,12/3/2025,SKU-8360
FAC-05619,PROV-0530,"13699,68",Legales,24/3/2025,SKU-6524
FAC-05626,PROV-0523,"12065,35",Legales,18/12/2025,SKU-5635
FAC-05630,PROV-0625,"14650,65",Legales,13/1/2025,SKU-9263
FAC-05634,PROV-0391,"1935,35",Legales,7/2/2025,SKU-5556
FAC-05641,PROV-0420,"9472,66",Legales,6/1/2025,SKU-9438
FAC-05646,PROV-0409,"11081,76",Legales,24/5/2025,SKU-1549
FAC-05648,PROV-0782,"2174,85",Legales,18/3/2025,SKU-6583
FAC-05661,PROV-0326,"3660,29",Legales,28/6/2025,SKU-5904
FAC-05663,PROV-0292,"756,96",Legales,3/1/2025,SKU-1932
FAC-05666,PROV-0844,"479,2",Legales,24/12/2025,SKU-1311
FAC-05668,PROV-0252,"3464,98",Legales,21/5/2025,SKU-8179
FAC-05674,PROV-0765,"11894,13",Legales,4/3/2025,SKU-3854
FAC-05675,PROV-0524,"3838,07",Legales,20/1/2025,SKU-3320
FAC-05682,PROV-0871,"12006,78",Legales,2/3/2025,SKU-7388
FAC-05690,PROV-0761,"3892,91",Legales,11/9/2025,SKU-6879
FAC-05692,PROV-0023,"2417,89",Legales,20/10/2025,SKU-8617
FAC-05703,PROV-0072,"2755,09",Legales,23/3/2025,SKU-3566
FAC-05704,PROV-0227,"9296,5",Legales,18/9/2025,SKU-2907
FAC-05716,PROV-0218,7810,Legales,10/12/2025,SKU-6025
FAC-05719,PROV-0180,"14628,08",Legales,15/5/2025,SKU-3901
FAC-05727,PROV-0478,"5186,03",Legales,2/1/2025,SKU-9197
FAC-05729,PROV-0801,"7214,54",Legales,10/5/2025,SKU-1868
FAC-05734,PROV-0714,"5194,81",Legales,20/10/2025,SKU-8377
FAC-05736,PROV-0866,"1587,59",Legales,12/7/2025,SKU-6278
FAC-05740,PROV-0415,"4222,52",Legales,16/10/2025,SKU-7126
FAC-05741,PROV-0186,"8429,55",Legales,22/4/2025,SKU-3759
FAC-05749,PROV-0683,"8941,45",Legales,20/2/2025,SKU-4115
FAC-05751,PROV-0519,"3805,95",Legales,19/2/2025,SKU-1442
FAC-05753,PROV-0866,"11381,95",Legales,18/7/2025,SKU-3082
FAC-05759,PROV-0710,"7148,28",Legales,19/1/2025,SKU-4176
FAC-05768,PROV-0500,"651,75",Legales,21/9/2025,SKU-2985
FAC-05771,PROV-0525,"4119,54",Legales,1/5/2025,SKU-1217
FAC-05773,PROV-0841,"6672,36",Legales,18/3/2025,SKU-8702
FAC-05779,PROV-0674,"3966,25",Legales,16/11/2025,SKU-9505
FAC-05782,PROV-0607,"3752,06",Legales,19/8/2025,SKU-1111
FAC-05783,PROV-0340,"14898,21",Legales,18/4/2025,SKU-3932
FAC-05784,PROV-0227,"14758,85",Legales,28/8/2025,SKU-1943
FAC-05799,PROV-0325,"13139,73",Legales,20/9/2025,SKU-5063
FAC-05801,PROV-0158,"6818,58",Legales,3/10/2025,SKU-9739
FAC-05815,PROV-0569,"8926,45",Legales,4/4/2025,SKU-3097
FAC-05826,PROV-0874,"6872,62",Legales,21/5/2025,SKU-4402
FAC-05830,PROV-0458,"14543,18",Legales,3/3/2025,SKU-3204
FAC-05831,PROV-0049,"7504,62",Legales,10/5/2025,SKU-6246
FAC-05835,PROV-0153,"5096,25",Legales,18/5/2025,SKU-9825
FAC-05838,PROV-0648,"6832,13",Legales,14/2/2025,SKU-1816
FAC-05850,PROV-0729,13688,Legales,9/4/2025,SKU-3435
FAC-05851,PROV-0801,"723,68",Legales,3/4/2025,SKU-8120
FAC-05853,PROV-0430,"6521,28",Legales,15/1/2025,SKU-7684
FAC-05859,PROV-0944,"11565,7",Legales,5/10/2025,SKU-4833
FAC-05862,PROV-0225,"4897,56",Legales,20/2/2025,SKU-7906
FAC-05870,PROV-0295,"7957,98",Legales,8/7/2025,SKU-8597
FAC-05871,PROV-0435,"1242,27",Legales,31/1/2025,SKU-7903
FAC-05875,PROV-0409,"6567,1",Legales,13/12/2025,SKU-3339
FAC-05877,PROV-0938,"11284,32",Legales,5/6/2025,SKU-6228
FAC-05893,PROV-0712,"11994,24",Legales,16/6/2025,SKU-6588
FAC-05896,PROV-0577,"5426,34",Legales,20/1/2025,SKU-6665
FAC-05900,PROV-0128,"10586,93",Legales,25/10/2025,SKU-7957
FAC-05902,PROV-0124,"12050,96",Legales,8/7/2025,SKU-2285
FAC-05908,PROV-0982,"6146,96",Legales,25/4/2025,SKU-6148
FAC-05920,PROV-0264,"1744,17",Legales,30/6/2025,SKU-6094
FAC-05921,PROV-0386,"12323,01",Legales,29/5/2025,SKU-1733
FAC-05929,PROV-0772,"10294,06",Legales,9/11/2025,SKU-3287
FAC-05942,PROV-0694,"9286,21",Legales,12/8/2025,SKU-8868
FAC-05955,PROV-0976,"12387,96",Legales,9/5/2025,SKU-4949
FAC-05957,PROV-0154,"801,64",Legales,29/10/2025,SKU-8240
FAC-05975,PROV-0400,"1934,47",Legales,24/4/2025,SKU-7324
FAC-05976,PROV-0264,"13026,3",Legales,30/3/2025,SKU-1409
FAC-05984,PROV-0458,"5462,47",Legales,31/10/2025,SKU-5033
FAC-05988,PROV-0324,"5411,92",Legales,12/2/2025,SKU-2054
FAC-06015,PROV-0378,"5923,08",Legales,24/6/2025,SKU-8652
FAC-06019,PROV-0170,"5449,96",Legales,29/5/2025,SKU-5062
FAC-06030,PROV-0644,"5906,95",Legales,12/8/2025,SKU-5785
FAC-06034,PROV-0435,"2909,56",Legales,18/2/2025,SKU-9958
FAC-06041,PROV-0243,"11496,35",Legales,3/2/2025,SKU-6550
FAC-06042,PROV-0818,"12307,95",Legales,9/11/2025,SKU-9379
FAC-06047,PROV-0883,"12244,88",Legales,17/2/2025,SKU-8276
FAC-06052,PROV-0708,"6217,6",Legales,31/10/2025,SKU-1561
FAC-06065,PROV-0303,"11499,31",Legales,20/1/2025,SKU-2653
FAC-06067,PROV-0557,"10498,66",Legales,10/7/2025,SKU-2245
FAC-06076,PROV-0179,"8460,03",Legales,8/7/2025,SKU-1196
FAC-06109,PROV-0001,"14395,41",Legales,27/1/2025,SKU-9712
FAC-06111,PROV-0199,"13474,26",Legales,21/12/2025,SKU-2789
FAC-06123,PROV-0801,"13082,02",Legales,18/3/2025,SKU-6260
FAC-06142,PROV-0074,"6604,8",Legales,28/2/2025,SKU-7157
FAC-06164,PROV-0482,"14183,91",Legales,20/3/2025,SKU-7122
FAC-06166,PROV-0521,"12104,82",Legales,25/10/2025,SKU-3348
FAC-06168,PROV-0887,"6087,45",Legales,18/1/2025,SKU-5546
FAC-06170,PROV-0875,"13845,86",Legales,8/10/2025,SKU-1602
FAC-06171,PROV-0943,"7681,81",Legales,6/11/2025,SKU-8727
FAC-06172,PROV-0932,"6129,19",Legales,13/11/2025,SKU-5773
FAC-06176,PROV-0614,"8815,99",Legales,22/7/2025,SKU-7510
FAC-06182,PROV-0609,"10296,92",Legales,16/4/2025,SKU-5583
FAC-06185,PROV-0159,"4033,53",Legales,14/5/2025,SKU-5276
FAC-06190,PROV-0294,"14295,6",Legales,10/1/2025,SKU-8521
FAC-06193,PROV-0384,"13421,72",Legales,30/10/2025,SKU-3853
FAC-06205,PROV-0050,"2428,3",Legales,20/5/2025,SKU-6540
FAC-06214,PROV-0740,"9517,42",Legales,3/1/2025,SKU-4599
FAC-06219,PROV-0195,"7880,24",Legales,27/10/2025,SKU-4646
FAC-06227,PROV-0340,"9323,68",Legales,5/12/2025,SKU-6508
FAC-06229,PROV-0986,"8255,08",Legales,8/12/2025,SKU-9901
FAC-06231,PROV-0619,"2734,87",Legales,14/6/2025,SKU-5890
FAC-06232,PROV-0400,"9215,33",Legales,9/11/2025,SKU-1376
FAC-06241,PROV-0178,"292,85",Legales,17/12/2025,SKU-5613
FAC-06242,PROV-0372,"5165,66",Legales,11/5/2025,SKU-1583
FAC-06248,PROV-0793,"6002,57",Legales,12/5/2025,SKU-5411
FAC-06259,PROV-0167,"2267,46",Legales,14/3/2025,SKU-9882
FAC-06266,PROV-0893,"7407,9",Legales,22/12/2025,SKU-5735
FAC-06269,PROV-0141,"7021,9",Legales,8/10/2025,SKU-8857
FAC-06272,PROV-0823,"9277,61",Legales,20/12/2025,SKU-9299
FAC-06292,PROV-0971,"4256,81",Legales,24/1/2025,SKU-2410
FAC-06297,PROV-0457,"13134,65",Legales,17/5/2025,SKU-3386
FAC-06307,PROV-0177,"2176,84",Legales,6/7/2025,SKU-3938
FAC-06308,PROV-0061,"8747,43",Legales,27/8/2025,SKU-4846
FAC-06317,PROV-0684,"3053,29",Legales,7/1/2025,SKU-9375
FAC-06320,PROV-0663,"8944,77",Legales,8/5/2025,SKU-7672
FAC-06321,PROV-0113,"7477,93",Legales,7/8/2025,SKU-4916
FAC-06333,PROV-0707,"2597,58",Legales,11/7/2025,SKU-2983
FAC-06335,PROV-0978,"3407,87",Legales,16/11/2025,SKU-4109
FAC-06336,PROV-0276,"5354,1",Legales,18/2/2025,SKU-5145
FAC-06345,PROV-0462,"5854,37",Legales,11/6/2025,SKU-5102
FAC-06348,PROV-0461,"8609,82",Legales,21/2/2025,SKU-4048
FAC-06349,PROV-0083,"8764,54",Legales,16/10/2025,SKU-1575
FAC-06357,PROV-0514,"13807,1",Legales,13/8/2025,SKU-5520
FAC-06365,PROV-0231,"2281,82",Legales,3/9/2025,SKU-3955
FAC-06369,PROV-0202,"5886,76",Legales,15/11/2025,SKU-8103
FAC-06379,PROV-0081,"7684,56",Legales,16/1/2025,SKU-2658
FAC-06388,PROV-0878,"1951,36",Legales,23/2/2025,SKU-3858
FAC-06389,PROV-0189,"14967,53",Legales,18/10/2025,SKU-1365
FAC-06403,PROV-0370,"10141,19",Legales,12/2/2025,SKU-9162
FAC-06405,PROV-0032,"13553,48",Legales,22/3/2025,SKU-6047
FAC-06407,PROV-0648,"6665,21",Legales,31/12/2025,SKU-1885
FAC-06412,PROV-0169,"5530,83",Legales,12/8/2025,SKU-9269
FAC-06413,PROV-0021,"14626,43",Legales,26/12/2025,SKU-1560
FAC-06418,PROV-0473,"3880,11",Legales,2/9/2025,SKU-4855
FAC-06419,PROV-0979,"9965,29",Legales,31/7/2025,SKU-7928
FAC-06423,PROV-0269,"4857,69",Legales,14/10/2025,SKU-7468
FAC-06425,PROV-0316,"10998,43",Legales,1/1/2025,SKU-5694
FAC-06437,PROV-0390,"9872,38",Legales,10/7/2025,SKU-1432
FAC-06445,PROV-0020,"10151,75",Legales,21/8/2025,SKU-6320
FAC-06457,PROV-0548,"6519,5",Legales,17/11/2025,SKU-4118
FAC-06462,PROV-0044,"1705,29",Legales,22/7/2025,SKU-8116
FAC-06463,PROV-0556,"5731,71",Legales,26/10/2025,SKU-8105
FAC-06468,PROV-0223,"6613,72",Legales,21/12/2025,SKU-1950
FAC-06487,PROV-0492,"11713,35",Legales,10/10/2025,SKU-2720
FAC-06500,PROV-0983,"12974,83",Legales,9/12/2025,SKU-8430
FAC-06503,PROV-0332,"11631,19",Legales,19/2/2025,SKU-5296
FAC-06506,PROV-0657,"2913,38",Legales,5/7/2025,SKU-1285
FAC-06518,PROV-0220,"8222,59",Legales,1/1/2025,SKU-5563
FAC-06526,PROV-0655,"2690,79",Legales,25/4/2025,SKU-4696
FAC-06528,PROV-0219,"556,99",Legales,30/8/2025,SKU-8777
FAC-06532,PROV-0461,"8738,44",Legales,30/11/2025,SKU-7175
FAC-06537,PROV-0224,"10276,77",Legales,21/6/2025,SKU-8895
FAC-06543,PROV-0981,"11434,87",Legales,25/2/2025,SKU-3079
FAC-06552,PROV-0051,"2469,84",Legales,30/3/2025,SKU-5479
FAC-06553,PROV-0700,"10320,53",Legales,3/3/2025,SKU-7435
FAC-06564,PROV-0323,"13459,52",Legales,16/6/2025,SKU-4431
FAC-06574,PROV-0047,"7239,45",Legales,14/3/2025,SKU-1207
FAC-06575,PROV-0113,"6629,93",Legales,18/5/2025,SKU-4168
FAC-06578,PROV-0042,"12930,93",Legales,6/10/2025,SKU-9390
FAC-06586,PROV-0565,"11643,15",Legales,15/4/2025,SKU-3646
FAC-06591,PROV-0143,"8461,45",Legales,22/11/2025,SKU-7054
FAC-06594,PROV-0933,"1911,36",Legales,29/10/2025,SKU-8815
FAC-06596,PROV-0864,"4049,61",Legales,23/11/2025,SKU-5977
FAC-06615,PROV-0937,"12699,5",Legales,14/6/2025,SKU-9865
FAC-06621,PROV-0276,"6278,22",Legales,21/3/2025,SKU-8736
FAC-06623,PROV-0347,"11102,38",Legales,1/5/2025,SKU-8581
FAC-06624,PROV-0152,"6117,03",Legales,5/8/2025,SKU-5309
FAC-06630,PROV-0918,"13502,8",Legales,9/6/2025,SKU-2163
FAC-06641,PROV-0518,"2517,43",Legales,12/2/2025,SKU-7009
FAC-06647,PROV-0142,"4149,19",Legales,8/5/2025,SKU-1965
FAC-06648,PROV-0721,"12462,16",Legales,27/2/2025,SKU-5226
FAC-06662,PROV-0922,"14624,3",Legales,31/1/2025,SKU-5930
FAC-06665,PROV-0275,"13118,06",Legales,11/8/2025,SKU-6216
FAC-06669,PROV-0294,"12577,79",Legales,31/8/2025,SKU-7399
FAC-06688,PROV-0079,"7890,26",Legales,14/3/2025,SKU-4948
FAC-06692,PROV-0928,"4769,97",Legales,17/4/2025,SKU-9591
FAC-06706,PROV-0102,"1720,89",Legales,13/3/2025,SKU-7368
FAC-06714,PROV-0227,"13027,85",Legales,9/12/2025,SKU-3001
FAC-06726,PROV-0399,"330,1",Legales,9/9/2025,SKU-9517
FAC-06729,PROV-0491,"10018,51",Legales,15/10/2025,SKU-8543
FAC-06746,PROV-0347,"12314,25",Legales,17/2/2025,SKU-1402
FAC-06753,PROV-0758,"5947,35",Legales,1/12/2025,SKU-7271
FAC-06759,PROV-0622,"4435,23",Legales,25/2/2025,SKU-8246
FAC-06760,PROV-0460,"4675,66",Legales,15/5/2025,SKU-3891
FAC-06766,PROV-0979,"1225,37",Legales,12/9/2025,SKU-1770
FAC-06767,PROV-0836,"5386,8",Legales,2/11/2025,SKU-7066
FAC-06791,PROV-0985,"10232,78",Legales,3/10/2025,SKU-3613
FAC-06802,PROV-0198,"2323,37",Legales,16/7/2025,SKU-1242
FAC-06803,PROV-0918,"4583,11",Legales,31/5/2025,SKU-4860
FAC-06810,PROV-0075,"10705,16",Legales,9/10/2025,SKU-8935
FAC-06812,PROV-0188,"14369,23",Legales,1/8/2025,SKU-9396
FAC-06817,PROV-0759,"5188,87",Legales,26/6/2025,SKU-6612
FAC-06820,PROV-0140,"1149,4",Legales,4/6/2025,SKU-5891
FAC-06823,PROV-0100,"11113,94",Legales,30/11/2025,SKU-6267
FAC-06824,PROV-0475,"3561,36",Legales,20/1/2025,SKU-3793
FAC-06831,PROV-0837,"2671,73",Legales,21/8/2025,SKU-4048
FAC-06835,PROV-0474,"7891,35",Legales,27/12/2025,SKU-4457
FAC-06842,PROV-0649,"8345,88",Legales,9/1/2025,SKU-8134
FAC-06843,PROV-0033,"4007,48",Legales,15/3/2025,SKU-9726
FAC-06850,PROV-0872,"1691,63",Legales,20/8/2025,SKU-6510
FAC-06861,PROV-0204,"14154,69",Legales,9/5/2025,SKU-4477
FAC-06862,PROV-0779,"4303,18",Legales,28/9/2025,SKU-2661
FAC-06870,PROV-0975,"12086,2",Legales,24/10/2025,SKU-2795
FAC-06876,PROV-0845,"13617,09",Legales,7/1/2025,SKU-7927
FAC-06878,PROV-0231,"2176,28",Legales,25/12/2025,SKU-2010
FAC-06885,PROV-0721,"7313,48",Legales,17/11/2025,SKU-1064
FAC-06888,PROV-0096,"2713,82",Legales,23/8/2025,SKU-8538
FAC-06927,PROV-0016,"12716,66",Legales,9/10/2025,SKU-3809
FAC-06934,PROV-0443,"4756,83",Legales,5/12/2025,SKU-4531
FAC-06936,PROV-0998,"563,19",Legales,10/1/2025,SKU-4397
FAC-06941,PROV-0615,"5895,32",Legales,10/3/2025,SKU-7243
FAC-06945,PROV-0099,"3643,55",Legales,29/5/2025,SKU-7661
FAC-06948,PROV-0060,"1447,46",Legales,18/3/2025,SKU-2099
FAC-06955,PROV-0332,"2789,59",Legales,15/8/2025,SKU-9478
FAC-06962,PROV-0954,"8918,85",Legales,15/1/2025,SKU-7887
FAC-06965,PROV-0753,"14612,48",Legales,25/1/2025,SKU-8949
FAC-06970,PROV-0356,"4174,56",Legales,16/11/2025,SKU-3703
FAC-06973,PROV-0975,"13366,71",Legales,14/5/2025,SKU-1439
FAC-06983,PROV-0506,"9076,86",Legales,30/8/2025,SKU-1354
FAC-06985,PROV-0054,"12336,55",Legales,19/7/2025,SKU-3442
FAC-06997,PROV-0155,"5017,07",Legales,25/3/2025,SKU-6539
FAC-07000,PROV-0741,"2671,04",Legales,30/8/2025,SKU-3864
FAC-07001,PROV-0841,"2526,96",Legales,10/7/2025,SKU-5992
FAC-07017,PROV-0600,"2838,15",Legales,16/12/2025,SKU-4503
FAC-07025,PROV-0530,"14958,7",Legales,5/6/2025,SKU-1993
FAC-07027,PROV-0781,"2435,42",Legales,3/6/2025,SKU-7248
FAC-07031,PROV-0065,"3710,12",Legales,25/3/2025,SKU-2620
FAC-07033,PROV-0490,"7644,58",Legales,10/3/2025,SKU-3179
FAC-07042,PROV-0938,"4167,35",Legales,18/9/2025,SKU-3525
FAC-07044,PROV-0933,"14320,16",Legales,26/3/2025,SKU-5805
FAC-07050,PROV-0462,"3375,94",Legales,16/6/2025,SKU-3453
FAC-07051,PROV-0151,"8068,96",Legales,11/10/2025,SKU-8581
FAC-07055,PROV-0580,"7886,72",Legales,9/4/2025,SKU-6699
FAC-07056,PROV-0052,"3417,84",Legales,26/4/2025,SKU-5253
FAC-07060,PROV-0256,"8539,68",Legales,8/6/2025,SKU-4491
FAC-07066,PROV-0328,"12795,05",Legales,12/11/2025,SKU-5104
FAC-07069,PROV-0173,"8026,74",Legales,15/9/2025,SKU-1974
FAC-07070,PROV-0846,"10840,92",Legales,19/3/2025,SKU-8707
FAC-07093,PROV-0132,"12698,71",Legales,18/4/2025,SKU-1811
FAC-07094,PROV-0198,"6187,99",Legales,19/9/2025,SKU-5223
FAC-07096,PROV-0265,"6490,35",Legales,27/10/2025,SKU-2084
FAC-07098,PROV-0930,"9765,02",Legales,3/4/2025,SKU-6370
FAC-07109,PROV-0495,"10161,97",Legales,23/12/2025,SKU-4899
FAC-07116,PROV-0783,"7354,27",Legales,16/11/2025,SKU-8999
FAC-07118,PROV-0516,"865,21",Legales,30/11/2025,SKU-5464
FAC-07127,PROV-0783,"2567,67",Legales,20/8/2025,SKU-8324
FAC-07128,PROV-0446,"13834,66",Legales,15/7/2025,SKU-8075
FAC-07135,PROV-0919,"9114,47",Legales,6/6/2025,SKU-9079
FAC-07139,PROV-0505,"12720,79",Legales,7/4/2025,SKU-5340
FAC-07141,PROV-0025,"14522,16",Legales,30/11/2025,SKU-1888
FAC-07145,PROV-0067,"7953,75",Legales,25/1/2025,SKU-2337
FAC-07149,PROV-0782,"6567,57",Legales,13/3/2025,SKU-8310
FAC-07158,PROV-0752,"8729,57",Legales,26/4/2025,SKU-2195
FAC-07160,PROV-0003,"11817,72",Legales,1/7/2025,SKU-5264
FAC-07166,PROV-0160,"12623,15",Legales,14/12/2025,SKU-7234
FAC-07199,PROV-0997,"10202,62",Legales,21/1/2025,SKU-4024
FAC-07202,PROV-0906,"3661,49",Legales,21/7/2025,SKU-4119
FAC-07204,PROV-0982,"11698,37",Legales,5/8/2025,SKU-2717
FAC-07205,PROV-0647,"14224,47",Legales,12/3/2025,SKU-9416
FAC-07224,PROV-0302,"3420,1",Legales,8/9/2025,SKU-1453
FAC-07232,PROV-0126,"1353,41",Legales,31/10/2025,SKU-6670
FAC-07234,PROV-0192,"12769,72",Legales,5/4/2025,SKU-7592
FAC-07235,PROV-0562,"4444,04",Legales,21/8/2025,SKU-7031
FAC-07238,PROV-0983,"3011,07",Legales,28/10/2025,SKU-8098
FAC-07241,PROV-0139,"14799,4",Legales,20/6/2025,SKU-6979
FAC-07248,PROV-0777,"9490,93",Legales,21/1/2025,SKU-9783
FAC-07256,PROV-0811,"14708,19",Legales,5/2/2025,SKU-8284
FAC-07258,PROV-0279,"11856,98",Legales,7/3/2025,SKU-4129
FAC-07261,PROV-0889,"2816,46",Legales,1/4/2025,SKU-8944
FAC-07274,PROV-0717,"4849,9",Legales,30/12/2025,SKU-5994
FAC-07282,PROV-0002,"9223,7",Legales,16/7/2025,SKU-3802
FAC-07307,PROV-0386,"8954,27",Legales,14/7/2025,SKU-8254
FAC-07321,PROV-0078,"11776,29",Legales,19/11/2025,SKU-8889
FAC-07322,PROV-0771,"3040,66",Legales,8/6/2025,SKU-5797
FAC-07333,PROV-0013,"9563,17",Legales,21/2/2025,SKU-5375
FAC-07334,PROV-0645,"5538,65",Legales,3/11/2025,SKU-5785
FAC-07346,PROV-0283,"14467,42",Legales,6/6/2025,SKU-4820
FAC-07348,PROV-0769,"12389,59",Legales,4/3/2025,SKU-7185
FAC-07350,PROV-0696,"5154,11",Legales,4/2/2025,SKU-5278
FAC-07353,PROV-0770,"7563,46",Legales,26/11/2025,SKU-9715
FAC-07360,PROV-0791,"14353,54",Legales,11/5/2025,SKU-7584
FAC-07362,PROV-0934,"7779,6",Legales,9/4/2025,SKU-7636
FAC-07366,PROV-0040,"12206,53",Legales,11/6/2025,SKU-4107
FAC-07372,PROV-0191,"1688,76",Legales,28/8/2025,SKU-8691
FAC-07374,PROV-0326,"6777,17",Legales,21/11/2025,SKU-5347
FAC-07377,PROV-0043,"3185,84",Legales,28/8/2025,SKU-9427
FAC-07378,PROV-0874,"4471,87",Legales,16/2/2025,SKU-8751
FAC-07395,PROV-0143,"1623,69",Legales,28/2/2025,SKU-7453
FAC-07402,PROV-0545,12710,Legales,10/5/2025,SKU-7713
FAC-07410,PROV-0783,"11373,84",Legales,13/8/2025,SKU-5190
FAC-07414,PROV-0938,"3213,14",Legales,5/2/2025,SKU-3721
FAC-07416,PROV-0473,"7632,85",Legales,16/7/2025,SKU-4062
FAC-07424,PROV-0573,"13469,29",Legales,13/6/2025,SKU-4600
FAC-07428,PROV-0340,"3820,6",Legales,20/2/2025,SKU-8541
FAC-07431,PROV-0867,"803,6",Legales,19/10/2025,SKU-4282
FAC-07436,PROV-0936,"13830,6",Legales,31/5/2025,SKU-9995
FAC-07437,PROV-0766,"9423,35",Legales,2/9/2025,SKU-7179
FAC-07451,PROV-0330,"3276,76",Legales,15/7/2025,SKU-5862
FAC-07456,PROV-0782,"5237,41",Legales,20/4/2025,SKU-8397
FAC-07463,PROV-0292,"11974,32",Legales,5/11/2025,SKU-1621
FAC-07480,PROV-0694,"8869,69",Legales,15/11/2025,SKU-9614
FAC-07484,PROV-0790,"11251,86",Legales,11/7/2025,SKU-3769
FAC-07488,PROV-0472,"5244,87",Legales,5/11/2025,SKU-2250
FAC-07489,PROV-0049,"11961,22",Legales,14/10/2025,SKU-7335
FAC-07490,PROV-0473,"11459,29",Legales,10/4/2025,SKU-8113
FAC-07497,PROV-0824,"9317,95",Legales,16/2/2025,SKU-4137
FAC-07505,PROV-0667,"8331,5",Legales,24/6/2025,SKU-8347
FAC-07524,PROV-0871,"426,59",Legales,19/6/2025,SKU-5580
FAC-07525,PROV-0532,"8757,65",Legales,27/5/2025,SKU-7425
FAC-07535,PROV-0229,"10261,11",Legales,18/9/2025,SKU-9693
FAC-07552,PROV-0799,"11284,32",Legales,22/3/2025,SKU-2607
FAC-07553,PROV-0422,"14688,97",Legales,29/6/2025,SKU-4399
FAC-07555,PROV-0690,"13987,84",Legales,21/7/2025,SKU-7908
FAC-07562,PROV-0514,"9511,85",Legales,8/2/2025,SKU-5040
FAC-07570,PROV-0650,"8014,88",Legales,11/10/2025,SKU-5045
FAC-07588,PROV-0504,"12059,77",Legales,5/5/2025,SKU-6248
FAC-07595,PROV-0948,"2594,57",Legales,22/2/2025,SKU-4102
FAC-07622,PROV-0057,"7327,66",Legales,16/3/2025,SKU-3250
FAC-07624,PROV-0077,"6399,59",Legales,15/10/2025,SKU-6878
FAC-07637,PROV-0187,"1848,95",Legales,7/3/2025,SKU-3553
FAC-07640,PROV-0225,"12137,95",Legales,10/8/2025,SKU-3940
FAC-07651,PROV-0626,"10481,69",Legales,9/12/2025,SKU-3251
FAC-07657,PROV-0233,"12478,16",Legales,24/6/2025,SKU-9508
FAC-07661,PROV-0276,"5672,97",Legales,19/4/2025,SKU-9453
FAC-07662,PROV-0132,"7807,16",Legales,22/7/2025,SKU-4182
FAC-07672,PROV-0648,"7319,12",Legales,28/12/2025,SKU-7595
FAC-07673,PROV-0361,"7056,01",Legales,28/1/2025,SKU-3985
FAC-07685,PROV-0340,"5549,71",Legales,26/12/2025,SKU-9438
FAC-07687,PROV-0428,"13250,64",Legales,3/4/2025,SKU-8163
FAC-07691,PROV-0667,"12788,42",Legales,21/4/2025,SKU-1861
FAC-07699,PROV-0353,"13954,4",Legales,27/4/2025,SKU-5487
FAC-07724,PROV-0855,"12442,48",Legales,22/8/2025,SKU-8247
FAC-07731,PROV-0556,"11317,3",Legales,25/3/2025,SKU-9380
FAC-07734,PROV-0608,"14356,79",Legales,27/12/2025,SKU-4059
FAC-07740,PROV-0271,"13454,38",Legales,6/11/2025,SKU-3418
FAC-07743,PROV-0984,"12221,26",Legales,4/11/2025,SKU-6260
FAC-07762,PROV-0600,"10586,53",Legales,21/5/2025,SKU-8899
FAC-07764,PROV-0235,"9205,78",Legales,20/11/2025,SKU-7634
FAC-07774,PROV-0791,"6234,05",Legales,9/7/2025,SKU-7368
FAC-07777,PROV-0303,"7726,84",Legales,2/10/2025,SKU-3430
FAC-07784,PROV-0282,"293,52",Legales,8/7/2025,SKU-2407
FAC-07785,PROV-0661,"1551,97",Legales,3/9/2025,SKU-2633
FAC-07787,PROV-0066,"4449,92",Legales,4/8/2025,SKU-1059
FAC-07789,PROV-0392,"8070,14",Legales,31/10/2025,SKU-1194
FAC-07798,PROV-0208,"9613,18",Legales,15/7/2025,SKU-1879
FAC-07799,PROV-0808,"5914,21",Legales,15/4/2025,SKU-6914
FAC-07809,PROV-0869,"6880,39",Legales,15/10/2025,SKU-5321
FAC-07811,PROV-0087,"8983,22",Legales,6/10/2025,SKU-6151
FAC-07816,PROV-0834,"4714,95",Legales,26/7/2025,SKU-2859
FAC-07817,PROV-0209,"13568,7",Legales,14/1/2025,SKU-7571
FAC-07823,PROV-0825,"6202,49",Legales,21/12/2025,SKU-3889
FAC-07825,PROV-0107,"9207,57",Legales,27/9/2025,SKU-8282
FAC-07835,PROV-0375,"5201,13",Legales,1/12/2025,SKU-7215
FAC-07839,PROV-0373,"3505,73",Legales,26/9/2025,SKU-8368
FAC-07843,PROV-0660,"307,26",Legales,4/12/2025,SKU-4933
FAC-07844,PROV-0824,"3241,04",Legales,7/9/2025,SKU-6265
FAC-07850,PROV-0092,"13272,27",Legales,7/3/2025,SKU-7087
FAC-07855,PROV-0471,"6637,25",Legales,25/2/2025,SKU-2916
FAC-07857,PROV-0557,"14969,91",Legales,3/2/2025,SKU-7052
FAC-07861,PROV-0231,"12984,94",Legales,7/10/2025,SKU-4503
FAC-07870,PROV-0259,"2369,04",Legales,7/10/2025,SKU-1815
FAC-07877,PROV-0324,"3632,44",Legales,6/11/2025,SKU-7101
FAC-07893,PROV-0283,"10417,62",Legales,22/6/2025,SKU-1014
FAC-07895,PROV-0001,"7985,5",Legales,24/6/2025,SKU-5797
FAC-07900,PROV-0890,"2753,51",Legales,2/5/2025,SKU-8780
FAC-07902,PROV-0411,"484,48",Legales,23/6/2025,SKU-2925
FAC-07909,PROV-0131,"4054,41",Legales,7/7/2025,SKU-7488
FAC-07914,PROV-0439,"6059,42",Legales,24/3/2025,SKU-1412
FAC-07921,PROV-0348,"2285,83",Legales,1/8/2025,SKU-7759
FAC-07923,PROV-0657,"5756,17",Legales,27/8/2025,SKU-9429
FAC-07936,PROV-0330,"5126,8",Legales,14/8/2025,SKU-7652
FAC-07944,PROV-0053,"11737,69",Legales,14/6/2025,SKU-6600
FAC-07956,PROV-0214,"340,59",Legales,24/5/2025,SKU-3698
FAC-07957,PROV-0093,"3632,78",Legales,8/2/2025,SKU-4829
FAC-07963,PROV-0969,"12357,9",Legales,8/8/2025,SKU-7704
FAC-07964,PROV-0217,"12519,78",Legales,28/2/2025,SKU-1574
FAC-07970,PROV-0907,"5818,37",Legales,7/7/2025,SKU-1763
FAC-07971,PROV-0300,"3967,6",Legales,19/1/2025,SKU-7511
FAC-07974,PROV-0883,"9058,21",Legales,5/6/2025,SKU-6814
FAC-07980,PROV-0616,"5678,85",Legales,18/11/2025,SKU-6388
FAC-07984,PROV-0126,"633,56",Legales,20/9/2025,SKU-4585
FAC-07985,PROV-0442,"4672,07",Legales,28/10/2025,SKU-2535
FAC-07988,PROV-0915,"3237,31",Legales,8/5/2025,SKU-7977
FAC-07992,PROV-0241,"1086,94",Legales,18/3/2025,SKU-5856
FAC-07998,PROV-0006,"5953,69",Legales,19/10/2025,SKU-5283
FAC-08016,PROV-0951,"967,77",Legales,11/10/2025,SKU-5487
FAC-08022,PROV-0057,"10347,22",Legales,16/3/2025,SKU-9736
FAC-08031,PROV-0762,"2225,12",Legales,11/3/2025,SKU-5975
FAC-08033,PROV-0714,"4075,54",Legales,9/7/2025,SKU-7443
FAC-08034,PROV-0860,"3615,28",Legales,2/12/2025,SKU-8473
FAC-08040,PROV-0244,"10479,36",Legales,12/7/2025,SKU-6254
FAC-08043,PROV-0958,"12730,07",Legales,22/11/2025,SKU-8567
FAC-08051,PROV-0090,"8418,65",Legales,25/3/2025,SKU-2589
FAC-08056,PROV-0553,"6025,62",Legales,15/5/2025,SKU-9406
FAC-08064,PROV-0081,"6096,23",Legales,10/6/2025,SKU-3041
FAC-08069,PROV-0137,"13254,38",Legales,22/5/2025,SKU-1796
FAC-08075,PROV-0825,"926,73",Legales,4/11/2025,SKU-3780
FAC-08084,PROV-0556,"4202,37",Legales,11/12/2025,SKU-3045
FAC-08086,PROV-0612,"734,16",Legales,16/6/2025,SKU-6696
FAC-08092,PROV-0580,"12667,24",Legales,10/9/2025,SKU-5327
FAC-08093,PROV-0373,"3898,24",Legales,18/5/2025,SKU-8466
FAC-08096,PROV-0511,"12204,62",Legales,9/11/2025,SKU-9136
FAC-08107,PROV-0050,"7685,77",Legales,24/2/2025,SKU-5439
FAC-08114,PROV-0375,"5695,43",Legales,30/5/2025,SKU-7186
FAC-08125,PROV-0617,"6433,07",Legales,19/8/2025,SKU-7750
FAC-08130,PROV-0059,"8038,16",Legales,22/2/2025,SKU-3183
FAC-08140,PROV-0055,"11741,35",Legales,23/1/2025,SKU-9579
FAC-08148,PROV-0880,"12643,96",Legales,26/7/2025,SKU-3557
FAC-08149,PROV-0606,"5648,12",Legales,18/5/2025,SKU-6521
FAC-08151,PROV-0743,"1841,47",Legales,9/3/2025,SKU-2339
FAC-08153,PROV-0243,"6280,58",Legales,24/2/2025,SKU-1986
FAC-08154,PROV-0496,"2922,64",Legales,27/5/2025,SKU-2885
FAC-08166,PROV-0904,"8994,24",Legales,4/11/2025,SKU-2553
FAC-08168,PROV-0991,"2051,3",Legales,26/9/2025,SKU-3141
FAC-08170,PROV-0591,"13770,06",Legales,20/7/2025,SKU-8443
FAC-08172,PROV-0989,"2822,25",Legales,2/6/2025,SKU-1186
FAC-08178,PROV-0599,"466,65",Legales,7/10/2025,SKU-9097
FAC-08179,PROV-0068,"13281,19",Legales,23/11/2025,SKU-7159
FAC-08181,PROV-0789,"1554,59",Legales,1/7/2025,SKU-9408
FAC-08184,PROV-0419,"5731,34",Legales,27/6/2025,SKU-8107
FAC-08185,PROV-0482,"12360,45",Legales,25/12/2025,SKU-7066
FAC-08189,PROV-0521,"9282,76",Legales,18/5/2025,SKU-3024
FAC-08192,PROV-0500,"8265,3",Legales,11/10/2025,SKU-6670
FAC-08198,PROV-0388,"6883,73",Legales,12/8/2025,SKU-9578
FAC-08199,PROV-0514,"14555,42",Legales,3/6/2025,SKU-9923
FAC-08203,PROV-0675,"14928,63",Legales,31/1/2025,SKU-4599
FAC-08210,PROV-0146,"2535,74",Legales,2/9/2025,SKU-4733
FAC-08216,PROV-0076,"11591,28",Legales,23/1/2025,SKU-4948
FAC-08218,PROV-0321,"3209,8",Legales,18/1/2025,SKU-9515
FAC-08220,PROV-0701,"7397,09",Legales,25/5/2025,SKU-9913
FAC-08223,PROV-0363,"14103,14",Legales,25/3/2025,SKU-2235
FAC-08224,PROV-0435,"11869,52",Legales,19/6/2025,SKU-6988
FAC-08240,PROV-0235,"12842,77",Legales,7/11/2025,SKU-1384
FAC-08241,PROV-0561,"12858,19",Legales,23/6/2025,SKU-8702
FAC-08242,PROV-0271,"4299,37",Legales,24/10/2025,SKU-2844
FAC-08252,PROV-0231,"13388,61",Legales,22/2/2025,SKU-2157
FAC-08258,PROV-0793,"8200,23",Legales,31/12/2025,SKU-3865
FAC-08273,PROV-0111,"14174,32",Legales,19/1/2025,SKU-5219
FAC-08279,PROV-0255,"9173,54",Legales,3/5/2025,SKU-7692
FAC-08283,PROV-0808,"3401,58",Legales,15/9/2025,SKU-5170
FAC-08287,PROV-0180,"1654,48",Legales,2/2/2025,SKU-8239
FAC-08304,PROV-0766,"7553,15",Legales,23/9/2025,SKU-3904
FAC-08306,PROV-0927,"12074,95",Legales,11/9/2025,SKU-6600
FAC-08307,PROV-0941,"2309,81",Legales,18/3/2025,SKU-4422
FAC-08316,PROV-0993,"13079,2",Legales,16/6/2025,SKU-3272
FAC-08317,PROV-0620,"5074,99",Legales,8/11/2025,SKU-3374
FAC-08319,PROV-0633,"6496,57",Legales,19/6/2025,SKU-4148
FAC-08322,PROV-0670,"3250,52",Legales,26/4/2025,SKU-3194
FAC-08327,PROV-0614,"2271,44",Legales,28/9/2025,SKU-8339
FAC-08365,PROV-0592,"3477,75",Legales,5/12/2025,SKU-5832
FAC-08368,PROV-0954,"12122,92",Legales,29/10/2025,SKU-6363
FAC-08373,PROV-0985,"9763,14",Legales,17/3/2025,SKU-8736
FAC-08381,PROV-0013,"3726,3",Legales,7/7/2025,SKU-2035
FAC-08391,PROV-0163,"2243,39",Legales,10/10/2025,SKU-6105
FAC-08396,PROV-0097,"10819,31",Legales,10/9/2025,SKU-7033
FAC-08399,PROV-0444,"6483,11",Legales,20/6/2025,SKU-6169
FAC-08404,PROV-0615,"8154,73",Legales,20/6/2025,SKU-5078
FAC-08406,PROV-0427,"6216,82",Legales,3/1/2025,SKU-6316
FAC-08409,PROV-0272,"8410,17",Legales,17/9/2025,SKU-7575
FAC-08418,PROV-0282,"12084,32",Legales,23/10/2025,SKU-1577
FAC-08422,PROV-0866,"11328,32",Legales,4/10/2025,SKU-2660
FAC-08430,PROV-0721,"14348,51",Legales,29/7/2025,SKU-1391
FAC-08436,PROV-0111,"9478,67",Legales,27/6/2025,SKU-1024
FAC-08438,PROV-0495,"14403,33",Legales,2/12/2025,SKU-4210
FAC-08440,PROV-0768,"7073,53",Legales,21/4/2025,SKU-4621
FAC-08451,PROV-0532,"4715,22",Legales,30/8/2025,SKU-3302
FAC-08473,PROV-0773,"3392,92",Legales,13/7/2025,SKU-5027
FAC-08474,PROV-0243,"2356,29",Legales,1/4/2025,SKU-1113
FAC-08481,PROV-0060,"7268,68",Legales,29/6/2025,SKU-3336
FAC-08487,PROV-0003,"7803,75",Legales,11/1/2025,SKU-6102
FAC-08490,PROV-0408,"8887,64",Legales,15/5/2025,SKU-9926
FAC-08495,PROV-0401,"4737,11",Legales,4/8/2025,SKU-4158
FAC-08503,PROV-0699,"12340,39",Legales,1/2/2025,SKU-9348
FAC-08512,PROV-0398,"14097,19",Legales,14/1/2025,SKU-1511
FAC-08514,PROV-0163,"14561,28",Legales,23/8/2025,SKU-7760
FAC-08523,PROV-0932,"2090,38",Legales,23/10/2025,SKU-1757
FAC-08530,PROV-0207,"10253,51",Legales,2/4/2025,SKU-9000
FAC-08545,PROV-0837,"6841,71",Legales,29/8/2025,SKU-2496
FAC-08547,PROV-0166,"2997,63",Legales,5/10/2025,SKU-3821
FAC-08548,PROV-0307,"11457,48",Legales,10/11/2025,SKU-5863
FAC-08568,PROV-0585,"7042,5",Legales,3/8/2025,SKU-9037
FAC-08575,PROV-0700,"855,08",Legales,9/9/2025,SKU-4105
FAC-08577,PROV-0013,"12362,81",Legales,13/10/2025,SKU-7496
FAC-08584,PROV-0590,"8120,64",Legales,19/12/2025,SKU-1048
FAC-08585,PROV-0182,"13187,53",Legales,21/8/2025,SKU-2338
FAC-08590,PROV-0209,"1563,2",Legales,27/12/2025,SKU-8802
FAC-08591,PROV-0893,"11183,15",Legales,26/2/2025,SKU-9196
FAC-08592,PROV-0731,"348,19",Legales,10/11/2025,SKU-9812
FAC-08593,PROV-0029,"1574,47",Legales,18/10/2025,SKU-1064
FAC-08594,PROV-0203,"5172,71",Legales,24/6/2025,SKU-2756
FAC-08599,PROV-0703,"7933,89",Legales,29/6/2025,SKU-8771
FAC-08607,PROV-0143,"6266,98",Legales,19/12/2025,SKU-3046
FAC-08617,PROV-0068,"8313,91",Legales,30/5/2025,SKU-6658
FAC-08627,PROV-0143,"1495,29",Legales,21/8/2025,SKU-6834
FAC-08628,PROV-0177,"11327,59",Legales,12/5/2025,SKU-4682
FAC-08635,PROV-0795,"9567,98",Legales,22/12/2025,SKU-9404
FAC-08636,PROV-0532,"4240,24",Legales,11/3/2025,SKU-4576
FAC-08640,PROV-0702,"8098,9",Legales,15/7/2025,SKU-1864
FAC-08645,PROV-0398,"2760,73",Legales,10/4/2025,SKU-3463
FAC-08652,PROV-0306,"13719,3",Legales,28/6/2025,SKU-4506
FAC-08657,PROV-0296,"481,51",Legales,20/2/2025,SKU-5107
FAC-08658,PROV-0402,"14055,58",Legales,5/3/2025,SKU-5352
FAC-08671,PROV-0405,"6258,46",Legales,12/11/2025,SKU-1653
FAC-08682,PROV-0119,"6142,9",Legales,23/1/2025,SKU-7894
FAC-08684,PROV-0635,"12386,93",Legales,1/1/2025,SKU-4524
FAC-08691,PROV-0662,"6456,54",Legales,9/8/2025,SKU-5823
FAC-08711,PROV-0028,"2367,76",Legales,10/2/2025,SKU-1464
FAC-08713,PROV-0969,"4137,98",Legales,2/5/2025,SKU-8893
FAC-08716,PROV-0703,"7260,45",Legales,14/2/2025,SKU-3009
FAC-08722,PROV-0268,"10236,14",Legales,2/10/2025,SKU-2416
FAC-08724,PROV-0453,"7912,39",Legales,31/5/2025,SKU-6790
FAC-08739,PROV-0260,"5275,95",Legales,10/7/2025,SKU-1711
FAC-08749,PROV-0393,"7183,56",Legales,11/12/2025,SKU-2597
FAC-08752,PROV-0352,"240,73",Legales,13/5/2025,SKU-3607
FAC-08753,PROV-0198,"11806,19",Legales,17/6/2025,SKU-7790
FAC-08757,PROV-0143,"11677,32",Legales,6/11/2025,SKU-2365
FAC-08765,PROV-0485,"11040,47",Legales,8/7/2025,SKU-3796
FAC-08767,PROV-0799,"12521,7",Legales,31/3/2025,SKU-4158
FAC-08774,PROV-0349,"4775,21",Legales,19/2/2025,SKU-9682
FAC-08776,PROV-0875,"12204,03",Legales,18/12/2025,SKU-6091
FAC-08782,PROV-0288,"12695,47",Legales,26/6/2025,SKU-4200
FAC-08793,PROV-0330,"8087,56",Legales,26/2/2025,SKU-4291
FAC-08799,PROV-0720,"9939,21",Legales,14/9/2025,SKU-1463
FAC-08806,PROV-0239,"1857,48",Legales,19/3/2025,SKU-3704
FAC-08811,PROV-0965,"8490,87",Legales,18/2/2025,SKU-6704
FAC-08821,PROV-0028,"9520,63",Legales,28/8/2025,SKU-1609
FAC-08830,PROV-0912,"9085,53",Legales,23/9/2025,SKU-3521
FAC-08841,PROV-0215,"832,4",Legales,22/8/2025,SKU-5865
FAC-08842,PROV-0808,"1662,59",Legales,7/6/2025,SKU-9926
FAC-08863,PROV-0754,"7805,99",Legales,11/5/2025,SKU-4437
FAC-08867,PROV-0715,"9352,04",Legales,2/6/2025,SKU-1880
FAC-08878,PROV-0296,"1505,95",Legales,25/1/2025,SKU-8893
FAC-08883,PROV-0133,"4323,47",Legales,12/3/2025,SKU-6063
FAC-08886,PROV-0491,"14466,91",Legales,14/3/2025,SKU-5186
FAC-08888,PROV-0005,"1010,28",Legales,25/4/2025,SKU-7927
FAC-08890,PROV-0739,"3370,4",Legales,14/4/2025,SKU-6314
FAC-08891,PROV-0878,"12830,14",Legales,6/4/2025,SKU-4128
FAC-08917,PROV-0526,"11827,72",Legales,13/9/2025,SKU-7263
FAC-08921,PROV-0961,"6777,09",Legales,20/3/2025,SKU-6237
FAC-08926,PROV-0078,"12630,04",Legales,20/12/2025,SKU-2619
FAC-08927,PROV-0481,"10706,04",Legales,29/1/2025,SKU-2462
FAC-08938,PROV-0493,"12300,75",Legales,14/5/2025,SKU-3174
FAC-08942,PROV-0053,"2460,13",Legales,25/6/2025,SKU-1756
FAC-08943,PROV-0823,"6833,97",Legales,3/4/2025,SKU-6825
FAC-08948,PROV-0570,"6191,4",Legales,12/12/2025,SKU-4862
FAC-08954,PROV-0094,"6600,37",Legales,6/7/2025,SKU-7636
FAC-08962,PROV-0228,"7981,79",Legales,7/2/2025,SKU-3133
FAC-08965,PROV-0669,"6743,13",Legales,9/8/2025,SKU-8440
FAC-08969,PROV-0709,"13778,79",Legales,13/4/2025,SKU-9632
FAC-08973,PROV-0530,"9686,64",Legales,16/2/2025,SKU-7804
FAC-08979,PROV-0651,"10367,04",Legales,17/3/2025,SKU-3170
FAC-08981,PROV-0314,"9738,94",Legales,10/7/2025,SKU-5290
FAC-08988,PROV-0593,"1757,87",Legales,2/10/2025,SKU-3625
FAC-09004,PROV-0787,"6832,48",Legales,17/9/2025,SKU-9959
FAC-09023,PROV-0664,"10591,24",Legales,16/4/2025,SKU-8506
FAC-09025,PROV-0104,"2996,1",Legales,31/5/2025,SKU-6806
FAC-09032,PROV-0748,"5823,19",Legales,4/9/2025,SKU-5896
FAC-09034,PROV-0826,"12000,44",Legales,23/3/2025,SKU-5865
FAC-09039,PROV-0619,"3263,19",Legales,22/10/2025,SKU-7040
FAC-09046,PROV-0722,"12959,58",Legales,22/11/2025,SKU-5907
FAC-09062,PROV-0976,"12916,3",Legales,29/10/2025,SKU-9696
FAC-09071,PROV-0988,"3928,01",Legales,15/3/2025,SKU-2875
FAC-09075,PROV-0120,"4661,96",Legales,18/5/2025,SKU-6562
FAC-09079,PROV-0985,"13023,55",Legales,27/4/2025,SKU-9570
FAC-09093,PROV-0018,"7221,81",Legales,12/4/2025,SKU-5581
FAC-09100,PROV-0748,"5869,17",Legales,19/5/2025,SKU-7428
FAC-09102,PROV-0531,"12532,17",Legales,26/4/2025,SKU-3109
FAC-09105,PROV-0613,"1151,64",Legales,23/5/2025,SKU-6651
FAC-09108,PROV-0902,"1396,29",Legales,24/12/2025,SKU-2865
FAC-09112,PROV-0021,"11182,11",Legales,28/4/2025,SKU-4731
FAC-09118,PROV-0750,"6870,6",Legales,11/9/2025,SKU-5622
FAC-09133,PROV-0305,"11887,98",Legales,24/8/2025,SKU-6394
FAC-09139,PROV-0107,"9922,37",Legales,25/3/2025,SKU-4984
FAC-09148,PROV-0691,"14485,05",Legales,18/8/2025,SKU-5127
FAC-09155,PROV-0445,"9041,58",Legales,23/3/2025,SKU-8098
FAC-09165,PROV-0560,"2278,03",Legales,9/6/2025,SKU-4000
FAC-09170,PROV-0740,"12408,34",Legales,1/8/2025,SKU-5873
FAC-09174,PROV-0393,"8821,06",Legales,27/1/2025,SKU-3699
FAC-09191,PROV-0023,"4368,27",Legales,25/9/2025,SKU-1240
FAC-09196,PROV-0236,"390,22",Legales,23/11/2025,SKU-3825
FAC-09197,PROV-0647,"4507,78",Legales,5/9/2025,SKU-5682
FAC-09201,PROV-0418,"14263,96",Legales,4/9/2025,SKU-2801
FAC-09214,PROV-0994,"7733,17",Legales,15/7/2025,SKU-4629
FAC-09215,PROV-0877,"11862,85",Legales,11/12/2025,SKU-3020
FAC-09225,PROV-0363,"3112,98",Legales,11/2/2025,SKU-6495
FAC-09227,PROV-0637,"4096,05",Legales,21/10/2025,SKU-9969
FAC-09233,PROV-0707,"9362,53",Legales,22/5/2025,SKU-7928
FAC-09243,PROV-0938,"412,93",Legales,22/8/2025,SKU-4603
FAC-09247,PROV-0965,"9560,08",Legales,2/10/2025,SKU-3400
FAC-09258,PROV-0131,"14576,67",Legales,2/4/2025,SKU-7851
FAC-09259,PROV-0452,"13375,95",Legales,11/10/2025,SKU-3114
FAC-09269,PROV-0915,"1374,03",Legales,19/12/2025,SKU-4881
FAC-09277,PROV-0801,"2535,15",Legales,15/1/2025,SKU-4075
FAC-09279,PROV-0714,"14041,46",Legales,25/1/2025,SKU-2247
FAC-09286,PROV-0946,"10740,78",Legales,8/7/2025,SKU-2028
FAC-09291,PROV-0245,"5787,41",Legales,2/6/2025,SKU-5846
FAC-09294,PROV-0271,"5184,24",Legales,29/7/2025,SKU-3755
FAC-09295,PROV-0292,"1642,11",Legales,26/7/2025,SKU-8784
FAC-09297,PROV-0246,"6302,76",Legales,28/12/2025,SKU-9912
FAC-09304,PROV-0812,"8171,69",Legales,14/5/2025,SKU-3025
FAC-09307,PROV-0920,"14925,81",Legales,26/1/2025,SKU-7418
FAC-09325,PROV-0161,"12684,95",Legales,23/1/2025,SKU-8582
FAC-09330,PROV-0594,"10911,37",Legales,9/9/2025,SKU-2294
FAC-09335,PROV-0048,"8378,23",Legales,14/4/2025,SKU-5014
FAC-09340,PROV-0947,"1645,2",Legales,23/1/2025,SKU-7869
FAC-09341,PROV-0931,"13111,54",Legales,9/3/2025,SKU-3407
FAC-09343,PROV-0250,"11350,94",Legales,24/5/2025,SKU-4353
FAC-09344,PROV-0822,"501,51",Legales,16/6/2025,SKU-8641
FAC-09359,PROV-0778,"6695,74",Legales,10/9/2025,SKU-3819
FAC-09361,PROV-0361,"10943,38",Legales,23/5/2025,SKU-6962
FAC-09367,PROV-0824,"261,6",Legales,27/12/2025,SKU-7070
FAC-09370,PROV-0206,"6839,79",Legales,14/12/2025,SKU-5431
FAC-09379,PROV-0937,"4709,68",Legales,1/7/2025,SKU-8846
FAC-09389,PROV-0998,"3375,08",Legales,15/9/2025,SKU-8736
FAC-09391,PROV-0494,"10850,82",Legales,6/7/2025,SKU-7460
FAC-09393,PROV-0773,"13718,07",Legales,9/8/2025,SKU-9718
FAC-09398,PROV-0824,"7196,09",Legales,12/6/2025,SKU-5287
FAC-09418,PROV-0417,"3553,69",Legales,9/6/2025,SKU-1458
FAC-09423,PROV-0385,"1968,75",Legales,6/12/2025,SKU-6530
FAC-09433,PROV-0189,"12600,28",Legales,10/6/2025,SKU-9696
FAC-09434,PROV-0869,"4317,59",Legales,27/2/2025,SKU-7568
FAC-09435,PROV-0831,"970,89",Legales,17/5/2025,SKU-3730
FAC-09436,PROV-0298,"2085,27",Legales,14/7/2025,SKU-2387
FAC-09441,PROV-0227,"894,49",Legales,13/2/2025,SKU-1035
FAC-09444,PROV-0683,"9280,48",Legales,14/1/2025,SKU-6909
FAC-09454,PROV-0967,"14749,21",Legales,3/1/2025,SKU-7724
FAC-09465,PROV-0199,"2986,51",Legales,22/3/2025,SKU-4600
FAC-09466,PROV-0288,"308,92",Legales,25/8/2025,SKU-9761
FAC-09467,PROV-0302,"4841,81",Legales,14/8/2025,SKU-2580
FAC-09468,PROV-0126,"5149,71",Legales,30/11/2025,SKU-8104
FAC-09473,PROV-0636,"482,03",Legales,18/3/2025,SKU-1260
FAC-09475,PROV-0919,"14238,29",Legales,2/7/2025,SKU-1735
FAC-09480,PROV-0123,"1977,19",Legales,29/1/2025,SKU-8700
FAC-09487,PROV-0061,"11687,69",Legales,24/6/2025,SKU-3985
FAC-09491,PROV-0773,"7667,31",Legales,15/11/2025,SKU-6979
FAC-09498,PROV-0985,"11027,42",Legales,25/4/2025,SKU-8811
FAC-09520,PROV-0843,"11784,3",Legales,11/3/2025,SKU-8569
FAC-09525,PROV-0136,"12648,28",Legales,25/12/2025,SKU-6125
FAC-09532,PROV-0914,"1607,75",Legales,26/12/2025,SKU-1927
FAC-09539,PROV-0563,"260,16",Legales,3/1/2025,SKU-2696
FAC-09547,PROV-0914,"6106,63",Legales,6/3/2025,SKU-9470
FAC-09558,PROV-0774,"8380,94",Legales,5/11/2025,SKU-2444
FAC-09559,PROV-0899,"11204,04",Legales,1/6/2025,SKU-5586
FAC-09562,PROV-0879,"10586,8",Legales,30/7/2025,SKU-3389
FAC-09566,PROV-0251,"6109,81",Legales,8/10/2025,SKU-2945
FAC-09567,PROV-0178,"10469,6",Legales,5/5/2025,SKU-3606
FAC-09571,PROV-0680,"7327,04",Legales,26/11/2025,SKU-7042
FAC-09574,PROV-0281,"3775,15",Legales,13/5/2025,SKU-8029
FAC-09577,PROV-0219,"11385,97",Legales,23/1/2025,SKU-1662
FAC-09581,PROV-0998,"4191,7",Legales,23/10/2025,SKU-1936
FAC-09589,PROV-0365,"1919,47",Legales,5/11/2025,SKU-3970
FAC-09593,PROV-0423,"12659,08",Legales,31/10/2025,SKU-5613
FAC-09596,PROV-0612,"4793,74",Legales,22/12/2025,SKU-3859
FAC-09597,PROV-0866,"13467,47",Legales,8/1/2025,SKU-2836
FAC-09610,PROV-0492,"7433,44",Legales,4/1/2025,SKU-7845
FAC-09611,PROV-0119,"8571,45",Legales,2/10/2025,SKU-6848
FAC-09617,PROV-0841,"2907,2",Legales,16/11/2025,SKU-9508
FAC-09632,PROV-0598,"8316,53",Legales,24/7/2025,SKU-8380
FAC-09637,PROV-0582,"8800,03",Legales,29/7/2025,SKU-6532
FAC-09640,PROV-0609,"6746,63",Legales,26/9/2025,SKU-9938
FAC-09641,PROV-0276,"12861,18",Legales,13/8/2025,SKU-3400
FAC-09647,PROV-0874,"4242,02",Legales,9/11/2025,SKU-7215
FAC-09654,PROV-0245,"8100,8",Legales,17/5/2025,SKU-6718
FAC-09661,PROV-0150,"11891,28",Legales,9/2/2025,SKU-2217
FAC-09666,PROV-0122,"10375,74",Legales,7/8/2025,SKU-9048
FAC-09667,PROV-0519,"7044,83",Legales,27/8/2025,SKU-4500
FAC-09679,PROV-0826,"11477,03",Legales,31/7/2025,SKU-2691
FAC-09687,PROV-0140,"5534,59",Legales,20/12/2025,SKU-1851
FAC-09690,PROV-0646,"11666,16",Legales,30/5/2025,SKU-3483
FAC-09704,PROV-0374,"12596,69",Legales,9/7/2025,SKU-1566
FAC-09714,PROV-0722,"11157,85",Legales,10/1/2025,SKU-5155
FAC-09715,PROV-0143,"7845,7",Legales,18/10/2025,SKU-7621
FAC-09721,PROV-0399,"1354,98",Legales,26/12/2025,SKU-8424
FAC-09722,PROV-0469,"10751,29",Legales,9/4/2025,SKU-1872
FAC-09730,PROV-0001,"1684,78",Legales,31/12/2025,SKU-4761
FAC-09740,PROV-0446,"281,34",Legales,22/2/2025,SKU-4154
FAC-09743,PROV-0026,"5838,03",Legales,26/10/2025,SKU-6456
FAC-09753,PROV-0189,"14940,9",Legales,4/5/2025,SKU-5311
FAC-09754,PROV-0608,"11550,51",Legales,23/9/2025,SKU-7317
FAC-09757,PROV-0647,"11588,78",Legales,28/7/2025,SKU-6188
FAC-09762,PROV-0553,"1516,17",Legales,19/7/2025,SKU-7745
FAC-09765,PROV-0387,"9324,06",Legales,20/8/2025,SKU-4861
FAC-09773,PROV-0230,"7652,16",Legales,28/6/2025,SKU-3070
FAC-09816,PROV-0161,"9550,45",Legales,28/2/2025,SKU-2175
FAC-09817,PROV-0725,"7533,89",Legales,1/8/2025,SKU-9667
FAC-09821,PROV-0513,"9206,03",Legales,24/3/2025,SKU-2620
FAC-09830,PROV-0875,"4543,29",Legales,30/3/2025,SKU-1220
FAC-09831,PROV-0064,"10523,29",Legales,26/5/2025,SKU-8510
FAC-09851,PROV-0412,"3257,96",Legales,6/11/2025,SKU-8208
FAC-09857,PROV-0395,"13411,17",Legales,26/10/2025,SKU-3473
FAC-09862,PROV-0660,"13911,43",Legales,18/5/2025,SKU-7759
FAC-09866,PROV-0453,"931,64",Legales,28/2/2025,SKU-9991
FAC-09867,PROV-0066,"7646,8",Legales,24/3/2025,SKU-9234
FAC-09873,PROV-0203,"584,64",Legales,9/9/2025,SKU-2191
FAC-09876,PROV-0669,"13635,77",Legales,11/9/2025,SKU-1471
FAC-09877,PROV-0301,"13629,89",Legales,28/11/2025,SKU-7467
FAC-09885,PROV-0374,"6216,78",Legales,12/6/2025,SKU-4685
FAC-09905,PROV-0868,"9693,4",Legales,9/3/2025,SKU-2697
FAC-09914,PROV-0772,"5927,31",Legales,11/9/2025,SKU-3081
FAC-09925,PROV-0422,"5219,19",Legales,17/6/2025,SKU-1716
FAC-09930,PROV-0210,"8058,29",Legales,28/7/2025,SKU-3930
FAC-09940,PROV-0626,"6062,01",Legales,21/11/2025,SKU-1709
FAC-09945,PROV-0708,"7532,41",Legales,28/2/2025,SKU-7008
FAC-09946,PROV-0434,"11759,11",Legales,6/4/2025,SKU-8088
FAC-09957,PROV-0112,"11527,44",Legales,26/4/2025,SKU-3136
FAC-09958,PROV-0838,"3519,27",Legales,15/6/2025,SKU-4566
FAC-09962,PROV-0912,"12249,02",Legales,12/6/2025,SKU-8070
FAC-09963,PROV-0643,"1842,78",Legales,2/4/2025,SKU-8917
FAC-09979,PROV-0255,"10235,11",Legales,7/10/2025,SKU-1075
FAC-09982,PROV-0079,"2680,02",Legales,6/11/2025,SKU-8394
FAC-09983,PROV-0583,"11267,43",Legales,14/7/2025,SKU-4215
FAC-09985,PROV-0723,"5356,94",Legales,1/7/2025,SKU-3614
FAC-09987,PROV-0319,"14232,02",Legales,16/9/2025,SKU-7958
FAC-09999,PROV-0278,"11917,94",Legales,6/7/2025,SKU-2386
FAC-00008,PROV-0868,"1213,57",Marketing,31/8/2025,SKU-2070
FAC-00013,PROV-0800,"14767,56",Marketing,23/7/2025,SKU-3371
FAC-00018,PROV-0800,"10242,8",Marketing,25/6/2025,SKU-3929
FAC-00027,PROV-0800,"13752,09",Marketing,12/7/2025,SKU-8042
FAC-00041,PROV-0800,"3033,88",Marketing,1/2/2025,SKU-2261
FAC-00043,PROV-0800,"2379,97",Marketing,10/8/2025,SKU-4908
FAC-00064,PROV-0800,"6623,61",Marketing,26/9/2025,SKU-1387
FAC-00065,PROV-0800,"11519,96",Marketing,3/6/2025,SKU-7787
FAC-00070,PROV-0800,"11418,94",Marketing,8/5/2025,SKU-3423
FAC-00074,PROV-0800,"3349,53",Marketing,23/3/2025,SKU-5167
FAC-00078,PROV-0800,"11734,92",Marketing,23/7/2025,SKU-5865
FAC-00083,PROV-0800,"1590,44",Marketing,16/11/2025,SKU-4382
FAC-00087,PROV-0800,"2619,98",Marketing,28/6/2025,SKU-9920
FAC-00090,PROV-0800,"4910,36",Marketing,5/6/2025,SKU-2574
FAC-00092,PROV-0800,"13550,65",Marketing,26/10/2025,SKU-1465
FAC-00096,PROV-0800,"1813,53",Marketing,15/7/2025,SKU-6579
FAC-00097,PROV-0800,"9586,55",Marketing,4/5/2025,SKU-4993
FAC-00098,PROV-0618,"8078,12",Marketing,29/1/2025,SKU-5490
FAC-00099,PROV-0672,"10264,17",Marketing,11/5/2025,SKU-8677
FAC-00106,PROV-0852,"4351,41",Marketing,8/10/2025,SKU-9478
FAC-00117,PROV-0530,"2288,14",Marketing,5/10/2025,SKU-8483
FAC-00124,PROV-0990,"5505,3",Marketing,9/2/2025,SKU-2472
FAC-00126,PROV-0567,"11460,25",Marketing,21/6/2025,SKU-1810
FAC-00134,PROV-0690,"9158,33",Marketing,30/3/2025,SKU-7749
FAC-00141,PROV-0038,"10523,64",Marketing,20/5/2025,SKU-9070
FAC-00143,PROV-0057,"2472,58",Marketing,1/10/2025,SKU-2925
FAC-00150,PROV-0448,"5882,73",Marketing,25/8/2025,SKU-8242
FAC-00159,PROV-0405,"3705,4",Marketing,28/2/2025,SKU-9777
FAC-00161,PROV-0710,"12874,24",Marketing,21/6/2025,SKU-1310
FAC-00166,PROV-0716,"6598,5",Marketing,17/1/2025,SKU-8868
FAC-00168,PROV-0936,"11813,16",Marketing,18/7/2025,SKU-6133
FAC-00181,PROV-0176,"797,43",Marketing,23/11/2025,SKU-7569
FAC-00182,PROV-0037,"7910,99",Marketing,15/7/2025,SKU-6545
FAC-00188,PROV-0465,"3426,59",Marketing,30/6/2025,SKU-8466
FAC-00189,PROV-0793,"2117,66",Marketing,1/11/2025,SKU-7351
FAC-00192,PROV-0188,"14546,71",Marketing,11/9/2025,SKU-4429
FAC-00193,PROV-0632,"3291,94",Marketing,5/5/2025,SKU-1708
FAC-00194,PROV-0259,"2345,46",Marketing,26/2/2025,SKU-6884
FAC-00198,PROV-0554,"10879,04",Marketing,14/1/2025,SKU-3769
FAC-00203,PROV-0748,"11766,45",Marketing,8/5/2025,SKU-8465
FAC-00206,PROV-0538,"13837,25",Marketing,9/1/2025,SKU-7015
FAC-00220,PROV-0378,"11580,31",Marketing,22/9/2025,SKU-4720
FAC-00239,PROV-0096,"6160,54",Marketing,16/12/2025,SKU-2002
FAC-00244,PROV-0508,"10339,64",Marketing,16/2/2025,SKU-4736
FAC-00245,PROV-0088,"4786,06",Marketing,14/10/2025,SKU-7939
FAC-00247,PROV-0836,"4892,84",Marketing,8/3/2025,SKU-9917
FAC-00248,PROV-0042,"13816,47",Marketing,8/8/2025,SKU-1758
FAC-00250,PROV-0428,"11408,86",Marketing,29/7/2025,SKU-5503
FAC-00253,PROV-0144,"13290,25",Marketing,13/1/2025,SKU-9517
FAC-00259,PROV-0004,"11238,27",Marketing,22/3/2025,SKU-5759
FAC-00278,PROV-0554,"13916,65",Marketing,16/3/2025,SKU-9816
FAC-00281,PROV-0543,"12865,63",Marketing,2/6/2025,SKU-2566
FAC-00287,PROV-0160,"2266,43",Marketing,24/6/2025,SKU-3147
FAC-00290,PROV-0487,"2876,11",Marketing,25/5/2025,SKU-8853
FAC-00294,PROV-0098,"12563,25",Marketing,12/10/2025,SKU-5528
FAC-00295,PROV-0097,"11525,26",Marketing,5/3/2025,SKU-6650
FAC-00306,PROV-0766,"9690,69",Marketing,15/4/2025,SKU-9631
FAC-00319,PROV-0774,"9614,2",Marketing,8/12/2025,SKU-7519
FAC-00321,PROV-0828,"6831,13",Marketing,8/5/2025,SKU-3479
FAC-00333,PROV-0708,"4414,33",Marketing,19/2/2025,SKU-3217
FAC-00346,PROV-0767,"5693,13",Marketing,17/4/2025,SKU-9502
FAC-00360,PROV-0708,"5612,9",Marketing,10/5/2025,SKU-1425
FAC-00364,PROV-0322,"1932,95",Marketing,25/10/2025,SKU-9041
FAC-00370,PROV-0465,"4283,34",Marketing,20/10/2025,SKU-3537
FAC-00377,PROV-0207,"13868,4",Marketing,22/12/2025,SKU-4680
FAC-00378,PROV-0410,"404,79",Marketing,22/11/2025,SKU-8035
FAC-00389,PROV-0553,"4103,86",Marketing,22/4/2025,SKU-2855
FAC-00394,PROV-0511,"1176,86",Marketing,5/6/2025,SKU-7647
FAC-00403,PROV-0889,"5985,91",Marketing,25/11/2025,SKU-4951
FAC-00406,PROV-0286,"14959,28",Marketing,21/12/2025,SKU-2969
FAC-00410,PROV-0577,"9253,65",Marketing,28/11/2025,SKU-3991
FAC-00417,PROV-0800,"5241,47",Marketing,22/4/2025,SKU-7395
FAC-00421,PROV-0800,"6561,27",Marketing,28/6/2025,SKU-5539
FAC-00422,PROV-0800,"13586,55",Marketing,3/6/2025,SKU-8464
FAC-00429,PROV-0800,"9473,84",Marketing,23/3/2025,SKU-8726
FAC-00434,PROV-0800,"2101,99",Marketing,22/8/2025,SKU-7576
FAC-00435,PROV-0800,"5036,88",Marketing,19/4/2025,SKU-8149
FAC-00436,PROV-0800,"12885,99",Marketing,28/6/2025,SKU-3695
FAC-00439,PROV-0800,"7295,7",Marketing,6/8/2025,SKU-1875
FAC-00443,PROV-0800,"3272,41",Marketing,19/11/2025,SKU-9051
FAC-00449,PROV-0229,"10943,26",Marketing,9/12/2025,SKU-5945
FAC-00459,PROV-0320,"11103,36",Marketing,3/6/2025,SKU-1190
FAC-00466,PROV-0616,"8039,7",Marketing,7/12/2025,SKU-7001
FAC-00475,PROV-0187,"3283,58",Marketing,31/5/2025,SKU-3656
FAC-00489,PROV-0916,"14707,72",Marketing,18/10/2025,SKU-3588
FAC-00498,PROV-0223,"2730,7",Marketing,9/11/2025,SKU-1296
FAC-00511,PROV-0560,"2255,48",Marketing,13/7/2025,SKU-1234
FAC-00529,PROV-0430,"11246,85",Marketing,24/10/2025,SKU-7802
FAC-00534,PROV-0644,"10998,64",Marketing,26/11/2025,SKU-2369
FAC-00539,PROV-0301,"3291,46",Marketing,21/4/2025,SKU-5708
FAC-00541,PROV-0966,"13938,05",Marketing,10/11/2025,SKU-6741
FAC-00544,PROV-0193,"14165,53",Marketing,24/10/2025,SKU-1320
FAC-00547,PROV-0018,"11496,61",Marketing,24/1/2025,SKU-6275
FAC-00554,PROV-0965,"4148,54",Marketing,2/2/2025,SKU-6404
FAC-00556,PROV-0195,"11583,58",Marketing,4/8/2025,SKU-6042
FAC-00566,PROV-0915,"2627,95",Marketing,22/11/2025,SKU-2619
FAC-00568,PROV-0898,"1612,51",Marketing,25/10/2025,SKU-3324
FAC-00580,PROV-0139,"8509,23",Marketing,2/3/2025,SKU-5860
FAC-00585,PROV-0904,"9381,5",Marketing,21/9/2025,SKU-5904
FAC-00591,PROV-0378,"12799,19",Marketing,14/3/2025,SKU-7882
FAC-00593,PROV-0519,"489,28",Marketing,25/1/2025,SKU-2590
FAC-00595,PROV-0730,"12342,51",Marketing,22/9/2025,SKU-5678
FAC-00602,PROV-0074,"13614,17",Marketing,22/1/2025,SKU-8197
FAC-00609,PROV-0033,"317,97",Marketing,20/4/2025,SKU-2316
FAC-00610,PROV-0852,"8658,62",Marketing,16/2/2025,SKU-7621
FAC-00612,PROV-0604,"4725,69",Marketing,26/10/2025,SKU-2444
FAC-00614,PROV-0006,"1593,45",Marketing,7/5/2025,SKU-2990
FAC-00624,PROV-0513,"4732,95",Marketing,18/1/2025,SKU-3119
FAC-00625,PROV-0761,"8141,21",Marketing,5/5/2025,SKU-6204
FAC-00633,PROV-0439,"10396,73",Marketing,20/10/2025,SKU-3240
FAC-00644,PROV-0958,"13263,03",Marketing,29/12/2025,SKU-5710
FAC-00650,PROV-0105,"1302,5",Marketing,31/7/2025,SKU-2472
FAC-00652,PROV-0174,"13261,43",Marketing,15/8/2025,SKU-6383
FAC-00659,PROV-0477,"9669,76",Marketing,17/6/2025,SKU-7008
FAC-00665,PROV-0649,"1256,36",Marketing,23/7/2025,SKU-8426
FAC-00669,PROV-0314,"4067,33",Marketing,6/5/2025,SKU-4520
FAC-00670,PROV-0763,"7841,09",Marketing,30/10/2025,SKU-1638
FAC-00671,PROV-0334,"8713,44",Marketing,3/4/2025,SKU-5095
FAC-00672,PROV-0709,"9644,67",Marketing,30/5/2025,SKU-6175
FAC-00674,PROV-0198,"1862,96",Marketing,19/2/2025,SKU-3332
FAC-00688,PROV-0933,"8269,92",Marketing,12/1/2025,SKU-3514
FAC-00694,PROV-0226,"12792,28",Marketing,20/1/2025,SKU-3962
FAC-00711,PROV-0007,"4049,58",Marketing,14/7/2025,SKU-9197
FAC-00725,PROV-0525,"4300,6",Marketing,19/2/2025,SKU-2001
FAC-00736,PROV-0416,"5513,39",Marketing,13/8/2025,SKU-5552
FAC-00741,PROV-0199,"4158,57",Marketing,9/10/2025,SKU-4442
FAC-00744,PROV-0057,"4967,25",Marketing,27/4/2025,SKU-2425
FAC-00751,PROV-0826,"1370,78",Marketing,27/2/2025,SKU-1993
FAC-00752,PROV-0286,"4123,59",Marketing,3/11/2025,SKU-6982
FAC-00761,PROV-0050,"10408,64",Marketing,23/5/2025,SKU-1722
FAC-00769,PROV-0802,"2723,95",Marketing,27/12/2025,SKU-2209
FAC-00777,PROV-0596,"7711,35",Marketing,15/6/2025,SKU-7775
FAC-00781,PROV-0277,"10898,09",Marketing,3/11/2025,SKU-3785
FAC-00783,PROV-0562,"1621,99",Marketing,15/11/2025,SKU-3971
FAC-00805,PROV-0788,"3639,63",Marketing,1/9/2025,SKU-7299
FAC-00819,PROV-0925,"6449,37",Marketing,27/12/2025,SKU-3266
FAC-00827,PROV-0577,"11601,95",Marketing,30/4/2025,SKU-9282
FAC-00828,PROV-0945,"6726,33",Marketing,28/11/2025,SKU-1439
FAC-00839,PROV-0764,"3842,78",Marketing,26/1/2025,SKU-1343
FAC-00841,PROV-0552,"14237,78",Marketing,5/3/2025,SKU-7553
FAC-00843,PROV-0231,"546,67",Marketing,26/10/2025,SKU-7462
FAC-00847,PROV-0616,"2215,39",Marketing,19/6/2025,SKU-4206
FAC-00848,PROV-0627,"12276,7",Marketing,5/6/2025,SKU-1445
FAC-00849,PROV-0540,"14616,23",Marketing,23/3/2025,SKU-3547
FAC-00851,PROV-0108,"14304,73",Marketing,22/8/2025,SKU-1242
FAC-00857,PROV-0780,"4725,65",Marketing,16/2/2025,SKU-6932
FAC-00861,PROV-0934,"6845,59",Marketing,6/3/2025,SKU-1561
FAC-00864,PROV-0684,"5766,98",Marketing,25/6/2025,SKU-7818
FAC-00868,PROV-0373,"4815,05",Marketing,9/11/2025,SKU-8844
FAC-00869,PROV-0275,"3020,01",Marketing,9/3/2025,SKU-2313
FAC-00870,PROV-0665,"8736,58",Marketing,12/8/2025,SKU-2290
FAC-00878,PROV-0546,"8701,29",Marketing,12/9/2025,SKU-4295
FAC-00882,PROV-0006,"1417,93",Marketing,1/1/2025,SKU-9689
FAC-00893,PROV-0184,"9192,35",Marketing,29/7/2025,SKU-6969
FAC-00898,PROV-0861,"7200,52",Marketing,20/3/2025,SKU-5687
FAC-00900,PROV-0821,"14242,54",Marketing,15/4/2025,SKU-7492
FAC-00901,PROV-0619,"1996,73",Marketing,30/11/2025,SKU-5715
FAC-00906,PROV-0749,"13826,02",Marketing,2/1/2025,SKU-3390
FAC-00913,PROV-0286,"8726,05",Marketing,13/9/2025,SKU-7731
FAC-00919,PROV-0272,"9526,99",Marketing,24/4/2025,SKU-2091
FAC-00929,PROV-0446,"14830,78",Marketing,28/5/2025,SKU-5497
FAC-00930,PROV-0427,"8707,46",Marketing,17/8/2025,SKU-2105
FAC-00931,PROV-0847,"1485,76",Marketing,22/4/2025,SKU-5572
FAC-00943,PROV-0879,"4362,37",Marketing,17/5/2025,SKU-2189
FAC-00950,PROV-0233,"1597,9",Marketing,1/7/2025,SKU-7333
FAC-00958,PROV-0724,"2841,33",Marketing,23/10/2025,SKU-3898
FAC-00961,PROV-0181,"10235,37",Marketing,1/5/2025,SKU-3001
FAC-00967,PROV-0038,"4785,92",Marketing,13/11/2025,SKU-5695
FAC-00978,PROV-0147,"8747,5",Marketing,22/11/2025,SKU-7283
FAC-00980,PROV-0788,"1564,88",Marketing,21/8/2025,SKU-5028
FAC-00985,PROV-0267,"13290,04",Marketing,18/4/2025,SKU-4829
FAC-00987,PROV-0508,"14999,05",Marketing,18/3/2025,SKU-9987
FAC-00988,PROV-0024,"10133,09",Marketing,15/5/2025,SKU-3358
FAC-00993,PROV-0373,"5456,33",Marketing,6/6/2025,SKU-3920
FAC-00999,PROV-0223,"1798,37",Marketing,17/4/2025,SKU-5518
FAC-01002,PROV-0434,"13736,8",Marketing,18/5/2025,SKU-9479
FAC-01003,PROV-0779,"7069,56",Marketing,16/11/2025,SKU-3653
FAC-01016,PROV-0020,"9696,78",Marketing,16/5/2025,SKU-2706
FAC-01017,PROV-0727,"6492,9",Marketing,4/5/2025,SKU-8895
FAC-01022,PROV-0242,"7215,62",Marketing,22/12/2025,SKU-4617
FAC-01029,PROV-0860,"12842,35",Marketing,20/12/2025,SKU-2140
FAC-01036,PROV-0301,"5524,44",Marketing,13/2/2025,SKU-1201
FAC-01038,PROV-0050,"8359,73",Marketing,1/7/2025,SKU-2925
FAC-01039,PROV-0993,"9404,75",Marketing,31/10/2025,SKU-2655
FAC-01040,PROV-0800,"7942,6",Marketing,14/12/2025,SKU-8066
FAC-01041,PROV-0650,"13292,38",Marketing,18/12/2025,SKU-9406
FAC-01051,PROV-0445,"3663,09",Marketing,28/1/2025,SKU-7570
FAC-01075,PROV-0818,"1928,39",Marketing,4/11/2025,SKU-3221
FAC-01081,PROV-0730,"13738,82",Marketing,27/4/2025,SKU-2121
FAC-01089,PROV-0381,"5897,76",Marketing,27/7/2025,SKU-6963
FAC-01095,PROV-0621,"11871,09",Marketing,10/10/2025,SKU-2597
FAC-01117,PROV-0724,"6424,68",Marketing,25/2/2025,SKU-1166
FAC-01118,PROV-0436,"10992,92",Marketing,1/4/2025,SKU-1107
FAC-01119,PROV-0179,"7605,13",Marketing,20/3/2025,SKU-9616
FAC-01123,PROV-0915,"8788,39",Marketing,2/10/2025,SKU-6936
FAC-01127,PROV-0016,"9798,8",Marketing,5/5/2025,SKU-7929
FAC-01152,PROV-0661,"11266,31",Marketing,14/5/2025,SKU-1095
FAC-01153,PROV-0450,"2969,19",Marketing,19/1/2025,SKU-7507
FAC-01155,PROV-0116,"13485,49",Marketing,26/4/2025,SKU-9841
FAC-01157,PROV-0977,"8975,5",Marketing,15/12/2025,SKU-4225
FAC-01159,PROV-0578,"14186,2",Marketing,18/9/2025,SKU-5339
FAC-01164,PROV-0615,"4413,55",Marketing,14/3/2025,SKU-6163
FAC-01166,PROV-0209,"3451,07",Marketing,21/12/2025,SKU-8279
FAC-01168,PROV-0934,"6636,56",Marketing,24/6/2025,SKU-6582
FAC-01169,PROV-0481,"2346,32",Marketing,14/8/2025,SKU-7725
FAC-01177,PROV-0939,"2693,23",Marketing,22/10/2025,SKU-8608
FAC-01186,PROV-0330,"11506,43",Marketing,3/11/2025,SKU-4772
FAC-01192,PROV-0053,"14696,76",Marketing,11/1/2025,SKU-3551
FAC-01212,PROV-0971,"10630,91",Marketing,4/2/2025,SKU-4398
FAC-01217,PROV-0736,"14127,22",Marketing,15/12/2025,SKU-6698
FAC-01226,PROV-0228,"11130,97",Marketing,24/2/2025,SKU-7004
FAC-01229,PROV-0974,"9329,97",Marketing,25/8/2025,SKU-5623
FAC-01237,PROV-0899,"1141,71",Marketing,16/11/2025,SKU-8435
FAC-01238,PROV-0568,"688,68",Marketing,14/8/2025,SKU-3795
FAC-01251,PROV-0230,"10296,26",Marketing,2/8/2025,SKU-1681
FAC-01263,PROV-0788,"14486,94",Marketing,17/5/2025,SKU-5664
FAC-01273,PROV-0304,"9085,89",Marketing,3/12/2025,SKU-1982
FAC-01274,PROV-0744,"14522,77",Marketing,4/7/2025,SKU-1326
FAC-01278,PROV-0376,"4157,8",Marketing,19/11/2025,SKU-4099
FAC-01289,PROV-0581,"8618,51",Marketing,27/5/2025,SKU-4925
FAC-01291,PROV-0541,"14701,88",Marketing,31/10/2025,SKU-8685
FAC-01303,PROV-0329,"12668,41",Marketing,10/6/2025,SKU-8963
FAC-01307,PROV-0196,"3562,26",Marketing,24/7/2025,SKU-4050
FAC-01311,PROV-0660,"12574,46",Marketing,30/7/2025,SKU-9706
FAC-01313,PROV-0409,"10771,26",Marketing,10/3/2025,SKU-7694
FAC-01322,PROV-0593,"4872,81",Marketing,27/9/2025,SKU-3495
FAC-01323,PROV-0605,"13842,04",Marketing,12/2/2025,SKU-3927
FAC-01325,PROV-1000,"13111,14",Marketing,20/10/2025,SKU-6531
FAC-01330,PROV-0074,"13591,1",Marketing,14/3/2025,SKU-6126
FAC-01331,PROV-0013,"3396,38",Marketing,5/4/2025,SKU-3247
FAC-01334,PROV-0802,"3253,31",Marketing,7/3/2025,SKU-8792
FAC-01346,PROV-0870,"4024,29",Marketing,17/6/2025,SKU-2181
FAC-01363,PROV-0979,"8680,41",Marketing,7/3/2025,SKU-1348
FAC-01365,PROV-0066,"4909,96",Marketing,1/9/2025,SKU-5092
FAC-01386,PROV-0860,"10418,21",Marketing,25/8/2025,SKU-9354
FAC-01387,PROV-0657,"13319,07",Marketing,2/5/2025,SKU-3743
FAC-01389,PROV-0621,"7556,05",Marketing,30/10/2025,SKU-2527
FAC-01396,PROV-0859,"8000,56",Marketing,29/3/2025,SKU-7806
FAC-01399,PROV-0650,"14943,88",Marketing,18/12/2025,SKU-6076
FAC-01415,PROV-0817,"2389,28",Marketing,11/3/2025,SKU-6335
FAC-01418,PROV-0645,"7479,85",Marketing,5/5/2025,SKU-6368
FAC-01424,PROV-0779,"7032,73",Marketing,18/5/2025,SKU-7998
FAC-01434,PROV-0565,"9157,8",Marketing,11/6/2025,SKU-1774
FAC-01437,PROV-0914,"6935,87",Marketing,10/8/2025,SKU-6304
FAC-01444,PROV-0147,"6833,17",Marketing,18/1/2025,SKU-7566
FAC-01452,PROV-0877,"6226,65",Marketing,18/11/2025,SKU-9559
FAC-01454,PROV-0869,"9917,02",Marketing,30/12/2025,SKU-2023
FAC-01457,PROV-0459,"10195,72",Marketing,21/12/2025,SKU-8133
FAC-01458,PROV-0669,"1385,7",Marketing,25/9/2025,SKU-6605
FAC-01467,PROV-0473,"12072,75",Marketing,9/11/2025,SKU-3148
FAC-01473,PROV-0586,"1035,71",Marketing,11/11/2025,SKU-4077
FAC-01476,PROV-0678,"9278,53",Marketing,19/6/2025,SKU-2844
FAC-01478,PROV-0951,"12195,7",Marketing,9/7/2025,SKU-5381
FAC-01479,PROV-0477,"4491,63",Marketing,9/8/2025,SKU-2512
FAC-01482,PROV-0039,"5792,5",Marketing,1/6/2025,SKU-3329
FAC-01483,PROV-0747,"13532,17",Marketing,11/1/2025,SKU-8209
FAC-01484,PROV-0432,"869,45",Marketing,31/1/2025,SKU-7797
FAC-01506,PROV-0226,"10221,46",Marketing,26/5/2025,SKU-2279
FAC-01519,PROV-0669,"12876,46",Marketing,28/11/2025,SKU-9247
FAC-01520,PROV-0276,"7713,41",Marketing,14/5/2025,SKU-6368
FAC-01537,PROV-0535,"11056,44",Marketing,9/10/2025,SKU-1584
FAC-01546,PROV-0169,"1594,24",Marketing,13/12/2025,SKU-6302
FAC-01552,PROV-0205,"9688,89",Marketing,7/2/2025,SKU-4610
FAC-01556,PROV-0681,"12697,77",Marketing,5/6/2025,SKU-8943
FAC-01557,PROV-0965,"6984,19",Marketing,17/11/2025,SKU-5166
FAC-01564,PROV-0099,"14898,19",Marketing,10/8/2025,SKU-6247
FAC-01565,PROV-0069,"13559,3",Marketing,9/9/2025,SKU-7579
FAC-01568,PROV-0200,"697,84",Marketing,1/1/2025,SKU-6382
FAC-01573,PROV-0201,"9984,89",Marketing,18/6/2025,SKU-4905
FAC-01579,PROV-0254,"5670,55",Marketing,18/2/2025,SKU-2884
FAC-01583,PROV-0568,"4524,03",Marketing,11/8/2025,SKU-3086
FAC-01588,PROV-0697,"1418,86",Marketing,28/3/2025,SKU-5490
FAC-01593,PROV-0678,"1269,42",Marketing,26/8/2025,SKU-3687
FAC-01606,PROV-0327,"1189,33",Marketing,18/12/2025,SKU-3300
FAC-01607,PROV-0990,"1255,01",Marketing,18/9/2025,SKU-5001
FAC-01617,PROV-0669,"14152,7",Marketing,4/6/2025,SKU-7815
FAC-01619,PROV-0336,"5139,16",Marketing,24/8/2025,SKU-5873
FAC-01641,PROV-0293,"2219,43",Marketing,3/9/2025,SKU-2224
FAC-01644,PROV-0550,"7213,67",Marketing,28/9/2025,SKU-2109
FAC-01648,PROV-0346,"14765,99",Marketing,21/11/2025,SKU-9073
FAC-01649,PROV-0136,"12380,99",Marketing,28/6/2025,SKU-8314
FAC-01654,PROV-0384,"11632,91",Marketing,25/5/2025,SKU-2894
FAC-01658,PROV-0891,"5261,83",Marketing,28/10/2025,SKU-7901
FAC-01662,PROV-0536,"14674,59",Marketing,12/1/2025,SKU-6547
FAC-01673,PROV-0779,"14121,03",Marketing,21/6/2025,SKU-1756
FAC-01677,PROV-0057,"2544,96",Marketing,6/3/2025,SKU-5152
FAC-01678,PROV-0954,"3858,62",Marketing,1/1/2025,SKU-1245
FAC-01686,PROV-0951,"14731,89",Marketing,27/8/2025,SKU-1377
FAC-01693,PROV-0775,"6751,06",Marketing,30/4/2025,SKU-1152
FAC-01696,PROV-0353,"6801,4",Marketing,28/6/2025,SKU-2359
FAC-01701,PROV-0492,"912,46",Marketing,13/9/2025,SKU-1390
FAC-01704,PROV-0087,"1488,55",Marketing,22/2/2025,SKU-9391
FAC-01708,PROV-0110,"14734,9",Marketing,2/9/2025,SKU-4370
FAC-01714,PROV-0939,"1266,36",Marketing,29/3/2025,SKU-2953
FAC-01715,PROV-0025,"9480,13",Marketing,11/1/2025,SKU-6366
FAC-01721,PROV-0049,"8385,29",Marketing,28/9/2025,SKU-5029
FAC-01724,PROV-0686,"9793,74",Marketing,14/1/2025,SKU-6331
FAC-01735,PROV-0100,"2512,73",Marketing,18/2/2025,SKU-8213
FAC-01740,PROV-0664,"315,37",Marketing,25/2/2025,SKU-1738
FAC-01745,PROV-0301,"6034,42",Marketing,13/10/2025,SKU-7148
FAC-01749,PROV-0313,"8002,55",Marketing,23/8/2025,SKU-8595
FAC-01755,PROV-0742,"10328,53",Marketing,11/7/2025,SKU-9883
FAC-01762,PROV-0117,"12874,65",Marketing,25/9/2025,SKU-6969
FAC-01763,PROV-0529,"1941,91",Marketing,15/12/2025,SKU-3376
FAC-01770,PROV-0583,"3477,57",Marketing,10/6/2025,SKU-9728
FAC-01774,PROV-0456,"2818,63",Marketing,13/8/2025,SKU-3820
FAC-01777,PROV-0920,"12459,5",Marketing,2/3/2025,SKU-4304
FAC-01780,PROV-0137,"14187,5",Marketing,4/4/2025,SKU-8020
FAC-01784,PROV-0526,"3355,85",Marketing,16/8/2025,SKU-7606
FAC-01789,PROV-0872,"10204,27",Marketing,1/3/2025,SKU-8092
FAC-01792,PROV-0863,"11285,96",Marketing,14/8/2025,SKU-2958
FAC-01796,PROV-0913,"3472,43",Marketing,18/8/2025,SKU-9177
FAC-01802,PROV-0103,"1993,85",Marketing,14/10/2025,SKU-2101
FAC-01803,PROV-0487,"13431,13",Marketing,17/5/2025,SKU-5887
FAC-01805,PROV-0300,"2703,31",Marketing,30/3/2025,SKU-7127
FAC-01807,PROV-0717,"2767,39",Marketing,28/10/2025,SKU-8300
FAC-01808,PROV-0495,8709,Marketing,17/6/2025,SKU-4475
FAC-01813,PROV-0424,"11918,9",Marketing,13/3/2025,SKU-2116
FAC-01828,PROV-0355,"10988,84",Marketing,19/4/2025,SKU-3472
FAC-01829,PROV-0908,"13216,34",Marketing,18/6/2025,SKU-8633
FAC-01832,PROV-0623,"6633,11",Marketing,21/1/2025,SKU-3867
FAC-01840,PROV-0461,"12476,67",Marketing,24/7/2025,SKU-3464
FAC-01841,PROV-0120,"14540,49",Marketing,25/2/2025,SKU-6181
FAC-01853,PROV-0047,"11372,84",Marketing,10/2/2025,SKU-3890
FAC-01857,PROV-0146,"9578,23",Marketing,21/12/2025,SKU-3378
FAC-01859,PROV-0617,"2208,11",Marketing,20/5/2025,SKU-7634
FAC-01862,PROV-0163,"6209,68",Marketing,21/5/2025,SKU-9857
FAC-01864,PROV-0346,"7020,74",Marketing,8/11/2025,SKU-3994
FAC-01865,PROV-0002,"7915,04",Marketing,14/7/2025,SKU-3678
FAC-01867,PROV-0854,"1586,73",Marketing,8/12/2025,SKU-3175
FAC-01873,PROV-0354,"5845,83",Marketing,27/4/2025,SKU-6394
FAC-01874,PROV-0327,"6014,57",Marketing,20/5/2025,SKU-6965
FAC-01875,PROV-0412,"11594,14",Marketing,29/4/2025,SKU-3100
FAC-01877,PROV-0078,"10392,72",Marketing,12/9/2025,SKU-4799
FAC-01885,PROV-0804,"8991,36",Marketing,6/9/2025,SKU-2208
FAC-01890,PROV-0799,"2206,52",Marketing,21/11/2025,SKU-4773
FAC-01891,PROV-0489,"13182,8",Marketing,3/2/2025,SKU-4231
FAC-01892,PROV-0840,"14497,44",Marketing,23/9/2025,SKU-5003
FAC-01895,PROV-0868,"1625,12",Marketing,21/1/2025,SKU-8462
FAC-01907,PROV-0742,"11340,91",Marketing,12/7/2025,SKU-6403
FAC-01911,PROV-0725,"10212,33",Marketing,25/10/2025,SKU-2622
FAC-01916,PROV-0994,"1959,05",Marketing,18/10/2025,SKU-8588
FAC-01919,PROV-0947,"3630,06",Marketing,22/1/2025,SKU-8491
FAC-01921,PROV-0327,"12379,25",Marketing,16/4/2025,SKU-7219
FAC-01943,PROV-0091,"6575,75",Marketing,22/8/2025,SKU-8015
FAC-01947,PROV-0362,"5585,57",Marketing,15/4/2025,SKU-1585
FAC-01949,PROV-0385,"9290,35",Marketing,27/4/2025,SKU-1080
FAC-01952,PROV-0890,"13346,33",Marketing,1/6/2025,SKU-3610
FAC-01954,PROV-0973,"3598,58",Marketing,30/5/2025,SKU-9041
FAC-01958,PROV-0306,"11906,4",Marketing,29/4/2025,SKU-1307
FAC-01963,PROV-0088,"1198,58",Marketing,21/12/2025,SKU-5063
FAC-01981,PROV-0115,"4615,28",Marketing,8/11/2025,SKU-1251
FAC-01996,PROV-0629,"3500,9",Marketing,27/6/2025,SKU-2697
FAC-02007,PROV-0763,"4383,07",Marketing,24/2/2025,SKU-5018
FAC-02015,PROV-0060,"14424,55",Marketing,29/8/2025,SKU-9178
FAC-02016,PROV-0674,"7797,37",Marketing,14/4/2025,SKU-7392
FAC-02018,PROV-0785,"8933,96",Marketing,15/4/2025,SKU-1485
FAC-02024,PROV-0138,"5011,07",Marketing,10/8/2025,SKU-2526
FAC-02031,PROV-0490,"2575,3",Marketing,23/1/2025,SKU-6120
FAC-02032,PROV-0992,"10876,32",Marketing,19/1/2025,SKU-1767
FAC-02042,PROV-0105,"5937,75",Marketing,9/7/2025,SKU-7311
FAC-02049,PROV-0609,"6634,26",Marketing,29/4/2025,SKU-4443
FAC-02053,PROV-0109,"10298,11",Marketing,21/12/2025,SKU-2806
FAC-02058,PROV-0363,"2554,58",Marketing,19/7/2025,SKU-6197
FAC-02083,PROV-0717,"12824,23",Marketing,27/4/2025,SKU-4829
FAC-02094,PROV-0765,"10362,98",Marketing,20/8/2025,SKU-2430
FAC-02113,PROV-0350,"13925,18",Marketing,8/7/2025,SKU-1884
FAC-02115,PROV-0658,"3456,75",Marketing,13/5/2025,SKU-9421
FAC-02116,PROV-0397,"14687,26",Marketing,11/2/2025,SKU-4171
FAC-02122,PROV-0083,"1551,43",Marketing,1/9/2025,SKU-8148
FAC-02136,PROV-0411,"11609,63",Marketing,19/7/2025,SKU-2117
FAC-02137,PROV-0148,"11542,88",Marketing,27/4/2025,SKU-6685
FAC-02147,PROV-0249,"9513,56",Marketing,14/10/2025,SKU-8123
FAC-02148,PROV-0152,"6303,45",Marketing,8/3/2025,SKU-7575
FAC-02150,PROV-0430,"7035,22",Marketing,13/8/2025,SKU-6660
FAC-02151,PROV-0262,"8659,14",Marketing,24/7/2025,SKU-3573
FAC-02155,PROV-0262,"10172,2",Marketing,13/10/2025,SKU-5432
FAC-02157,PROV-0249,"12422,28",Marketing,2/5/2025,SKU-8399
FAC-02167,PROV-0107,"9239,8",Marketing,19/12/2025,SKU-9411
FAC-02170,PROV-0762,"13284,21",Marketing,29/7/2025,SKU-4000
FAC-02176,PROV-0462,"5382,77",Marketing,17/12/2025,SKU-5936
FAC-02183,PROV-0787,"2328,19",Marketing,1/11/2025,SKU-2467
FAC-02189,PROV-0224,"2610,42",Marketing,23/9/2025,SKU-2271
FAC-02190,PROV-0956,"4260,68",Marketing,3/11/2025,SKU-2612
FAC-02198,PROV-0909,"8166,98",Marketing,21/7/2025,SKU-5037
FAC-02217,PROV-0673,"4187,92",Marketing,12/3/2025,SKU-8871
FAC-02218,PROV-0620,"8137,35",Marketing,17/1/2025,SKU-9292
FAC-02219,PROV-0875,"9236,02",Marketing,11/9/2025,SKU-7070
FAC-02224,PROV-0700,"14926,05",Marketing,22/3/2025,SKU-6805
FAC-02238,PROV-0743,"12386,95",Marketing,11/9/2025,SKU-7998
FAC-02247,PROV-0312,"1655,18",Marketing,13/6/2025,SKU-8211
FAC-02251,PROV-0110,"8300,8",Marketing,9/1/2025,SKU-1518
FAC-02252,PROV-0355,"1490,51",Marketing,7/8/2025,SKU-3930
FAC-02257,PROV-0605,"8241,8",Marketing,19/7/2025,SKU-9850
FAC-02261,PROV-0391,"956,87",Marketing,3/5/2025,SKU-8391
FAC-02265,PROV-0365,"10127,9",Marketing,8/8/2025,SKU-1563
FAC-02270,PROV-0011,"5118,94",Marketing,27/4/2025,SKU-6359
FAC-02282,PROV-0219,"2071,76",Marketing,13/1/2025,SKU-1536
FAC-02291,PROV-0873,"9260,53",Marketing,22/4/2025,SKU-6673
FAC-02308,PROV-0130,"14166,92",Marketing,5/12/2025,SKU-2756
FAC-02319,PROV-0806,"7535,43",Marketing,7/12/2025,SKU-6511
FAC-02320,PROV-0845,"11831,24",Marketing,17/3/2025,SKU-1405
FAC-02322,PROV-0840,"13536,82",Marketing,12/12/2025,SKU-1482
FAC-02330,PROV-0218,"293,58",Marketing,31/8/2025,SKU-4692
FAC-02334,PROV-0814,"6358,05",Marketing,23/9/2025,SKU-5981
FAC-02336,PROV-0767,"5935,34",Marketing,7/7/2025,SKU-7001
FAC-02354,PROV-0423,"11136,63",Marketing,17/5/2025,SKU-8754
FAC-02358,PROV-0248,"4943,77",Marketing,12/9/2025,SKU-3282
FAC-02367,PROV-0167,"7030,15",Marketing,27/3/2025,SKU-1555
FAC-02372,PROV-0899,"5242,26",Marketing,2/4/2025,SKU-8889
FAC-02381,PROV-0248,"1623,42",Marketing,12/9/2025,SKU-4868
FAC-02383,PROV-0938,"4626,31",Marketing,23/7/2025,SKU-6314
FAC-02387,PROV-0118,"13327,08",Marketing,7/9/2025,SKU-8674
FAC-02389,PROV-0574,"5815,52",Marketing,17/7/2025,SKU-4848
FAC-02393,PROV-0077,"6204,03",Marketing,4/8/2025,SKU-3481
FAC-02398,PROV-0896,"8444,38",Marketing,28/3/2025,SKU-5126
FAC-02404,PROV-0072,"1889,67",Marketing,12/12/2025,SKU-7746
FAC-02405,PROV-0399,"9660,3",Marketing,24/9/2025,SKU-8797
FAC-02416,PROV-0864,"9635,28",Marketing,6/11/2025,SKU-3849
FAC-02417,PROV-0555,"7192,05",Marketing,5/10/2025,SKU-3761
FAC-02424,PROV-0072,"2233,35",Marketing,24/12/2025,SKU-4723
FAC-02431,PROV-0290,"9520,61",Marketing,26/6/2025,SKU-1135
FAC-02438,PROV-0420,"14889,69",Marketing,27/11/2025,SKU-9207
FAC-02440,PROV-0713,"6811,93",Marketing,3/2/2025,SKU-8960
FAC-02445,PROV-0750,"5850,56",Marketing,12/10/2025,SKU-5528
FAC-02451,PROV-0728,"8781,05",Marketing,25/10/2025,SKU-8629
FAC-02454,PROV-0153,"10496,52",Marketing,8/12/2025,SKU-4829
FAC-02458,PROV-0850,"14283,86",Marketing,6/7/2025,SKU-7804
FAC-02467,PROV-0145,"5760,67",Marketing,17/1/2025,SKU-1333
FAC-02471,PROV-0857,"14883,81",Marketing,13/4/2025,SKU-1219
FAC-02475,PROV-0918,"7652,35",Marketing,28/9/2025,SKU-5394
FAC-02477,PROV-0303,"12562,34",Marketing,2/7/2025,SKU-4095
FAC-02492,PROV-0359,"6588,37",Marketing,15/2/2025,SKU-7726
FAC-02493,PROV-0372,"14211,21",Marketing,29/8/2025,SKU-2493
FAC-02508,PROV-0011,"2229,91",Marketing,19/2/2025,SKU-8961
FAC-02511,PROV-0276,"677,6",Marketing,13/2/2025,SKU-5803
FAC-02513,PROV-0701,"4365,6",Marketing,12/12/2025,SKU-5511
FAC-02529,PROV-0887,"14459,34",Marketing,11/10/2025,SKU-1690
FAC-02541,PROV-0191,"9681,01",Marketing,21/8/2025,SKU-3212
FAC-02545,PROV-0116,"7494,92",Marketing,1/4/2025,SKU-9414
FAC-02549,PROV-0662,"8779,11",Marketing,29/7/2025,SKU-6293
FAC-02565,PROV-0087,"10424,49",Marketing,16/12/2025,SKU-2957
FAC-02566,PROV-0552,"5283,39",Marketing,1/1/2025,SKU-8170
FAC-02594,PROV-0590,"3722,11",Marketing,20/7/2025,SKU-1923
FAC-02595,PROV-0695,"467,34",Marketing,5/4/2025,SKU-1150
FAC-02598,PROV-0052,"13842,89",Marketing,7/8/2025,SKU-3680
FAC-02605,PROV-0485,"3915,35",Marketing,22/6/2025,SKU-8904
FAC-02610,PROV-0509,"7376,49",Marketing,16/1/2025,SKU-3387
FAC-02613,PROV-0194,"9423,41",Marketing,17/1/2025,SKU-2424
FAC-02616,PROV-0201,"438,97",Marketing,11/9/2025,SKU-7322
FAC-02618,PROV-0044,"4870,63",Marketing,19/4/2025,SKU-9565
FAC-02635,PROV-0765,"2818,79",Marketing,8/6/2025,SKU-9472
FAC-02643,PROV-0740,"14500,35",Marketing,30/4/2025,SKU-9127
FAC-02648,PROV-0149,"267,36",Marketing,30/10/2025,SKU-3144
FAC-02649,PROV-0247,"11348,12",Marketing,5/1/2025,SKU-2670
FAC-02656,PROV-0447,"10088,63",Marketing,13/11/2025,SKU-5549
FAC-02657,PROV-0942,"12458,25",Marketing,5/12/2025,SKU-2091
FAC-02658,PROV-0122,"9328,78",Marketing,27/3/2025,SKU-6969
FAC-02661,PROV-0983,"7790,49",Marketing,20/10/2025,SKU-8409
FAC-02673,PROV-0163,"10472,66",Marketing,17/4/2025,SKU-1803
FAC-02677,PROV-0113,"3212,37",Marketing,22/6/2025,SKU-1485
FAC-02687,PROV-0484,"8436,7",Marketing,25/4/2025,SKU-3233
FAC-02691,PROV-0305,"8310,21",Marketing,22/7/2025,SKU-5304
FAC-02700,PROV-0223,"9769,37",Marketing,4/1/2025,SKU-1074
FAC-02725,PROV-0406,"5686,97",Marketing,26/5/2025,SKU-4704
FAC-02729,PROV-0375,"9687,3",Marketing,27/7/2025,SKU-6286
FAC-02731,PROV-0664,"1440,32",Marketing,9/8/2025,SKU-6895
FAC-02738,PROV-0692,"6404,23",Marketing,14/3/2025,SKU-1410
FAC-02744,PROV-0367,"7778,01",Marketing,4/12/2025,SKU-6129
FAC-02745,PROV-0181,"4949,36",Marketing,12/6/2025,SKU-2642
FAC-02747,PROV-0363,"4692,76",Marketing,15/1/2025,SKU-7052
FAC-02748,PROV-0375,"14941,33",Marketing,20/9/2025,SKU-2297
FAC-02749,PROV-0785,"10470,71",Marketing,5/2/2025,SKU-7334
FAC-02759,PROV-0864,"11714,15",Marketing,16/7/2025,SKU-7991
FAC-02760,PROV-0678,"12713,61",Marketing,5/2/2025,SKU-5722
FAC-02766,PROV-0101,"1209,87",Marketing,29/8/2025,SKU-7389
FAC-02795,PROV-0961,"9198,29",Marketing,18/5/2025,SKU-2442
FAC-02796,PROV-0698,"342,52",Marketing,22/11/2025,SKU-4025
FAC-02800,PROV-0840,"12036,89",Marketing,28/9/2025,SKU-3382
FAC-02805,PROV-0971,"4024,73",Marketing,2/3/2025,SKU-1552
FAC-02807,PROV-0809,"2383,1",Marketing,18/3/2025,SKU-9186
FAC-02808,PROV-0165,"6729,87",Marketing,1/12/2025,SKU-3591
FAC-02809,PROV-0837,"1677,04",Marketing,14/2/2025,SKU-1065
FAC-02814,PROV-0156,"7077,32",Marketing,21/6/2025,SKU-9447
FAC-02831,PROV-0349,"4570,06",Marketing,10/2/2025,SKU-6465
FAC-02832,PROV-0492,"994,83",Marketing,30/1/2025,SKU-2888
FAC-02833,PROV-0847,"12387,42",Marketing,2/9/2025,SKU-4171
FAC-02839,PROV-0797,"9018,06",Marketing,24/7/2025,SKU-2093
FAC-02840,PROV-0090,"13448,22",Marketing,7/7/2025,SKU-1293
FAC-02848,PROV-0805,"3636,04",Marketing,4/7/2025,SKU-4288
FAC-02851,PROV-0066,"9091,88",Marketing,22/8/2025,SKU-6408
FAC-02852,PROV-0155,"5362,05",Marketing,30/3/2025,SKU-6686
FAC-02855,PROV-0958,"8593,77",Marketing,26/11/2025,SKU-3859
FAC-02865,PROV-0659,"14927,82",Marketing,10/8/2025,SKU-8003
FAC-02870,PROV-0481,"6693,46",Marketing,30/1/2025,SKU-7112
FAC-02872,PROV-0108,"965,9",Marketing,23/7/2025,SKU-8789
FAC-02875,PROV-0086,"14012,93",Marketing,2/11/2025,SKU-3589
FAC-02888,PROV-0798,"2408,87",Marketing,2/6/2025,SKU-2943
FAC-02889,PROV-0828,"14452,93",Marketing,7/7/2025,SKU-9989
FAC-02897,PROV-0191,"9564,41",Marketing,10/5/2025,SKU-4449
FAC-02902,PROV-0912,"14934,38",Marketing,7/9/2025,SKU-5177
FAC-02906,PROV-0198,"3728,24",Marketing,26/2/2025,SKU-6800
FAC-02907,PROV-0200,"2594,55",Marketing,19/4/2025,SKU-4241
FAC-02908,PROV-0771,"14389,5",Marketing,3/3/2025,SKU-3898
FAC-02918,PROV-0025,"3116,54",Marketing,15/8/2025,SKU-5013
FAC-02921,PROV-0280,"232,63",Marketing,21/8/2025,SKU-8231
FAC-02934,PROV-0050,"2446,74",Marketing,6/8/2025,SKU-1091
FAC-02939,PROV-0231,"3738,34",Marketing,10/4/2025,SKU-7826
FAC-02949,PROV-0141,"2200,32",Marketing,19/2/2025,SKU-1970
FAC-02954,PROV-0705,"2157,38",Marketing,7/12/2025,SKU-6847
FAC-02964,PROV-0946,"14231,74",Marketing,29/4/2025,SKU-8763
FAC-02967,PROV-0500,"2020,36",Marketing,24/4/2025,SKU-2617
FAC-02969,PROV-0288,"12688,86",Marketing,5/7/2025,SKU-2416
FAC-02978,PROV-1000,"11584,09",Marketing,22/2/2025,SKU-5786
FAC-02988,PROV-0115,"11652,6",Marketing,21/11/2025,SKU-3312
FAC-03012,PROV-0640,"9915,24",Marketing,16/10/2025,SKU-6028
FAC-03021,PROV-0699,"5657,82",Marketing,11/8/2025,SKU-5381
FAC-03024,PROV-0529,"5797,9",Marketing,30/7/2025,SKU-2798
FAC-03026,PROV-0510,"3327,4",Marketing,13/1/2025,SKU-4791
FAC-03030,PROV-0544,"6015,43",Marketing,14/5/2025,SKU-6752
FAC-03031,PROV-0962,"4864,28",Marketing,26/9/2025,SKU-7101
FAC-03035,PROV-0915,"5631,84",Marketing,23/6/2025,SKU-3938
FAC-03039,PROV-0845,"9066,64",Marketing,25/8/2025,SKU-8806
FAC-03040,PROV-0950,"2408,16",Marketing,3/2/2025,SKU-5923
FAC-03042,PROV-0360,"7456,75",Marketing,14/3/2025,SKU-6716
FAC-03052,PROV-0260,"11359,3",Marketing,5/11/2025,SKU-9162
FAC-03053,PROV-0411,"9640,31",Marketing,24/8/2025,SKU-7567
FAC-03055,PROV-0220,"8219,4",Marketing,29/7/2025,SKU-5555
FAC-03062,PROV-0353,"6164,37",Marketing,15/12/2025,SKU-6730
FAC-03069,PROV-0953,"6444,71",Marketing,27/5/2025,SKU-6997
FAC-03074,PROV-0208,"7084,06",Marketing,22/1/2025,SKU-3449
FAC-03083,PROV-0471,"375,89",Marketing,26/7/2025,SKU-3139
FAC-03098,PROV-0765,"10683,37",Marketing,28/5/2025,SKU-4366
FAC-03108,PROV-0616,"3426,05",Marketing,24/5/2025,SKU-2557
FAC-03109,PROV-0885,"3538,05",Marketing,25/7/2025,SKU-6999
FAC-03135,PROV-0505,"6383,35",Marketing,5/7/2025,SKU-7594
FAC-03154,PROV-0779,"12251,77",Marketing,18/7/2025,SKU-1789
FAC-03155,PROV-0860,"633,09",Marketing,28/4/2025,SKU-6934
FAC-03156,PROV-0222,"5773,92",Marketing,26/4/2025,SKU-7032
FAC-03164,PROV-0068,"12669,02",Marketing,17/9/2025,SKU-2420
FAC-03169,PROV-0610,"6649,34",Marketing,5/12/2025,SKU-1851
FAC-03180,PROV-0090,"1323,8",Marketing,17/4/2025,SKU-9234
FAC-03193,PROV-0432,"13146,63",Marketing,12/4/2025,SKU-4578
FAC-03195,PROV-0656,"7670,76",Marketing,9/12/2025,SKU-5348
FAC-03201,PROV-0250,"14694,96",Marketing,12/1/2025,SKU-7670
FAC-03204,PROV-0280,"4942,89",Marketing,9/8/2025,SKU-7321
FAC-03220,PROV-0791,"2791,21",Marketing,12/9/2025,SKU-7351
FAC-03221,PROV-0798,"6934,78",Marketing,13/2/2025,SKU-1930
FAC-03225,PROV-0309,"12241,6",Marketing,8/4/2025,SKU-2492
FAC-03231,PROV-0015,"7416,85",Marketing,23/10/2025,SKU-1642
FAC-03239,PROV-0205,"14817,82",Marketing,16/2/2025,SKU-5747
FAC-03244,PROV-0301,"11449,12",Marketing,16/9/2025,SKU-9660
FAC-03263,PROV-0523,12659,Marketing,23/10/2025,SKU-3066
FAC-03266,PROV-0902,"12594,65",Marketing,7/3/2025,SKU-7405
FAC-03268,PROV-0985,"7116,39",Marketing,2/9/2025,SKU-6072
FAC-03280,PROV-0670,"14188,3",Marketing,19/4/2025,SKU-7400
FAC-03285,PROV-0294,"1140,94",Marketing,7/5/2025,SKU-5787
FAC-03299,PROV-0872,"11037,29",Marketing,29/8/2025,SKU-3108
FAC-03306,PROV-0983,"6328,69",Marketing,20/8/2025,SKU-8031
FAC-03310,PROV-0629,"9099,13",Marketing,8/8/2025,SKU-3133
FAC-03316,PROV-0784,"2127,17",Marketing,19/8/2025,SKU-4283
FAC-03326,PROV-0320,"13782,31",Marketing,24/8/2025,SKU-7136
FAC-03340,PROV-0110,"8797,35",Marketing,28/2/2025,SKU-5537
FAC-03344,PROV-0927,"1175,67",Marketing,2/3/2025,SKU-2385
FAC-03348,PROV-0002,"12786,98",Marketing,15/3/2025,SKU-4916
FAC-03359,PROV-0049,"3803,89",Marketing,22/8/2025,SKU-3485
FAC-03360,PROV-0523,1357,Marketing,16/4/2025,SKU-4459
FAC-03361,PROV-0220,"2459,98",Marketing,8/8/2025,SKU-1456
FAC-03363,PROV-0327,"2596,52",Marketing,13/10/2025,SKU-4855
FAC-03372,PROV-0338,"10110,18",Marketing,29/9/2025,SKU-3763
FAC-03378,PROV-0759,"9850,13",Marketing,14/6/2025,SKU-1278
FAC-03382,PROV-0985,"14346,8",Marketing,6/6/2025,SKU-6086
FAC-03383,PROV-0001,"6741,47",Marketing,4/7/2025,SKU-5041
FAC-03388,PROV-0314,"13497,3",Marketing,18/7/2025,SKU-7080
FAC-03393,PROV-0739,"5293,99",Marketing,20/10/2025,SKU-9601
FAC-03397,PROV-0426,"7861,86",Marketing,4/12/2025,SKU-2388
FAC-03403,PROV-0510,"7435,28",Marketing,17/11/2025,SKU-4800
FAC-03413,PROV-0025,"11376,26",Marketing,9/10/2025,SKU-7113
FAC-03416,PROV-0137,"8694,45",Marketing,19/8/2025,SKU-5344
FAC-03432,PROV-0930,"3953,02",Marketing,6/4/2025,SKU-7707
FAC-03436,PROV-0684,"11740,35",Marketing,4/12/2025,SKU-5291
FAC-03437,PROV-0180,"10994,38",Marketing,4/5/2025,SKU-6115
FAC-03438,PROV-0353,"13238,75",Marketing,18/4/2025,SKU-5278
FAC-03452,PROV-0627,"12063,26",Marketing,30/6/2025,SKU-9614
FAC-03457,PROV-0094,"6666,14",Marketing,25/7/2025,SKU-4080
FAC-03464,PROV-0906,"14015,74",Marketing,30/8/2025,SKU-6065
FAC-03465,PROV-0186,"10649,21",Marketing,25/11/2025,SKU-9625
FAC-03469,PROV-0175,"1343,47",Marketing,16/8/2025,SKU-3800
FAC-03481,PROV-0716,"12431,68",Marketing,12/5/2025,SKU-3560
FAC-03490,PROV-0376,"7286,58",Marketing,14/12/2025,SKU-8305
FAC-03497,PROV-0706,"7587,16",Marketing,7/10/2025,SKU-6957
FAC-03506,PROV-0077,"5569,9",Marketing,8/6/2025,SKU-7204
FAC-03511,PROV-0578,"7751,64",Marketing,25/8/2025,SKU-8569
FAC-03521,PROV-0561,"12103,78",Marketing,10/9/2025,SKU-7545
FAC-03523,PROV-0430,"10250,15",Marketing,13/7/2025,SKU-1124
FAC-03525,PROV-0687,"13630,79",Marketing,27/8/2025,SKU-1465
FAC-03534,PROV-0921,"14462,16",Marketing,22/11/2025,SKU-5828
FAC-03535,PROV-0893,"3563,57",Marketing,9/9/2025,SKU-5751
FAC-03538,PROV-0769,"10392,57",Marketing,22/1/2025,SKU-7879
FAC-03540,PROV-0025,"11464,58",Marketing,12/2/2025,SKU-9015
FAC-03545,PROV-0748,"5955,95",Marketing,3/9/2025,SKU-2445
FAC-03550,PROV-0610,"8356,13",Marketing,8/7/2025,SKU-3607
FAC-03556,PROV-0683,"14964,95",Marketing,25/12/2025,SKU-5342
FAC-03557,PROV-0669,"2258,83",Marketing,3/2/2025,SKU-4819
FAC-03558,PROV-0104,"11955,88",Marketing,24/4/2025,SKU-7155
FAC-03560,PROV-0189,"1734,33",Marketing,7/10/2025,SKU-1257
FAC-03561,PROV-0294,"667,32",Marketing,25/12/2025,SKU-1119
FAC-03572,PROV-0981,"10407,9",Marketing,17/2/2025,SKU-9283
FAC-03579,PROV-0817,"3605,45",Marketing,29/3/2025,SKU-3540
FAC-03582,PROV-0066,"6689,99",Marketing,19/9/2025,SKU-5463
FAC-03584,PROV-0132,"3138,79",Marketing,8/9/2025,SKU-7596
FAC-03586,PROV-0875,"12658,04",Marketing,16/4/2025,SKU-2582
FAC-03602,PROV-0567,"13461,15",Marketing,16/2/2025,SKU-6331
FAC-03603,PROV-0612,"14041,96",Marketing,21/3/2025,SKU-2671
FAC-03617,PROV-0317,"1419,44",Marketing,22/6/2025,SKU-8714
FAC-03620,PROV-0497,"12765,02",Marketing,2/11/2025,SKU-7770
FAC-03623,PROV-0071,"10922,88",Marketing,25/10/2025,SKU-9084
FAC-03625,PROV-0274,"10844,27",Marketing,21/7/2025,SKU-6965
FAC-03644,PROV-0515,"6096,23",Marketing,29/3/2025,SKU-2283
FAC-03647,PROV-0899,"5532,61",Marketing,11/8/2025,SKU-7237
FAC-03650,PROV-0014,"12561,58",Marketing,12/5/2025,SKU-2423
FAC-03654,PROV-0491,"14438,8",Marketing,22/9/2025,SKU-4805
FAC-03657,PROV-0836,"1293,9",Marketing,26/4/2025,SKU-5180
FAC-03664,PROV-0040,"8081,04",Marketing,23/3/2025,SKU-9495
FAC-03667,PROV-0625,"7075,5",Marketing,25/8/2025,SKU-5846
FAC-03672,PROV-0092,"2083,22",Marketing,7/2/2025,SKU-3085
FAC-03685,PROV-0009,3949,Marketing,13/5/2025,SKU-8251
FAC-03691,PROV-0735,"7888,87",Marketing,8/7/2025,SKU-8264
FAC-03695,PROV-0217,"13278,5",Marketing,14/7/2025,SKU-3867
FAC-03697,PROV-0956,5025,Marketing,19/1/2025,SKU-7947
FAC-03701,PROV-0710,"11249,9",Marketing,27/1/2025,SKU-3123
FAC-03717,PROV-0990,"14836,32",Marketing,20/1/2025,SKU-4555
FAC-03732,PROV-0408,"4096,4",Marketing,24/9/2025,SKU-7135
FAC-03733,PROV-0460,"13961,74",Marketing,12/5/2025,SKU-7533
FAC-03735,PROV-0955,"4192,6",Marketing,7/10/2025,SKU-2167
FAC-03738,PROV-0981,"5526,87",Marketing,21/2/2025,SKU-9810
FAC-03747,PROV-0836,"2170,71",Marketing,25/8/2025,SKU-9424
FAC-03748,PROV-0332,"3408,57",Marketing,28/12/2025,SKU-7192
FAC-03753,PROV-0766,"13696,48",Marketing,10/9/2025,SKU-4418
FAC-03755,PROV-0634,"1257,68",Marketing,9/3/2025,SKU-2272
FAC-03760,PROV-0610,"9041,27",Marketing,2/7/2025,SKU-6316
FAC-03777,PROV-0851,"14626,47",Marketing,14/8/2025,SKU-1632
FAC-03781,PROV-0231,"3471,88",Marketing,18/2/2025,SKU-6237
FAC-03783,PROV-0186,"1309,49",Marketing,30/10/2025,SKU-9767
FAC-03787,PROV-0339,"13013,64",Marketing,20/4/2025,SKU-2294
FAC-03793,PROV-0836,"5497,36",Marketing,25/12/2025,SKU-2222
FAC-03796,PROV-0419,"11384,96",Marketing,23/10/2025,SKU-4840
FAC-03817,PROV-0392,"1411,74",Marketing,27/4/2025,SKU-4155
FAC-03825,PROV-0223,"212,57",Marketing,12/9/2025,SKU-9753
FAC-03830,PROV-0722,"1251,99",Marketing,2/9/2025,SKU-2628
FAC-03833,PROV-0308,"6959,75",Marketing,18/8/2025,SKU-9110
FAC-03838,PROV-0482,"3558,77",Marketing,16/5/2025,SKU-8904
FAC-03858,PROV-0253,"3440,67",Marketing,9/4/2025,SKU-5528
FAC-03873,PROV-0634,"8405,82",Marketing,28/9/2025,SKU-7602
FAC-03875,PROV-0958,"2072,56",Marketing,11/11/2025,SKU-3332
FAC-03885,PROV-0935,"10442,35",Marketing,23/1/2025,SKU-8533
FAC-03887,PROV-0811,"14043,3",Marketing,11/12/2025,SKU-5514
FAC-03903,PROV-0533,"253,56",Marketing,30/10/2025,SKU-9445
FAC-03905,PROV-0983,"973,11",Marketing,10/10/2025,SKU-8257
FAC-03906,PROV-0939,"10282,71",Marketing,4/4/2025,SKU-1335
FAC-03907,PROV-0425,"7102,44",Marketing,26/10/2025,SKU-6753
FAC-03927,PROV-0821,"14415,87",Marketing,16/9/2025,SKU-7221
FAC-03937,PROV-0438,"1379,12",Marketing,7/6/2025,SKU-5243
FAC-03939,PROV-0549,"7782,18",Marketing,8/12/2025,SKU-2022
FAC-03951,PROV-0324,"2636,89",Marketing,22/5/2025,SKU-3370
FAC-03958,PROV-0281,"4965,47",Marketing,7/9/2025,SKU-8632
FAC-03962,PROV-0622,"3233,77",Marketing,25/8/2025,SKU-8088
FAC-03971,PROV-0177,"3255,31",Marketing,17/6/2025,SKU-2694
FAC-03972,PROV-0704,"986,76",Marketing,19/3/2025,SKU-1297
FAC-03980,PROV-0221,"2657,15",Marketing,11/3/2025,SKU-5743
FAC-03981,PROV-0622,"9953,48",Marketing,27/4/2025,SKU-4393
FAC-03988,PROV-0348,"2454,26",Marketing,23/11/2025,SKU-9336
FAC-04007,PROV-0546,"13371,54",Marketing,16/9/2025,SKU-7216
FAC-04032,PROV-0029,"9181,97",Marketing,17/10/2025,SKU-1106
FAC-04040,PROV-0554,"8602,1",Marketing,16/8/2025,SKU-7063
FAC-04053,PROV-0890,"9140,89",Marketing,30/6/2025,SKU-2601
FAC-04068,PROV-0913,"11661,95",Marketing,2/5/2025,SKU-9961
FAC-04072,PROV-0468,"12147,35",Marketing,6/2/2025,SKU-7354
FAC-04074,PROV-0006,"5508,71",Marketing,26/8/2025,SKU-9867
FAC-04081,PROV-0016,"12984,87",Marketing,22/4/2025,SKU-1757
FAC-04082,PROV-0045,"806,95",Marketing,11/11/2025,SKU-3516
FAC-04085,PROV-0320,"10883,77",Marketing,7/5/2025,SKU-2228
FAC-04099,PROV-0211,"7708,42",Marketing,28/6/2025,SKU-9343
FAC-04108,PROV-0448,"3164,74",Marketing,8/4/2025,SKU-1980
FAC-04113,PROV-0272,"2328,9",Marketing,30/10/2025,SKU-2488
FAC-04116,PROV-0190,"786,52",Marketing,10/12/2025,SKU-9748
FAC-04122,PROV-0130,"14573,55",Marketing,16/5/2025,SKU-9918
FAC-04131,PROV-0227,"2378,55",Marketing,7/8/2025,SKU-5780
FAC-04132,PROV-0951,"10124,22",Marketing,16/5/2025,SKU-7967
FAC-04138,PROV-0749,2501,Marketing,11/2/2025,SKU-6025
FAC-04145,PROV-0618,"2861,32",Marketing,5/12/2025,SKU-2667
FAC-04148,PROV-0715,"8685,15",Marketing,11/2/2025,SKU-7730
FAC-04149,PROV-0598,"8652,32",Marketing,15/4/2025,SKU-3162
FAC-04155,PROV-0269,"13202,15",Marketing,13/11/2025,SKU-6076
FAC-04156,PROV-0488,"14972,56",Marketing,31/10/2025,SKU-9107
FAC-04158,PROV-0368,"10734,88",Marketing,26/10/2025,SKU-2231
FAC-04159,PROV-0868,"8594,82",Marketing,4/12/2025,SKU-7217
FAC-04160,PROV-0460,"2077,14",Marketing,7/5/2025,SKU-2581
FAC-04164,PROV-0968,"10484,46",Marketing,30/1/2025,SKU-6647
FAC-04168,PROV-0240,"13180,76",Marketing,10/7/2025,SKU-4254
FAC-04169,PROV-0453,"12053,33",Marketing,12/2/2025,SKU-3845
FAC-04182,PROV-0477,"665,86",Marketing,23/2/2025,SKU-6358
FAC-04184,PROV-0413,"7958,79",Marketing,21/5/2025,SKU-8118
FAC-04186,PROV-0236,"3637,48",Marketing,20/9/2025,SKU-2501
FAC-04187,PROV-0025,"12708,51",Marketing,21/1/2025,SKU-7817
FAC-04201,PROV-0860,"8789,32",Marketing,5/3/2025,SKU-3721
FAC-04203,PROV-0518,"7729,71",Marketing,2/3/2025,SKU-7504
FAC-04204,PROV-0105,"5341,03",Marketing,3/9/2025,SKU-7268
FAC-04206,PROV-0384,"2305,55",Marketing,14/1/2025,SKU-7925
FAC-04211,PROV-0115,"13569,52",Marketing,19/1/2025,SKU-5645
FAC-04223,PROV-0049,"10185,01",Marketing,4/7/2025,SKU-1402
FAC-04229,PROV-0048,"4939,09",Marketing,16/10/2025,SKU-7038
FAC-04230,PROV-0048,"4456,88",Marketing,5/4/2025,SKU-8949
FAC-04233,PROV-0340,"6896,85",Marketing,7/8/2025,SKU-1358
FAC-04240,PROV-0798,"1973,25",Marketing,23/11/2025,SKU-8642
FAC-04255,PROV-0776,"8688,44",Marketing,26/8/2025,SKU-7673
FAC-04258,PROV-0695,"11036,87",Marketing,22/6/2025,SKU-9657
FAC-04278,PROV-0794,"1118,78",Marketing,8/7/2025,SKU-2423
FAC-04279,PROV-0679,"1408,21",Marketing,4/5/2025,SKU-6495
FAC-04283,PROV-0615,"13020,76",Marketing,30/7/2025,SKU-9837
FAC-04287,PROV-0961,"8492,53",Marketing,3/10/2025,SKU-9685
FAC-04290,PROV-0553,"7046,68",Marketing,9/7/2025,SKU-2863
FAC-04294,PROV-0656,"8499,78",Marketing,2/7/2025,SKU-8440
FAC-04304,PROV-0404,"5819,94",Marketing,17/7/2025,SKU-5161
FAC-04310,PROV-0890,"14271,85",Marketing,5/11/2025,SKU-2836
FAC-04312,PROV-0554,"3755,3",Marketing,10/5/2025,SKU-2122
FAC-04326,PROV-0121,"13046,54",Marketing,26/11/2025,SKU-8172
FAC-04327,PROV-0665,"12565,28",Marketing,14/6/2025,SKU-3948
FAC-04329,PROV-0213,"1814,63",Marketing,15/5/2025,SKU-9795
FAC-04337,PROV-0800,"14053,13",Marketing,24/5/2025,SKU-1494
FAC-04342,PROV-0800,"14816,78",Marketing,31/8/2025,SKU-4146
FAC-04343,PROV-0800,"13656,32",Marketing,27/10/2025,SKU-7467
FAC-04345,PROV-0800,"13819,42",Marketing,20/9/2025,SKU-8062
FAC-04349,PROV-0800,"13446,88",Marketing,25/10/2025,SKU-8386
FAC-04354,PROV-0800,"2367,11",Marketing,25/5/2025,SKU-7274
FAC-04355,PROV-0542,"433,9",Marketing,5/5/2025,SKU-5361
FAC-04359,PROV-0127,"13756,32",Marketing,17/1/2025,SKU-2319
FAC-04361,PROV-0069,"4792,42",Marketing,22/9/2025,SKU-4877
FAC-04362,PROV-0566,"707,44",Marketing,7/8/2025,SKU-4012
FAC-04363,PROV-0421,"6400,77",Marketing,7/8/2025,SKU-7824
FAC-04378,PROV-0300,"14042,71",Marketing,25/1/2025,SKU-1000
FAC-04379,PROV-0883,"6837,63",Marketing,22/2/2025,SKU-6986
FAC-04385,PROV-0207,"10027,07",Marketing,7/1/2025,SKU-9969
FAC-04392,PROV-0562,"7668,14",Marketing,6/9/2025,SKU-8997
FAC-04394,PROV-0614,"540,63",Marketing,1/10/2025,SKU-2760
FAC-04401,PROV-0121,"1109,3",Marketing,21/8/2025,SKU-6393
FAC-04408,PROV-0698,"1383,65",Marketing,1/8/2025,SKU-8806
FAC-04413,PROV-0894,"2203,48",Marketing,16/1/2025,SKU-5699
FAC-04416,PROV-0054,"5126,05",Marketing,9/12/2025,SKU-1146
FAC-04434,PROV-0470,"5477,81",Marketing,25/10/2025,SKU-8869
FAC-04435,PROV-0639,"2774,64",Marketing,14/3/2025,SKU-2449
FAC-04457,PROV-0931,"8952,77",Marketing,2/6/2025,SKU-8731
FAC-04478,PROV-0954,"14127,02",Marketing,25/6/2025,SKU-7847
FAC-04480,PROV-0193,"8900,51",Marketing,2/11/2025,SKU-7075
FAC-04481,PROV-0223,"578,55",Marketing,8/9/2025,SKU-4623
FAC-04484,PROV-0962,"1875,96",Marketing,4/5/2025,SKU-6480
FAC-04485,PROV-0624,"9054,35",Marketing,22/6/2025,SKU-7485
FAC-04496,PROV-0394,"11486,81",Marketing,19/10/2025,SKU-7545
FAC-04497,PROV-0471,"9097,12",Marketing,5/4/2025,SKU-3599
FAC-04506,PROV-0720,"5543,09",Marketing,3/6/2025,SKU-3278
FAC-04519,PROV-0329,"12076,43",Marketing,13/5/2025,SKU-1488
FAC-04523,PROV-0279,"316,87",Marketing,7/6/2025,SKU-1062
FAC-04539,PROV-0028,"12984,05",Marketing,23/12/2025,SKU-7773
FAC-04545,PROV-0032,"3146,97",Marketing,28/10/2025,SKU-7054
FAC-04555,PROV-0117,"1596,81",Marketing,5/9/2025,SKU-9726
FAC-04566,PROV-0179,"8708,21",Marketing,17/1/2025,SKU-2079
FAC-04570,PROV-0810,"11370,1",Marketing,5/9/2025,SKU-3253
FAC-04571,PROV-0252,"11677,59",Marketing,29/4/2025,SKU-8115
FAC-04576,PROV-0463,"11615,28",Marketing,26/8/2025,SKU-3024
FAC-04587,PROV-0177,"14472,76",Marketing,8/1/2025,SKU-1569
FAC-04601,PROV-0171,"289,76",Marketing,30/7/2025,SKU-2158
FAC-04606,PROV-0777,"1235,79",Marketing,21/2/2025,SKU-3885
FAC-04641,PROV-0770,"11073,93",Marketing,19/6/2025,SKU-7276
FAC-04642,PROV-0348,"1249,86",Marketing,3/5/2025,SKU-7925
FAC-04659,PROV-0469,"4918,73",Marketing,30/8/2025,SKU-1871
FAC-04662,PROV-0756,"1136,2",Marketing,16/11/2025,SKU-5205
FAC-04670,PROV-0136,"7269,91",Marketing,12/3/2025,SKU-5914
FAC-04671,PROV-0956,"14494,14",Marketing,24/2/2025,SKU-8215
FAC-04672,PROV-0290,"9297,22",Marketing,21/1/2025,SKU-9226
FAC-04682,PROV-0693,"9795,35",Marketing,13/4/2025,SKU-1313
FAC-04693,PROV-0861,"11379,45",Marketing,24/7/2025,SKU-2072
FAC-04695,PROV-0722,"3954,86",Marketing,22/5/2025,SKU-1117
FAC-04702,PROV-0051,"13854,67",Marketing,29/1/2025,SKU-3569
FAC-04708,PROV-0828,"10197,44",Marketing,6/10/2025,SKU-5250
FAC-04709,PROV-0031,"3479,18",Marketing,17/4/2025,SKU-3800
FAC-04710,PROV-0087,"13241,83",Marketing,9/5/2025,SKU-8292
FAC-04718,PROV-0986,"13917,48",Marketing,1/5/2025,SKU-9213
FAC-04722,PROV-0243,"6618,25",Marketing,4/9/2025,SKU-6615
FAC-04723,PROV-0665,"4686,46",Marketing,3/10/2025,SKU-5314
FAC-04742,PROV-0963,"13153,5",Marketing,25/5/2025,SKU-1576
FAC-04748,PROV-0582,"5197,14",Marketing,16/1/2025,SKU-2435
FAC-04751,PROV-0837,"6827,17",Marketing,8/5/2025,SKU-8711
FAC-04752,PROV-0999,"11296,82",Marketing,16/1/2025,SKU-2099
FAC-04753,PROV-0266,"2170,42",Marketing,30/10/2025,SKU-3087
FAC-04757,PROV-0886,"9220,22",Marketing,6/12/2025,SKU-5285
FAC-04758,PROV-0851,"13274,51",Marketing,23/12/2025,SKU-3845
FAC-04760,PROV-0957,"2902,85",Marketing,7/5/2025,SKU-1497
FAC-04766,PROV-0425,"12558,46",Marketing,23/8/2025,SKU-9780
FAC-04776,PROV-0154,"13485,07",Marketing,3/9/2025,SKU-4185
FAC-04779,PROV-0566,"1767,51",Marketing,19/7/2025,SKU-3788
FAC-04780,PROV-0114,"11992,45",Marketing,27/9/2025,SKU-2780
FAC-04788,PROV-0005,"4113,48",Marketing,24/3/2025,SKU-7651
FAC-04790,PROV-0147,"2551,21",Marketing,20/6/2025,SKU-8787
FAC-04791,PROV-0505,"10062,2",Marketing,7/6/2025,SKU-2780
FAC-04804,PROV-0009,"12241,52",Marketing,18/4/2025,SKU-6616
FAC-04816,PROV-0679,"7513,13",Marketing,22/10/2025,SKU-8505
FAC-04817,PROV-0160,"510,74",Marketing,13/9/2025,SKU-2461
FAC-04818,PROV-0766,"13199,85",Marketing,2/9/2025,SKU-5318
FAC-04837,PROV-0732,"3447,58",Marketing,13/11/2025,SKU-1756
FAC-04839,PROV-0890,"11673,46",Marketing,18/1/2025,SKU-7221
FAC-04843,PROV-0002,"237,19",Marketing,27/1/2025,SKU-5482
FAC-04846,PROV-0605,"5149,54",Marketing,17/11/2025,SKU-5385
FAC-04859,PROV-0849,"7998,93",Marketing,23/9/2025,SKU-9901
FAC-04860,PROV-0969,"7514,84",Marketing,22/5/2025,SKU-9858
FAC-04861,PROV-0786,"14813,64",Marketing,30/11/2025,SKU-6815
FAC-04879,PROV-0717,"9019,85",Marketing,16/2/2025,SKU-8368
FAC-04893,PROV-0503,"9996,5",Marketing,21/11/2025,SKU-5458
FAC-04899,PROV-0331,"11976,06",Marketing,6/6/2025,SKU-1485
FAC-04901,PROV-0516,"11779,33",Marketing,12/4/2025,SKU-9881
FAC-04913,PROV-0364,"7657,64",Marketing,1/10/2025,SKU-2060
FAC-04920,PROV-0683,"4783,24",Marketing,1/2/2025,SKU-3974
FAC-04935,PROV-0062,"9315,08",Marketing,15/1/2025,SKU-7535
FAC-04939,PROV-0091,"10230,71",Marketing,25/7/2025,SKU-5368
FAC-04948,PROV-0993,"3839,46",Marketing,2/7/2025,SKU-5036
FAC-04954,PROV-0324,"3056,13",Marketing,6/11/2025,SKU-6299
FAC-04955,PROV-0193,"10715,13",Marketing,25/11/2025,SKU-1198
FAC-04957,PROV-0873,"11742,98",Marketing,17/6/2025,SKU-3991
FAC-04958,PROV-0711,"349,81",Marketing,8/2/2025,SKU-4124
FAC-04962,PROV-0800,"5637,95",Marketing,14/10/2025,SKU-1151
FAC-04975,PROV-0800,"10629,05",Marketing,14/1/2025,SKU-2897
FAC-04977,PROV-0800,"2964,94",Marketing,21/12/2025,SKU-4781
FAC-04979,PROV-0800,"13251,52",Marketing,27/10/2025,SKU-4333
FAC-04981,PROV-0800,"10669,37",Marketing,7/10/2025,SKU-4675
FAC-04982,PROV-0800,"2568,78",Marketing,21/11/2025,SKU-2288
FAC-04990,PROV-0800,"7935,31",Marketing,20/6/2025,SKU-4943
FAC-05007,PROV-0280,"9688,39",Marketing,30/10/2025,SKU-3138
FAC-05016,PROV-0405,"12028,34",Marketing,15/2/2025,SKU-5438
FAC-05018,PROV-0064,"2101,83",Marketing,9/6/2025,SKU-9158
FAC-05023,PROV-0522,"898,3",Marketing,5/4/2025,SKU-9175
FAC-05026,PROV-0031,"4429,73",Marketing,3/10/2025,SKU-9502
FAC-05034,PROV-0694,"13658,65",Marketing,18/9/2025,SKU-2111
FAC-05037,PROV-0903,"6195,99",Marketing,19/11/2025,SKU-8318
FAC-05038,PROV-0190,"3094,15",Marketing,18/2/2025,SKU-2333
FAC-05039,PROV-0235,5423,Marketing,4/5/2025,SKU-1050
FAC-05040,PROV-0661,"11319,77",Marketing,10/3/2025,SKU-5124
FAC-05048,PROV-0029,"12860,03",Marketing,1/3/2025,SKU-3635
FAC-05052,PROV-0764,"3552,81",Marketing,16/7/2025,SKU-3773
FAC-05063,PROV-0525,"8941,65",Marketing,5/12/2025,SKU-8923
FAC-05067,PROV-0152,"8849,74",Marketing,12/1/2025,SKU-2607
FAC-05068,PROV-0372,"7814,44",Marketing,18/12/2025,SKU-3937
FAC-05071,PROV-0492,"3418,91",Marketing,11/4/2025,SKU-5303
FAC-05079,PROV-0267,"4198,94",Marketing,19/10/2025,SKU-8240
FAC-05084,PROV-0373,"3834,54",Marketing,27/11/2025,SKU-1751
FAC-05086,PROV-0930,"9701,08",Marketing,26/1/2025,SKU-5196
FAC-05096,PROV-0193,"12427,32",Marketing,22/6/2025,SKU-6482
FAC-05100,PROV-0740,"4813,02",Marketing,25/2/2025,SKU-2541
FAC-05119,PROV-0018,"6915,14",Marketing,16/10/2025,SKU-5906
FAC-05122,PROV-0420,"611,85",Marketing,30/10/2025,SKU-4503
FAC-05123,PROV-0305,"6421,68",Marketing,5/3/2025,SKU-1531
FAC-05134,PROV-0096,"10218,42",Marketing,8/6/2025,SKU-3205
FAC-05137,PROV-0216,"9541,58",Marketing,3/2/2025,SKU-9649
FAC-05138,PROV-0802,"8664,78",Marketing,31/8/2025,SKU-5923
FAC-05144,PROV-0740,"5561,75",Marketing,14/3/2025,SKU-8877
FAC-05149,PROV-0595,"7563,56",Marketing,25/2/2025,SKU-2701
FAC-05159,PROV-0276,"10640,74",Marketing,28/6/2025,SKU-5112
FAC-05163,PROV-0393,"13024,11",Marketing,29/1/2025,SKU-6672
FAC-05165,PROV-0042,"4556,09",Marketing,8/5/2025,SKU-5948
FAC-05177,PROV-0753,"10437,98",Marketing,21/5/2025,SKU-5722
FAC-05180,PROV-0712,"6108,26",Marketing,1/10/2025,SKU-9479
FAC-05190,PROV-0125,"13832,44",Marketing,5/2/2025,SKU-9955
FAC-05193,PROV-0207,"279,69",Marketing,5/7/2025,SKU-3762
FAC-05201,PROV-0219,"1242,24",Marketing,12/7/2025,SKU-5123
FAC-05220,PROV-0349,"8636,05",Marketing,9/10/2025,SKU-5426
FAC-05221,PROV-0811,"10657,1",Marketing,23/3/2025,SKU-1981
FAC-05245,PROV-0652,"10400,29",Marketing,28/4/2025,SKU-6981
FAC-05250,PROV-0817,"13103,43",Marketing,5/3/2025,SKU-6142
FAC-05251,PROV-0330,"13628,85",Marketing,1/1/2025,SKU-2251
FAC-05258,PROV-0118,13304,Marketing,20/6/2025,SKU-9433
FAC-05272,PROV-0553,"14266,28",Marketing,18/11/2025,SKU-1320
FAC-05275,PROV-0259,"463,58",Marketing,16/11/2025,SKU-4548
FAC-05277,PROV-0993,"14753,83",Marketing,26/9/2025,SKU-6866
FAC-05281,PROV-0379,"3613,39",Marketing,28/6/2025,SKU-1684
FAC-05298,PROV-0336,"374,4",Marketing,13/7/2025,SKU-8993
FAC-05301,PROV-0741,"6904,89",Marketing,28/4/2025,SKU-3437
FAC-05307,PROV-0226,"9585,75",Marketing,26/10/2025,SKU-1841
FAC-05321,PROV-0340,"10727,54",Marketing,2/5/2025,SKU-1603
FAC-05340,PROV-0471,"7712,14",Marketing,24/11/2025,SKU-5504
FAC-05343,PROV-0642,"12690,99",Marketing,27/6/2025,SKU-3487
FAC-05356,PROV-0537,"14538,41",Marketing,16/9/2025,SKU-5464
FAC-05370,PROV-0485,"10772,29",Marketing,27/3/2025,SKU-3997
FAC-05378,PROV-0081,"5738,52",Marketing,25/10/2025,SKU-4036
FAC-05381,PROV-0388,"6883,1",Marketing,1/2/2025,SKU-5558
FAC-05383,PROV-0781,"7034,67",Marketing,9/11/2025,SKU-5393
FAC-05384,PROV-0247,"10026,95",Marketing,9/4/2025,SKU-6607
FAC-05391,PROV-0465,"7096,47",Marketing,22/10/2025,SKU-7220
FAC-05393,PROV-0699,"9124,21",Marketing,15/9/2025,SKU-6889
FAC-05395,PROV-0568,"11329,09",Marketing,26/11/2025,SKU-9275
FAC-05422,PROV-0005,"11498,18",Marketing,1/5/2025,SKU-3819
FAC-05428,PROV-0563,"3449,32",Marketing,12/2/2025,SKU-2131
FAC-05436,PROV-0549,"7217,65",Marketing,3/7/2025,SKU-2123
FAC-05441,PROV-0222,"1241,16",Marketing,25/6/2025,SKU-1241
FAC-05446,PROV-0535,"12060,71",Marketing,10/7/2025,SKU-9476
FAC-05449,PROV-0390,"11307,29",Marketing,20/8/2025,SKU-1585
FAC-05451,PROV-0593,"12959,75",Marketing,11/1/2025,SKU-2563
FAC-05452,PROV-0757,"3005,27",Marketing,7/12/2025,SKU-1800
FAC-05461,PROV-0774,"10823,43",Marketing,28/1/2025,SKU-1328
FAC-05462,PROV-0229,"6477,84",Marketing,10/7/2025,SKU-7003
FAC-05470,PROV-0584,"9876,69",Marketing,28/9/2025,SKU-1383
FAC-05478,PROV-0800,"8977,04",Marketing,12/11/2025,SKU-7875
FAC-05483,PROV-0800,"13643,61",Marketing,3/1/2025,SKU-3097
FAC-05486,PROV-0800,"4730,72",Marketing,7/8/2025,SKU-8756
FAC-05489,PROV-0800,"12830,46",Marketing,1/5/2025,SKU-7506
FAC-05498,PROV-0800,"1678,32",Marketing,27/9/2025,SKU-1498
FAC-05515,PROV-0800,"8823,08",Marketing,7/4/2025,SKU-9114
FAC-05516,PROV-0317,"4731,64",Marketing,25/6/2025,SKU-8947
FAC-05521,PROV-0885,11246,Marketing,24/6/2025,SKU-9916
FAC-05522,PROV-0017,"7713,08",Marketing,14/11/2025,SKU-9872
FAC-05528,PROV-0310,"316,19",Marketing,16/4/2025,SKU-2712
FAC-05537,PROV-0071,"10062,32",Marketing,8/4/2025,SKU-8484
FAC-05541,PROV-0015,"2674,88",Marketing,26/7/2025,SKU-8188
FAC-05555,PROV-0635,"9482,61",Marketing,23/9/2025,SKU-4225
FAC-05557,PROV-0174,"14800,21",Marketing,13/7/2025,SKU-1194
FAC-05562,PROV-0944,"8450,88",Marketing,8/5/2025,SKU-9173
FAC-05575,PROV-0717,"9390,88",Marketing,2/4/2025,SKU-8718
FAC-05576,PROV-0327,"1746,22",Marketing,28/10/2025,SKU-2636
FAC-05580,PROV-0770,"9134,47",Marketing,15/7/2025,SKU-9198
FAC-05583,PROV-0914,"2776,81",Marketing,25/11/2025,SKU-1762
FAC-05588,PROV-0775,"983,96",Marketing,19/11/2025,SKU-9879
FAC-05604,PROV-0233,"941,44",Marketing,28/9/2025,SKU-4159
FAC-05605,PROV-0058,"7395,4",Marketing,15/11/2025,SKU-5428
FAC-05607,PROV-0551,"811,38",Marketing,4/3/2025,SKU-9850
FAC-05608,PROV-0772,"10042,96",Marketing,26/10/2025,SKU-5770
FAC-05621,PROV-0848,"11838,94",Marketing,5/7/2025,SKU-5981
FAC-05633,PROV-0980,"1331,5",Marketing,6/10/2025,SKU-8804
FAC-05644,PROV-0356,"8014,27",Marketing,4/12/2025,SKU-7147
FAC-05649,PROV-0523,"6593,59",Marketing,17/6/2025,SKU-4541
FAC-05660,PROV-0759,"12008,19",Marketing,22/5/2025,SKU-3778
FAC-05683,PROV-0975,"2739,31",Marketing,7/2/2025,SKU-7224
FAC-05686,PROV-0399,"12132,48",Marketing,20/8/2025,SKU-1784
FAC-05710,PROV-0052,"13560,51",Marketing,28/7/2025,SKU-8685
FAC-05720,PROV-0731,"5460,63",Marketing,19/10/2025,SKU-1424
FAC-05732,PROV-0928,"11736,88",Marketing,28/8/2025,SKU-7780
FAC-05746,PROV-0420,"9406,54",Marketing,23/6/2025,SKU-8726
FAC-05755,PROV-0630,"11118,68",Marketing,18/5/2025,SKU-4309
FAC-05762,PROV-0072,"1642,18",Marketing,15/10/2025,SKU-2328
FAC-05766,PROV-0152,"5426,26",Marketing,8/9/2025,SKU-4658
FAC-05777,PROV-0624,"8190,73",Marketing,7/6/2025,SKU-7194
FAC-05780,PROV-0225,"3278,27",Marketing,21/3/2025,SKU-1671
FAC-05790,PROV-0073,"8414,13",Marketing,20/9/2025,SKU-3493
FAC-05791,PROV-0548,"9832,76",Marketing,2/4/2025,SKU-8860
FAC-05792,PROV-0096,"10798,45",Marketing,25/6/2025,SKU-4506
FAC-05794,PROV-0514,"3545,5",Marketing,4/12/2025,SKU-9682
FAC-05803,PROV-0488,"4306,73",Marketing,28/11/2025,SKU-4941
FAC-05807,PROV-0899,"2981,49",Marketing,4/7/2025,SKU-6401
FAC-05812,PROV-0456,"6467,65",Marketing,11/4/2025,SKU-4147
FAC-05820,PROV-0629,"13568,43",Marketing,17/6/2025,SKU-2259
FAC-05827,PROV-0540,"11472,98",Marketing,3/9/2025,SKU-9802
FAC-05828,PROV-0461,"11756,72",Marketing,3/10/2025,SKU-7248
FAC-05832,PROV-0246,"5387,63",Marketing,15/9/2025,SKU-7690
FAC-05836,PROV-0850,"13650,33",Marketing,21/7/2025,SKU-5980
FAC-05837,PROV-0290,"6933,89",Marketing,12/3/2025,SKU-1756
FAC-05840,PROV-0097,"8321,27",Marketing,12/8/2025,SKU-5771
FAC-05845,PROV-0598,"1849,8",Marketing,22/2/2025,SKU-2828
FAC-05858,PROV-0717,"13522,8",Marketing,26/11/2025,SKU-7383
FAC-05863,PROV-0549,"2536,21",Marketing,14/2/2025,SKU-1632
FAC-05864,PROV-0096,"1329,56",Marketing,13/5/2025,SKU-5994
FAC-05865,PROV-0037,"912,65",Marketing,20/2/2025,SKU-2164
FAC-05882,PROV-0534,"3860,08",Marketing,20/12/2025,SKU-3413
FAC-05885,PROV-0224,"9727,96",Marketing,12/1/2025,SKU-5741
FAC-05886,PROV-0897,"3545,62",Marketing,26/10/2025,SKU-6545
FAC-05889,PROV-0800,"10876,9",Marketing,17/8/2025,SKU-6625
FAC-05897,PROV-0800,7507,Marketing,29/12/2025,SKU-4746
FAC-05905,PROV-0800,"8956,88",Marketing,29/1/2025,SKU-7456
FAC-05907,PROV-0800,"10294,12",Marketing,24/2/2025,SKU-5778
FAC-05909,PROV-0800,"10255,35",Marketing,3/11/2025,SKU-5358
FAC-05912,PROV-0800,"3826,48",Marketing,3/10/2025,SKU-6820
FAC-05916,PROV-0800,"7159,46",Marketing,29/1/2025,SKU-6949
FAC-05918,PROV-0800,"8758,25",Marketing,21/2/2025,SKU-7739
FAC-05924,PROV-0800,"1010,28",Marketing,13/1/2025,SKU-3322
FAC-05930,PROV-0800,"4749,69",Marketing,23/5/2025,SKU-9412
FAC-05933,PROV-0800,"9235,46",Marketing,20/7/2025,SKU-8417
FAC-05934,PROV-0935,"12698,94",Marketing,30/10/2025,SKU-6630
FAC-05937,PROV-0257,"12617,7",Marketing,17/7/2025,SKU-5342
FAC-05943,PROV-0002,"11318,72",Marketing,27/12/2025,SKU-9570
FAC-05961,PROV-0144,"10593,25",Marketing,19/8/2025,SKU-9712
FAC-05966,PROV-0702,"12007,7",Marketing,22/3/2025,SKU-1706
FAC-05968,PROV-0371,"9627,97",Marketing,16/1/2025,SKU-9213
FAC-05970,PROV-0842,"12054,67",Marketing,29/8/2025,SKU-5235
FAC-05979,PROV-0530,"4932,32",Marketing,23/1/2025,SKU-2068
FAC-05980,PROV-0938,"5826,36",Marketing,10/4/2025,SKU-5957
FAC-05987,PROV-0688,"2303,93",Marketing,11/2/2025,SKU-6690
FAC-05991,PROV-0263,"9814,29",Marketing,10/3/2025,SKU-4161
FAC-05992,PROV-0962,"6633,87",Marketing,2/2/2025,SKU-8390
FAC-05994,PROV-0220,"8869,59",Marketing,30/7/2025,SKU-6273
FAC-06005,PROV-0755,"14414,3",Marketing,12/11/2025,SKU-9793
FAC-06007,PROV-0322,"7782,09",Marketing,31/8/2025,SKU-6993
FAC-06014,PROV-0441,"13908,87",Marketing,13/1/2025,SKU-4079
FAC-06026,PROV-0693,"9175,94",Marketing,4/12/2025,SKU-5825
FAC-06028,PROV-0716,"3552,84",Marketing,10/11/2025,SKU-9770
FAC-06032,PROV-0116,"11757,01",Marketing,19/5/2025,SKU-9681
FAC-06040,PROV-0496,"8056,28",Marketing,8/12/2025,SKU-6112
FAC-06048,PROV-0199,"8644,14",Marketing,5/2/2025,SKU-9134
FAC-06050,PROV-0800,"2485,55",Marketing,10/10/2025,SKU-9873
FAC-06053,PROV-0603,"12586,96",Marketing,10/8/2025,SKU-9280
FAC-06059,PROV-0539,"1686,38",Marketing,5/2/2025,SKU-2425
FAC-06061,PROV-0141,"14704,28",Marketing,10/9/2025,SKU-5943
FAC-06068,PROV-0322,"2162,02",Marketing,12/8/2025,SKU-1915
FAC-06072,PROV-0965,"6301,79",Marketing,6/8/2025,SKU-1570
FAC-06077,PROV-0431,"6005,2",Marketing,28/2/2025,SKU-1420
FAC-06084,PROV-0722,"7142,33",Marketing,25/3/2025,SKU-3031
FAC-06087,PROV-0376,"3964,36",Marketing,12/3/2025,SKU-9018
FAC-06092,PROV-0988,"10287,29",Marketing,2/11/2025,SKU-8760
FAC-06096,PROV-0522,"5674,33",Marketing,24/8/2025,SKU-2002
FAC-06099,PROV-0652,"1219,94",Marketing,23/1/2025,SKU-9825
FAC-06112,PROV-0350,"5148,19",Marketing,26/9/2025,SKU-1104
FAC-06114,PROV-0429,"8287,97",Marketing,13/11/2025,SKU-4510
FAC-06120,PROV-0001,"2508,15",Marketing,21/11/2025,SKU-3798
FAC-06139,PROV-0479,"10776,78",Marketing,10/9/2025,SKU-3105
FAC-06141,PROV-0881,"12013,7",Marketing,1/8/2025,SKU-7382
FAC-06144,PROV-0548,"13591,61",Marketing,4/8/2025,SKU-4482
FAC-06145,PROV-0597,"14296,44",Marketing,1/12/2025,SKU-1697
FAC-06146,PROV-0018,"7842,43",Marketing,13/2/2025,SKU-2894
FAC-06150,PROV-0252,"11360,14",Marketing,22/10/2025,SKU-6483
FAC-06151,PROV-0574,"2387,14",Marketing,1/4/2025,SKU-9218
FAC-06169,PROV-0085,"13402,6",Marketing,5/7/2025,SKU-8328
FAC-06181,PROV-0195,"4703,85",Marketing,29/8/2025,SKU-2366
FAC-06184,PROV-0550,"14687,11",Marketing,2/11/2025,SKU-5381
FAC-06189,PROV-0707,"246,04",Marketing,2/10/2025,SKU-9233
FAC-06191,PROV-0222,"11108,64",Marketing,9/4/2025,SKU-7715
FAC-06202,PROV-0718,"4623,3",Marketing,11/2/2025,SKU-7687
FAC-06216,PROV-0922,"5487,82",Marketing,18/10/2025,SKU-4305
FAC-06217,PROV-0950,"13429,62",Marketing,29/9/2025,SKU-8684
FAC-06222,PROV-0329,"14117,92",Marketing,7/1/2025,SKU-4155
FAC-06233,PROV-0651,"2434,26",Marketing,2/12/2025,SKU-6825
FAC-06243,PROV-0436,"7512,09",Marketing,3/1/2025,SKU-5547
FAC-06252,PROV-0206,"4792,51",Marketing,30/8/2025,SKU-7252
FAC-06256,PROV-0989,"9031,23",Marketing,24/1/2025,SKU-1180
FAC-06257,PROV-0072,"10154,02",Marketing,19/2/2025,SKU-3681
FAC-06263,PROV-0839,"2721,97",Marketing,25/10/2025,SKU-4201
FAC-06270,PROV-0800,"1345,46",Marketing,18/10/2025,SKU-2341
FAC-06282,PROV-0800,"11972,05",Marketing,23/12/2025,SKU-8103
FAC-06286,PROV-0800,"9353,61",Marketing,27/7/2025,SKU-5048
FAC-06288,PROV-0800,"8501,24",Marketing,16/1/2025,SKU-1893
FAC-06293,PROV-0800,"3688,13",Marketing,9/1/2025,SKU-7722
FAC-06298,PROV-0800,"7146,53",Marketing,14/2/2025,SKU-5075
FAC-06310,PROV-0800,"8707,08",Marketing,26/8/2025,SKU-3356
FAC-06323,PROV-0800,"10406,67",Marketing,4/7/2025,SKU-3218
FAC-06326,PROV-0477,"9102,75",Marketing,2/8/2025,SKU-8633
FAC-06334,PROV-0538,"8754,86",Marketing,22/4/2025,SKU-6137
FAC-06340,PROV-0599,"9115,15",Marketing,3/8/2025,SKU-3368
FAC-06353,PROV-0622,"1292,27",Marketing,8/8/2025,SKU-4929
FAC-06360,PROV-0875,"9027,7",Marketing,28/7/2025,SKU-7483
FAC-06371,PROV-0211,"6853,01",Marketing,13/10/2025,SKU-5132
FAC-06372,PROV-0995,"9971,84",Marketing,21/3/2025,SKU-4998
FAC-06378,PROV-0950,"13390,93",Marketing,16/8/2025,SKU-3375
FAC-06382,PROV-0821,"10722,75",Marketing,30/7/2025,SKU-1846
FAC-06384,PROV-0502,"14107,09",Marketing,18/11/2025,SKU-2242
FAC-06386,PROV-0303,"13436,18",Marketing,15/8/2025,SKU-9795
FAC-06393,PROV-0531,"8038,13",Marketing,18/11/2025,SKU-6691
FAC-06394,PROV-0925,"1309,9",Marketing,26/12/2025,SKU-6227
FAC-06395,PROV-0143,"9790,55",Marketing,28/9/2025,SKU-5628
FAC-06414,PROV-0582,"7020,03",Marketing,23/6/2025,SKU-5431
FAC-06428,PROV-0700,"8032,23",Marketing,21/1/2025,SKU-6277
FAC-06432,PROV-0131,"2033,78",Marketing,21/5/2025,SKU-9788
FAC-06439,PROV-0418,"3554,68",Marketing,27/8/2025,SKU-4124
FAC-06441,PROV-0062,"13962,57",Marketing,1/1/2025,SKU-4766
FAC-06443,PROV-0815,"3708,11",Marketing,22/8/2025,SKU-2137
FAC-06444,PROV-0500,"12204,15",Marketing,11/1/2025,SKU-3599
FAC-06448,PROV-0842,"11200,56",Marketing,16/6/2025,SKU-4840
FAC-06451,PROV-0199,"3355,93",Marketing,10/10/2025,SKU-9610
FAC-06474,PROV-0018,"12973,43",Marketing,21/2/2025,SKU-7868
FAC-06475,PROV-0424,"1303,85",Marketing,29/7/2025,SKU-6429
FAC-06477,PROV-0797,"7837,27",Marketing,14/8/2025,SKU-3442
FAC-06482,PROV-0517,"12806,41",Marketing,29/5/2025,SKU-2244
FAC-06485,PROV-0080,"6689,94",Marketing,13/7/2025,SKU-6856
FAC-06488,PROV-0949,"5481,95",Marketing,19/9/2025,SKU-5011
FAC-06496,PROV-0200,"4097,76",Marketing,29/3/2025,SKU-7765
FAC-06498,PROV-0026,"7355,75",Marketing,24/4/2025,SKU-3810
FAC-06499,PROV-0028,"10760,75",Marketing,24/2/2025,SKU-4402
FAC-06504,PROV-0149,"12665,49",Marketing,7/10/2025,SKU-5328
FAC-06513,PROV-0737,"14801,25",Marketing,9/10/2025,SKU-3453
FAC-06516,PROV-0437,"6695,82",Marketing,6/3/2025,SKU-6660
FAC-06523,PROV-0615,"10063,12",Marketing,19/6/2025,SKU-3091
FAC-06525,PROV-0453,"9913,52",Marketing,25/7/2025,SKU-1671
FAC-06529,PROV-0712,"1056,17",Marketing,15/10/2025,SKU-5446
FAC-06539,PROV-0457,"9214,09",Marketing,25/11/2025,SKU-7570
FAC-06550,PROV-0053,"10055,98",Marketing,1/1/2025,SKU-2279
FAC-06551,PROV-0078,"10045,99",Marketing,19/11/2025,SKU-2488
FAC-06556,PROV-0620,"9798,11",Marketing,27/6/2025,SKU-1865
FAC-06567,PROV-0763,"9093,07",Marketing,15/5/2025,SKU-9303
FAC-06569,PROV-0086,"7840,16",Marketing,8/12/2025,SKU-3203
FAC-06585,PROV-0800,"7043,82",Marketing,5/9/2025,SKU-8248
FAC-06599,PROV-0800,"7369,04",Marketing,5/7/2025,SKU-6601
FAC-06607,PROV-0800,"13340,4",Marketing,3/10/2025,SKU-9857
FAC-06608,PROV-0800,"14017,16",Marketing,5/9/2025,SKU-7770
FAC-06610,PROV-0800,"14852,04",Marketing,17/4/2025,SKU-9438
FAC-06612,PROV-0800,"9536,83",Marketing,20/12/2025,SKU-4169
FAC-06617,PROV-0800,"3201,8",Marketing,13/2/2025,SKU-2399
FAC-06635,PROV-0800,"2320,48",Marketing,19/4/2025,SKU-2059
FAC-06645,PROV-0509,"5881,62",Marketing,22/12/2025,SKU-9017
FAC-06649,PROV-0660,"1034,26",Marketing,12/7/2025,SKU-8087
FAC-06653,PROV-0007,"8704,37",Marketing,1/9/2025,SKU-8509
FAC-06658,PROV-0333,"8751,58",Marketing,16/11/2025,SKU-8338
FAC-06667,PROV-0595,"13140,67",Marketing,24/11/2025,SKU-8352
FAC-06675,PROV-0546,"2345,74",Marketing,4/12/2025,SKU-7827
FAC-06681,PROV-0726,"2648,25",Marketing,5/2/2025,SKU-6003
FAC-06682,PROV-0701,"3954,71",Marketing,16/10/2025,SKU-1350
FAC-06683,PROV-0028,"2956,69",Marketing,22/9/2025,SKU-1851
FAC-06689,PROV-0321,"7085,16",Marketing,5/6/2025,SKU-8943
FAC-06695,PROV-0571,"3489,45",Marketing,3/11/2025,SKU-5047
FAC-06702,PROV-0037,"5106,57",Marketing,22/10/2025,SKU-5721
FAC-06707,PROV-0150,"1805,69",Marketing,17/9/2025,SKU-4300
FAC-06712,PROV-0103,"7362,46",Marketing,22/7/2025,SKU-8579
FAC-06716,PROV-0562,"14996,29",Marketing,21/10/2025,SKU-8652
FAC-06718,PROV-0752,"7159,17",Marketing,5/12/2025,SKU-9817
FAC-06720,PROV-0224,"6422,14",Marketing,1/8/2025,SKU-7919
FAC-06725,PROV-0556,"3151,7",Marketing,14/8/2025,SKU-2021
FAC-06736,PROV-0443,"1423,73",Marketing,19/10/2025,SKU-6663
FAC-06738,PROV-0851,"4754,81",Marketing,4/9/2025,SKU-1443
FAC-06758,PROV-0433,"14562,34",Marketing,15/12/2025,SKU-2998
FAC-06763,PROV-0871,"7406,16",Marketing,15/2/2025,SKU-5843
FAC-06764,PROV-0242,"10412,24",Marketing,31/5/2025,SKU-1788
FAC-06765,PROV-0837,"9102,99",Marketing,18/6/2025,SKU-3348
FAC-06768,PROV-0764,"8850,39",Marketing,9/3/2025,SKU-9671
FAC-06770,PROV-0350,"2322,87",Marketing,27/11/2025,SKU-7203
FAC-06771,PROV-0290,"1345,94",Marketing,13/2/2025,SKU-2229
FAC-06788,PROV-0969,"8279,35",Marketing,20/3/2025,SKU-1891
FAC-06789,PROV-0991,"4615,65",Marketing,19/6/2025,SKU-5441
FAC-06790,PROV-0817,"729,34",Marketing,29/9/2025,SKU-6376
FAC-06804,PROV-0492,"12335,71",Marketing,17/8/2025,SKU-5968
FAC-06806,PROV-0695,"2634,79",Marketing,23/10/2025,SKU-2770
FAC-06807,PROV-0815,"11833,21",Marketing,22/1/2025,SKU-2948
FAC-06844,PROV-0891,"7375,49",Marketing,5/9/2025,SKU-8815
FAC-06847,PROV-0084,"4245,95",Marketing,7/6/2025,SKU-9710
FAC-06849,PROV-0290,"8497,54",Marketing,21/12/2025,SKU-5276
FAC-06853,PROV-0951,"8863,25",Marketing,20/4/2025,SKU-7554
FAC-06854,PROV-0909,"10284,08",Marketing,12/5/2025,SKU-7251
FAC-06858,PROV-0023,"3001,6",Marketing,22/1/2025,SKU-8430
FAC-06863,PROV-0922,"6215,82",Marketing,21/10/2025,SKU-2202
FAC-06865,PROV-0364,"7095,24",Marketing,29/9/2025,SKU-5589
FAC-06868,PROV-0754,"12588,54",Marketing,13/1/2025,SKU-2878
FAC-06872,PROV-0231,"10491,2",Marketing,16/1/2025,SKU-2050
FAC-06882,PROV-0768,"12626,04",Marketing,30/10/2025,SKU-6934
FAC-06887,PROV-0082,"10415,53",Marketing,14/8/2025,SKU-2083
FAC-06899,PROV-0800,"13431,27",Marketing,28/12/2025,SKU-3914
FAC-06904,PROV-0800,"5268,73",Marketing,1/2/2025,SKU-7848
FAC-06916,PROV-0800,"1548,68",Marketing,1/10/2025,SKU-6310
FAC-06917,PROV-0800,"931,44",Marketing,6/3/2025,SKU-8934
FAC-06920,PROV-0800,"978,08",Marketing,4/5/2025,SKU-4427
FAC-06929,PROV-0800,"4686,29",Marketing,5/1/2025,SKU-9414
FAC-06944,PROV-0800,"3159,35",Marketing,8/11/2025,SKU-8774
FAC-06946,PROV-0800,"10350,31",Marketing,19/3/2025,SKU-4155
FAC-06951,PROV-0800,"5476,13",Marketing,31/3/2025,SKU-9319
FAC-06958,PROV-0800,"11834,7",Marketing,11/5/2025,SKU-3155
FAC-06976,PROV-0800,"7503,03",Marketing,9/2/2025,SKU-6281
FAC-06977,PROV-0905,"11668,96",Marketing,16/7/2025,SKU-1794
FAC-06978,PROV-0831,"13933,64",Marketing,2/7/2025,SKU-9020
FAC-06987,PROV-0417,"665,65",Marketing,11/2/2025,SKU-1631
FAC-07005,PROV-0656,"2831,36",Marketing,5/8/2025,SKU-8255
FAC-07006,PROV-0411,"11156,25",Marketing,16/12/2025,SKU-1096
FAC-07014,PROV-0989,"9773,58",Marketing,14/1/2025,SKU-6994
FAC-07019,PROV-0973,"6315,47",Marketing,3/8/2025,SKU-6548
FAC-07023,PROV-0733,"10396,14",Marketing,4/11/2025,SKU-3530
FAC-07034,PROV-0680,"8477,86",Marketing,12/12/2025,SKU-1190
FAC-07036,PROV-0842,"6844,87",Marketing,30/5/2025,SKU-9574
FAC-07037,PROV-0595,"13048,95",Marketing,18/12/2025,SKU-9114
FAC-07039,PROV-0485,"13048,76",Marketing,15/2/2025,SKU-4815
FAC-07041,PROV-0499,"10550,8",Marketing,15/8/2025,SKU-7176
FAC-07054,PROV-0652,"2267,53",Marketing,11/12/2025,SKU-8924
FAC-07063,PROV-0020,"970,69",Marketing,1/3/2025,SKU-2741
FAC-07065,PROV-0999,"2048,83",Marketing,14/7/2025,SKU-7793
FAC-07072,PROV-0258,"11004,89",Marketing,29/6/2025,SKU-2236
FAC-07073,PROV-0590,"2582,55",Marketing,24/11/2025,SKU-8732
FAC-07074,PROV-0584,"10427,17",Marketing,11/1/2025,SKU-4852
FAC-07078,PROV-0116,"8661,81",Marketing,17/5/2025,SKU-7664
FAC-07081,PROV-0256,"12407,97",Marketing,22/6/2025,SKU-6951
FAC-07083,PROV-0956,"3092,36",Marketing,11/9/2025,SKU-2988
FAC-07086,PROV-0251,"2852,9",Marketing,28/7/2025,SKU-5533
FAC-07090,PROV-0849,"2178,89",Marketing,28/3/2025,SKU-2156
FAC-07104,PROV-0711,"13609,15",Marketing,7/2/2025,SKU-4042
FAC-07106,PROV-0401,"2023,51",Marketing,9/12/2025,SKU-6644
FAC-07108,PROV-0356,"2707,41",Marketing,26/4/2025,SKU-6206
FAC-07111,PROV-0793,"8411,9",Marketing,18/3/2025,SKU-9498
FAC-07113,PROV-0322,"14494,46",Marketing,22/5/2025,SKU-8289
FAC-07114,PROV-0262,6169,Marketing,20/6/2025,SKU-8396
FAC-07133,PROV-0270,"12047,99",Marketing,29/6/2025,SKU-4649
FAC-07143,PROV-0586,"2079,24",Marketing,7/9/2025,SKU-7757
FAC-07148,PROV-0605,"11620,72",Marketing,17/11/2025,SKU-8626
FAC-07150,PROV-0896,"14783,66",Marketing,21/7/2025,SKU-5776
FAC-07152,PROV-0856,"10095,14",Marketing,21/7/2025,SKU-8034
FAC-07161,PROV-0468,"8958,58",Marketing,24/8/2025,SKU-7848
FAC-07163,PROV-0112,"12640,06",Marketing,25/2/2025,SKU-4737
FAC-07169,PROV-0512,"3663,96",Marketing,21/11/2025,SKU-2230
FAC-07180,PROV-0034,"10633,62",Marketing,12/8/2025,SKU-9541
FAC-07186,PROV-0046,"8547,28",Marketing,23/3/2025,SKU-8192
FAC-07197,PROV-0949,"4985,59",Marketing,7/1/2025,SKU-7139
FAC-07208,PROV-0460,"13114,05",Marketing,1/8/2025,SKU-6281
FAC-07212,PROV-0301,"7782,01",Marketing,22/2/2025,SKU-6880
FAC-07219,PROV-0321,"13468,38",Marketing,11/1/2025,SKU-5666
FAC-07220,PROV-0906,"6619,81",Marketing,14/5/2025,SKU-2196
FAC-07229,PROV-0600,"13682,2",Marketing,14/1/2025,SKU-9387
FAC-07239,PROV-0066,"11506,68",Marketing,14/4/2025,SKU-8622
FAC-07242,PROV-0800,"3725,28",Marketing,4/5/2025,SKU-6433
FAC-07243,PROV-0800,"7859,67",Marketing,20/4/2025,SKU-7961
FAC-07244,PROV-0800,"9255,76",Marketing,10/12/2025,SKU-8041
FAC-07246,PROV-0800,"6661,49",Marketing,6/1/2025,SKU-9037
FAC-07251,PROV-0800,"11661,79",Marketing,5/5/2025,SKU-4935
FAC-07257,PROV-0248,"12083,17",Marketing,26/8/2025,SKU-1458
FAC-07263,PROV-0029,"1162,25",Marketing,12/1/2025,SKU-1923
FAC-07267,PROV-0428,"6458,25",Marketing,4/4/2025,SKU-2918
FAC-07272,PROV-0872,"7956,19",Marketing,22/8/2025,SKU-8784
FAC-07276,PROV-0138,"14578,71",Marketing,28/6/2025,SKU-3303
FAC-07277,PROV-0777,"1713,76",Marketing,5/7/2025,SKU-7074
FAC-07279,PROV-0796,"2762,74",Marketing,8/8/2025,SKU-2470
FAC-07280,PROV-0417,"680,66",Marketing,17/7/2025,SKU-4658
FAC-07285,PROV-0353,"13407,21",Marketing,10/9/2025,SKU-2804
FAC-07290,PROV-0739,"10950,76",Marketing,8/1/2025,SKU-7560
FAC-07291,PROV-0396,"14834,02",Marketing,18/2/2025,SKU-8129
FAC-07297,PROV-0324,"12886,05",Marketing,24/11/2025,SKU-5248
FAC-07300,PROV-0512,"11558,73",Marketing,30/11/2025,SKU-2112
FAC-07303,PROV-0199,"13925,04",Marketing,28/2/2025,SKU-5829
FAC-07305,PROV-0431,"10493,85",Marketing,21/9/2025,SKU-6790
FAC-07306,PROV-0650,"7338,16",Marketing,3/5/2025,SKU-2147
FAC-07318,PROV-0164,"8576,26",Marketing,2/12/2025,SKU-5279
FAC-07320,PROV-0623,"8023,54",Marketing,5/3/2025,SKU-6015
FAC-07328,PROV-0215,"9209,29",Marketing,6/11/2025,SKU-5585
FAC-07337,PROV-0169,"6095,69",Marketing,9/9/2025,SKU-5174
FAC-07352,PROV-0204,"11621,34",Marketing,3/12/2025,SKU-2698
FAC-07359,PROV-0269,"14876,02",Marketing,19/2/2025,SKU-2822
FAC-07361,PROV-0259,"6639,78",Marketing,6/11/2025,SKU-3903
FAC-07368,PROV-0374,"11933,7",Marketing,17/7/2025,SKU-7553
FAC-07370,PROV-0288,"1120,21",Marketing,17/12/2025,SKU-6856
FAC-07371,PROV-0562,"4300,06",Marketing,31/7/2025,SKU-6956
FAC-07381,PROV-0106,"10567,25",Marketing,3/10/2025,SKU-6577
FAC-07384,PROV-0213,"6210,3",Marketing,26/1/2025,SKU-1828
FAC-07385,PROV-0749,"7534,52",Marketing,3/1/2025,SKU-7681
FAC-07392,PROV-0889,"8356,34",Marketing,4/6/2025,SKU-5983
FAC-07398,PROV-0509,"13859,84",Marketing,11/1/2025,SKU-5317
FAC-07412,PROV-0376,"2324,92",Marketing,3/8/2025,SKU-4774
FAC-07417,PROV-0800,"8720,26",Marketing,6/11/2025,SKU-6043
FAC-07423,PROV-0800,"3946,04",Marketing,10/12/2025,SKU-5369
FAC-07427,PROV-0800,"557,66",Marketing,22/5/2025,SKU-4643
FAC-07432,PROV-0800,"9341,6",Marketing,6/3/2025,SKU-8671
FAC-07435,PROV-0578,"1329,9",Marketing,20/10/2025,SKU-6678
FAC-07444,PROV-0354,"12259,14",Marketing,25/12/2025,SKU-1243
FAC-07448,PROV-0622,"9591,52",Marketing,21/10/2025,SKU-9543
FAC-07457,PROV-0108,"11024,71",Marketing,23/12/2025,SKU-6574
FAC-07458,PROV-0038,"13981,8",Marketing,23/4/2025,SKU-2829
FAC-07462,PROV-0150,"5405,5",Marketing,12/7/2025,SKU-7584
FAC-07464,PROV-0361,"14170,7",Marketing,22/4/2025,SKU-9544
FAC-07465,PROV-0258,"7657,77",Marketing,22/4/2025,SKU-9319
FAC-07475,PROV-0495,"9856,28",Marketing,2/11/2025,SKU-4131
FAC-07479,PROV-0992,"11067,73",Marketing,6/9/2025,SKU-1055
FAC-07485,PROV-0856,"10240,77",Marketing,21/2/2025,SKU-5087
FAC-07486,PROV-0236,"2344,2",Marketing,26/10/2025,SKU-9103
FAC-07501,PROV-0084,"1975,48",Marketing,30/4/2025,SKU-2941
FAC-07518,PROV-0502,2206,Marketing,31/7/2025,SKU-6805
FAC-07522,PROV-0254,"2192,64",Marketing,23/4/2025,SKU-8290
FAC-07527,PROV-0312,"11455,77",Marketing,15/8/2025,SKU-9488
FAC-07533,PROV-0583,"5091,89",Marketing,18/7/2025,SKU-7754
FAC-07534,PROV-0582,"2500,57",Marketing,20/12/2025,SKU-7431
FAC-07543,PROV-0289,"10875,56",Marketing,16/12/2025,SKU-3535
FAC-07571,PROV-0180,"5557,88",Marketing,17/8/2025,SKU-5675
FAC-07579,PROV-0383,"12469,56",Marketing,19/7/2025,SKU-2281
FAC-07584,PROV-0204,"7991,62",Marketing,8/11/2025,SKU-6914
FAC-07591,PROV-0121,"12149,57",Marketing,5/11/2025,SKU-2816
FAC-07596,PROV-0992,"6549,44",Marketing,2/1/2025,SKU-7976
FAC-07598,PROV-0622,"12749,18",Marketing,7/7/2025,SKU-4814
FAC-07602,PROV-0441,"10245,27",Marketing,13/8/2025,SKU-4910
FAC-07609,PROV-0454,"301,93",Marketing,11/5/2025,SKU-4237
FAC-07613,PROV-0974,"5228,55",Marketing,24/8/2025,SKU-5908
FAC-07614,PROV-0100,"11098,61",Marketing,4/7/2025,SKU-1582
FAC-07616,PROV-0660,"13280,28",Marketing,25/7/2025,SKU-6184
FAC-07621,PROV-0800,"8701,8",Marketing,7/4/2025,SKU-9567
FAC-07627,PROV-0800,"5553,99",Marketing,16/9/2025,SKU-8570
FAC-07634,PROV-0800,"4635,52",Marketing,27/10/2025,SKU-9583
FAC-07635,PROV-0800,"4644,66",Marketing,17/10/2025,SKU-2808
FAC-07655,PROV-0800,"11825,23",Marketing,5/6/2025,SKU-9473
FAC-07666,PROV-0800,"6162,46",Marketing,24/3/2025,SKU-2918
FAC-07667,PROV-0800,"5702,1",Marketing,10/10/2025,SKU-5396
FAC-07693,PROV-0800,"7122,54",Marketing,21/2/2025,SKU-6479
FAC-07700,PROV-0800,"408,52",Marketing,27/3/2025,SKU-1411
FAC-07703,PROV-0800,"5984,05",Marketing,22/2/2025,SKU-6338
FAC-07704,PROV-0800,"13905,73",Marketing,15/6/2025,SKU-6114
FAC-07712,PROV-0800,"13000,5",Marketing,3/1/2025,SKU-1592
FAC-07717,PROV-0800,13218,Marketing,24/7/2025,SKU-3079
FAC-07721,PROV-0800,"2895,55",Marketing,8/7/2025,SKU-9421
FAC-07722,PROV-0800,"10473,79",Marketing,27/3/2025,SKU-5705
FAC-07725,PROV-0800,"14355,78",Marketing,26/9/2025,SKU-1459
FAC-07729,PROV-0069,"10819,35",Marketing,3/10/2025,SKU-6417
FAC-07738,PROV-0019,"14302,14",Marketing,5/10/2025,SKU-6287
FAC-07745,PROV-0107,"3722,95",Marketing,24/7/2025,SKU-6774
FAC-07747,PROV-0351,"8827,87",Marketing,2/10/2025,SKU-6647
FAC-07748,PROV-0394,"12932,17",Marketing,14/12/2025,SKU-2963
FAC-07750,PROV-0073,"5001,49",Marketing,16/9/2025,SKU-8104
FAC-07776,PROV-0167,"10858,71",Marketing,27/7/2025,SKU-9006
FAC-07783,PROV-0129,"8743,84",Marketing,3/12/2025,SKU-3927
FAC-07788,PROV-0758,"14488,92",Marketing,6/8/2025,SKU-8616
FAC-07793,PROV-0071,"14816,96",Marketing,31/8/2025,SKU-8535
FAC-07796,PROV-0153,"4715,1",Marketing,3/12/2025,SKU-6788
FAC-07804,PROV-0915,"10559,13",Marketing,3/2/2025,SKU-9798
FAC-07827,PROV-0744,"5667,8",Marketing,22/5/2025,SKU-5966
FAC-07828,PROV-0769,"888,79",Marketing,1/3/2025,SKU-3896
FAC-07830,PROV-0575,"10276,8",Marketing,28/8/2025,SKU-6225
FAC-07840,PROV-0873,"9910,21",Marketing,10/2/2025,SKU-1687
FAC-07845,PROV-0019,"7677,01",Marketing,25/12/2025,SKU-2720
FAC-07852,PROV-0682,"12292,14",Marketing,15/2/2025,SKU-1576
FAC-07853,PROV-0223,"5052,4",Marketing,31/12/2025,SKU-3464
FAC-07858,PROV-0461,"3273,76",Marketing,7/9/2025,SKU-2877
FAC-07859,PROV-0796,"12128,88",Marketing,14/3/2025,SKU-7709
FAC-07863,PROV-0483,"4737,47",Marketing,26/9/2025,SKU-7823
FAC-07864,PROV-0882,"6442,33",Marketing,9/2/2025,SKU-7608
FAC-07867,PROV-0254,"14403,44",Marketing,17/11/2025,SKU-3828
FAC-07886,PROV-0267,"4325,4",Marketing,13/12/2025,SKU-7561
FAC-07887,PROV-0666,"5817,3",Marketing,4/7/2025,SKU-5718
FAC-07888,PROV-0069,"1499,87",Marketing,21/5/2025,SKU-3412
FAC-07890,PROV-0413,"10824,88",Marketing,7/4/2025,SKU-8559
FAC-07892,PROV-0880,"1909,52",Marketing,14/10/2025,SKU-2457
FAC-07897,PROV-0619,"9946,87",Marketing,27/5/2025,SKU-8908
FAC-07901,PROV-0823,"916,78",Marketing,23/12/2025,SKU-9297
FAC-07903,PROV-0135,"7230,74",Marketing,22/12/2025,SKU-6988
FAC-07904,PROV-0305,"13144,76",Marketing,18/2/2025,SKU-9802
FAC-07911,PROV-0502,"6817,08",Marketing,27/9/2025,SKU-1932
FAC-07916,PROV-0670,"4387,36",Marketing,26/4/2025,SKU-4429
FAC-07925,PROV-0167,"12514,33",Marketing,14/4/2025,SKU-6530
FAC-07975,PROV-0800,"3299,96",Marketing,17/11/2025,SKU-1857
FAC-07976,PROV-0800,"12013,62",Marketing,17/8/2025,SKU-4141
FAC-07978,PROV-0800,"11690,89",Marketing,2/6/2025,SKU-1355
FAC-07983,PROV-0800,"10194,51",Marketing,14/7/2025,SKU-2822
FAC-07989,PROV-0800,"10025,84",Marketing,22/1/2025,SKU-6690
FAC-07994,PROV-0800,"3228,26",Marketing,16/11/2025,SKU-9311
FAC-07995,PROV-0800,"12161,01",Marketing,16/1/2025,SKU-3054
FAC-07996,PROV-0800,"2735,37",Marketing,30/12/2025,SKU-6491
FAC-08030,PROV-0800,"12479,15",Marketing,1/3/2025,SKU-9121
FAC-08032,PROV-0800,"9446,33",Marketing,6/5/2025,SKU-6456
FAC-08041,PROV-0379,"4358,78",Marketing,13/8/2025,SKU-4519
FAC-08050,PROV-0030,"4401,14",Marketing,21/6/2025,SKU-1432
FAC-08057,PROV-0458,"13999,75",Marketing,3/3/2025,SKU-7426
FAC-08071,PROV-0516,"14646,8",Marketing,27/9/2025,SKU-7060
FAC-08073,PROV-0269,11640,Marketing,4/12/2025,SKU-1779
FAC-08078,PROV-0388,"8212,07",Marketing,21/1/2025,SKU-5242
FAC-08087,PROV-0870,"9604,56",Marketing,9/11/2025,SKU-5939
FAC-08095,PROV-0792,"9850,33",Marketing,5/1/2025,SKU-3040
FAC-08106,PROV-0707,"11177,84",Marketing,5/12/2025,SKU-4684
FAC-08108,PROV-0372,"2488,1",Marketing,11/4/2025,SKU-5748
FAC-08116,PROV-0573,"13539,83",Marketing,25/1/2025,SKU-4216
FAC-08131,PROV-0708,"11792,97",Marketing,3/1/2025,SKU-2316
FAC-08134,PROV-0137,"13652,94",Marketing,20/5/2025,SKU-1348
FAC-08145,PROV-0646,"14266,22",Marketing,4/7/2025,SKU-8952
FAC-08174,PROV-0651,"3188,88",Marketing,9/11/2025,SKU-8177
FAC-08175,PROV-0786,"9234,09",Marketing,4/12/2025,SKU-2115
FAC-08180,PROV-0083,"6810,29",Marketing,9/12/2025,SKU-5146
FAC-08209,PROV-0599,"7804,18",Marketing,10/10/2025,SKU-4115
FAC-08212,PROV-0119,"10642,67",Marketing,6/8/2025,SKU-3123
FAC-08217,PROV-0336,"11899,6",Marketing,12/11/2025,SKU-3163
FAC-08225,PROV-0859,"14156,71",Marketing,7/12/2025,SKU-5579
FAC-08227,PROV-0981,"1779,53",Marketing,4/5/2025,SKU-1841
FAC-08229,PROV-0801,"5602,84",Marketing,28/10/2025,SKU-3767
FAC-08236,PROV-0238,"8110,47",Marketing,17/8/2025,SKU-1365
FAC-08238,PROV-0583,"8090,18",Marketing,8/4/2025,SKU-4563
FAC-08244,PROV-0553,"9911,45",Marketing,16/7/2025,SKU-6871
FAC-08251,PROV-0518,"3710,97",Marketing,5/7/2025,SKU-9654
FAC-08261,PROV-0007,"9437,79",Marketing,23/12/2025,SKU-1140
FAC-08265,PROV-0233,"12085,33",Marketing,29/4/2025,SKU-5015
FAC-08268,PROV-0022,"3947,96",Marketing,8/3/2025,SKU-5319
FAC-08275,PROV-0567,"9936,22",Marketing,25/10/2025,SKU-7659
FAC-08276,PROV-0130,"1111,74",Marketing,6/4/2025,SKU-5452
FAC-08286,PROV-0553,"7079,06",Marketing,23/3/2025,SKU-4997
FAC-08288,PROV-0050,"11174,01",Marketing,27/6/2025,SKU-4132
FAC-08291,PROV-0991,"5451,84",Marketing,1/10/2025,SKU-3033
FAC-08292,PROV-0860,4908,Marketing,25/2/2025,SKU-2933
FAC-08293,PROV-0353,"7010,12",Marketing,31/8/2025,SKU-6283
FAC-08295,PROV-0871,"8911,12",Marketing,14/3/2025,SKU-5228
FAC-08299,PROV-0035,"4355,94",Marketing,5/1/2025,SKU-2281
FAC-08309,PROV-0254,"12899,74",Marketing,5/3/2025,SKU-7596
FAC-08323,PROV-0885,"12768,95",Marketing,15/11/2025,SKU-8865
FAC-08334,PROV-0302,"5575,18",Marketing,27/9/2025,SKU-4430
FAC-08335,PROV-0719,"1576,01",Marketing,19/8/2025,SKU-2364
FAC-08338,PROV-0638,"11508,59",Marketing,23/7/2025,SKU-7150
FAC-08342,PROV-0238,"5930,7",Marketing,12/1/2025,SKU-1908
FAC-08343,PROV-0067,"8552,82",Marketing,24/9/2025,SKU-2647
FAC-08347,PROV-0052,"5791,27",Marketing,10/6/2025,SKU-2510
FAC-08351,PROV-0105,"1498,13",Marketing,22/4/2025,SKU-4946
FAC-08355,PROV-0914,"10387,66",Marketing,26/6/2025,SKU-1793
FAC-08361,PROV-0657,"11155,58",Marketing,1/6/2025,SKU-5878
FAC-08362,PROV-0025,"9668,48",Marketing,2/3/2025,SKU-5605
FAC-08377,PROV-0552,"10881,81",Marketing,2/11/2025,SKU-3521
FAC-08379,PROV-0479,"6184,08",Marketing,29/9/2025,SKU-8356
FAC-08384,PROV-0737,"6295,55",Marketing,9/8/2025,SKU-1268
FAC-08386,PROV-0564,"7442,35",Marketing,1/10/2025,SKU-8110
FAC-08387,PROV-0617,"12725,41",Marketing,31/5/2025,SKU-2614
FAC-08388,PROV-0112,"11231,25",Marketing,25/8/2025,SKU-8860
FAC-08398,PROV-0717,"14509,31",Marketing,3/4/2025,SKU-3882
FAC-08407,PROV-0929,"10227,16",Marketing,5/2/2025,SKU-5915
FAC-08416,PROV-0303,"11733,06",Marketing,13/3/2025,SKU-6296
FAC-08424,PROV-0115,"2010,38",Marketing,25/9/2025,SKU-9634
FAC-08426,PROV-0134,"2545,49",Marketing,14/2/2025,SKU-8463
FAC-08434,PROV-0364,"7039,17",Marketing,30/1/2025,SKU-6002
FAC-08439,PROV-0582,"2140,96",Marketing,31/12/2025,SKU-2910
FAC-08460,PROV-0656,"12267,97",Marketing,5/6/2025,SKU-1422
FAC-08468,PROV-0113,"2383,33",Marketing,17/2/2025,SKU-4970
FAC-08483,PROV-0936,"14929,85",Marketing,4/9/2025,SKU-2428
FAC-08484,PROV-0292,"12150,6",Marketing,28/4/2025,SKU-9597
FAC-08488,PROV-0642,"3228,82",Marketing,19/5/2025,SKU-6905
FAC-08489,PROV-0303,"4069,07",Marketing,23/6/2025,SKU-9117
FAC-08492,PROV-0800,"482,28",Marketing,11/3/2025,SKU-9411
FAC-08494,PROV-0800,"551,92",Marketing,22/12/2025,SKU-2573
FAC-08501,PROV-0800,"13625,5",Marketing,19/10/2025,SKU-4292
FAC-08505,PROV-0800,"8230,32",Marketing,24/12/2025,SKU-1720
FAC-08508,PROV-0800,"7789,11",Marketing,12/8/2025,SKU-7852
FAC-08520,PROV-0800,"3317,97",Marketing,24/7/2025,SKU-2462
FAC-08532,PROV-0800,"4516,66",Marketing,25/9/2025,SKU-4379
FAC-08542,PROV-0800,"11552,79",Marketing,16/10/2025,SKU-9443
FAC-08543,PROV-0800,"14628,74",Marketing,20/2/2025,SKU-8880
FAC-08544,PROV-0451,"11373,51",Marketing,8/2/2025,SKU-6603
FAC-08550,PROV-0416,"10569,1",Marketing,21/1/2025,SKU-1453
FAC-08557,PROV-0566,"11739,59",Marketing,19/11/2025,SKU-5787
FAC-08558,PROV-0645,"9943,71",Marketing,14/4/2025,SKU-3958
FAC-08564,PROV-0999,"7770,34",Marketing,26/4/2025,SKU-2582
FAC-08571,PROV-0266,"4690,97",Marketing,2/3/2025,SKU-7426
FAC-08596,PROV-0109,"6871,15",Marketing,13/5/2025,SKU-3878
FAC-08602,PROV-0516,"9879,89",Marketing,7/6/2025,SKU-7602
FAC-08608,PROV-0054,"9885,42",Marketing,16/12/2025,SKU-5807
FAC-08622,PROV-0522,"411,05",Marketing,8/8/2025,SKU-4236
FAC-08633,PROV-0986,"3811,76",Marketing,7/3/2025,SKU-7604
FAC-08634,PROV-0831,"11461,58",Marketing,3/4/2025,SKU-9176
FAC-08637,PROV-0284,"6744,82",Marketing,12/6/2025,SKU-3878
FAC-08641,PROV-0746,"4969,25",Marketing,17/2/2025,SKU-3266
FAC-08650,PROV-0184,"3135,83",Marketing,1/6/2025,SKU-4113
FAC-08662,PROV-0653,"5254,93",Marketing,1/4/2025,SKU-2330
FAC-08665,PROV-0492,"5832,86",Marketing,3/10/2025,SKU-3565
FAC-08676,PROV-0667,"6050,14",Marketing,2/5/2025,SKU-5563
FAC-08677,PROV-0984,"14986,88",Marketing,23/11/2025,SKU-5777
FAC-08678,PROV-0334,"4554,42",Marketing,11/7/2025,SKU-9123
FAC-08694,PROV-0215,"6782,36",Marketing,16/5/2025,SKU-1161
FAC-08695,PROV-0442,"10218,5",Marketing,28/10/2025,SKU-8020
FAC-08700,PROV-0800,"10075,11",Marketing,8/2/2025,SKU-1998
FAC-08702,PROV-0800,"2375,68",Marketing,30/7/2025,SKU-1216
FAC-08705,PROV-0800,"9310,25",Marketing,17/11/2025,SKU-8281
FAC-08707,PROV-0800,"11400,61",Marketing,21/3/2025,SKU-6141
FAC-08721,PROV-0800,"7182,86",Marketing,16/5/2025,SKU-8964
FAC-08725,PROV-0800,"11238,73",Marketing,5/7/2025,SKU-7042
FAC-08726,PROV-0800,"14980,36",Marketing,26/12/2025,SKU-6221
FAC-08728,PROV-0800,"2443,58",Marketing,5/12/2025,SKU-9236
FAC-08730,PROV-0800,"4985,74",Marketing,24/2/2025,SKU-9406
FAC-08742,PROV-0633,"9005,36",Marketing,11/3/2025,SKU-3130
FAC-08751,PROV-0810,"8937,42",Marketing,17/10/2025,SKU-5393
FAC-08756,PROV-0366,"412,68",Marketing,13/10/2025,SKU-8368
FAC-08761,PROV-0197,"7272,38",Marketing,16/6/2025,SKU-1168
FAC-08762,PROV-0862,"12001,12",Marketing,30/7/2025,SKU-7531
FAC-08781,PROV-0063,"5290,66",Marketing,13/8/2025,SKU-1420
FAC-08795,PROV-0278,"11585,17",Marketing,2/2/2025,SKU-8176
FAC-08804,PROV-0590,"8742,43",Marketing,26/2/2025,SKU-2282
FAC-08824,PROV-0577,"4001,76",Marketing,6/12/2025,SKU-6089
FAC-08827,PROV-0190,"6822,19",Marketing,13/12/2025,SKU-1085
FAC-08833,PROV-0895,"13141,64",Marketing,4/2/2025,SKU-7240
FAC-08834,PROV-0318,"8039,47",Marketing,15/9/2025,SKU-9445
FAC-08837,PROV-0472,"10189,93",Marketing,29/9/2025,SKU-3677
FAC-08847,PROV-0259,"3139,67",Marketing,16/1/2025,SKU-8746
FAC-08853,PROV-0933,"3232,18",Marketing,27/2/2025,SKU-5109
FAC-08854,PROV-0709,"12232,2",Marketing,28/4/2025,SKU-8878
FAC-08856,PROV-0465,"3614,25",Marketing,4/9/2025,SKU-7041
FAC-08858,PROV-0174,"13802,6",Marketing,29/9/2025,SKU-3352
FAC-08862,PROV-0854,"8109,96",Marketing,25/9/2025,SKU-5004
FAC-08864,PROV-0740,"2757,19",Marketing,29/12/2025,SKU-8320
FAC-08876,PROV-0245,"12844,86",Marketing,2/1/2025,SKU-1001
FAC-08879,PROV-0594,"12746,23",Marketing,13/1/2025,SKU-3398
FAC-08887,PROV-0983,"13145,55",Marketing,1/6/2025,SKU-4576
FAC-08889,PROV-0810,"5379,1",Marketing,9/7/2025,SKU-5867
FAC-08896,PROV-0129,"1364,46",Marketing,1/8/2025,SKU-5727
FAC-08903,PROV-0207,"13943,37",Marketing,16/2/2025,SKU-1813
FAC-08907,PROV-0534,"10083,54",Marketing,15/6/2025,SKU-4757
FAC-08908,PROV-0366,"6418,3",Marketing,15/8/2025,SKU-1161
FAC-08909,PROV-0918,"13429,13",Marketing,1/9/2025,SKU-6930
FAC-08911,PROV-0895,"1512,01",Marketing,8/2/2025,SKU-9751
FAC-08912,PROV-0999,"1284,78",Marketing,6/2/2025,SKU-2670
FAC-08928,PROV-0164,"11175,27",Marketing,24/6/2025,SKU-5028
FAC-08930,PROV-0786,"13566,92",Marketing,9/9/2025,SKU-8818
FAC-08934,PROV-0648,"11412,82",Marketing,13/6/2025,SKU-2821
FAC-08952,PROV-0078,"10280,03",Marketing,24/10/2025,SKU-5240
FAC-08960,PROV-0633,"13678,89",Marketing,19/5/2025,SKU-8387
FAC-08978,PROV-0016,"6522,33",Marketing,27/11/2025,SKU-6541
FAC-08980,PROV-0532,"2460,92",Marketing,3/1/2025,SKU-7398
FAC-08989,PROV-0920,"6113,71",Marketing,4/12/2025,SKU-4373
FAC-08995,PROV-0563,"1506,51",Marketing,5/11/2025,SKU-5773
FAC-08997,PROV-0075,"1101,52",Marketing,18/3/2025,SKU-3599
FAC-09000,PROV-0006,"6953,16",Marketing,2/4/2025,SKU-3248
FAC-09001,PROV-0800,"13907,73",Marketing,25/5/2025,SKU-8590
FAC-09016,PROV-0800,"6621,13",Marketing,8/8/2025,SKU-1504
FAC-09017,PROV-0800,"6419,56",Marketing,16/10/2025,SKU-7619
FAC-09019,PROV-0800,"11620,9",Marketing,11/7/2025,SKU-7684
FAC-09029,PROV-0800,"5334,96",Marketing,25/6/2025,SKU-9200
FAC-09040,PROV-0800,"3072,14",Marketing,13/10/2025,SKU-9442
FAC-09042,PROV-0800,"10383,35",Marketing,11/4/2025,SKU-5924
FAC-09049,PROV-0800,"10481,76",Marketing,10/12/2025,SKU-3092
FAC-09051,PROV-0800,"12354,51",Marketing,29/10/2025,SKU-1502
FAC-09052,PROV-0800,"10784,23",Marketing,7/3/2025,SKU-3252
FAC-09073,PROV-0800,"5344,6",Marketing,29/4/2025,SKU-1977
FAC-09083,PROV-0800,"7304,48",Marketing,14/11/2025,SKU-1326
FAC-09091,PROV-0800,"4953,18",Marketing,9/1/2025,SKU-6612
FAC-09094,PROV-0800,"7793,91",Marketing,11/6/2025,SKU-8319
FAC-09104,PROV-0800,"1105,69",Marketing,10/7/2025,SKU-6165
FAC-09109,PROV-0881,"11104,69",Marketing,17/8/2025,SKU-3406
FAC-09111,PROV-0508,"10318,27",Marketing,21/3/2025,SKU-4099
FAC-09116,PROV-0515,"13596,86",Marketing,27/2/2025,SKU-5240
FAC-09117,PROV-0786,"633,74",Marketing,14/4/2025,SKU-4312
FAC-09119,PROV-0801,"4795,52",Marketing,12/11/2025,SKU-7360
FAC-09124,PROV-0824,"5038,93",Marketing,23/6/2025,SKU-2675
FAC-09125,PROV-0439,"242,66",Marketing,9/2/2025,SKU-9761
FAC-09126,PROV-0724,"3882,03",Marketing,13/9/2025,SKU-4076
FAC-09130,PROV-0962,"9175,83",Marketing,27/2/2025,SKU-4569
FAC-09135,PROV-0511,"1379,66",Marketing,24/12/2025,SKU-8510
FAC-09145,PROV-0436,"10602,11",Marketing,23/5/2025,SKU-8806
FAC-09152,PROV-0075,"13191,95",Marketing,2/7/2025,SKU-2997
FAC-09173,PROV-0177,"7278,94",Marketing,26/10/2025,SKU-6355
FAC-09177,PROV-0998,"8602,58",Marketing,16/4/2025,SKU-7260
FAC-09200,PROV-0476,"2743,42",Marketing,9/1/2025,SKU-8004
FAC-09205,PROV-0273,"950,93",Marketing,10/1/2025,SKU-2124
FAC-09208,PROV-0636,"12448,09",Marketing,15/2/2025,SKU-7475
FAC-09211,PROV-0577,"8002,42",Marketing,21/4/2025,SKU-3866
FAC-09219,PROV-0839,"10280,52",Marketing,15/9/2025,SKU-6395
FAC-09222,PROV-0534,"6748,86",Marketing,11/12/2025,SKU-6857
FAC-09223,PROV-0364,"10357,12",Marketing,15/5/2025,SKU-9098
FAC-09229,PROV-0201,"5289,23",Marketing,10/5/2025,SKU-6604
FAC-09235,PROV-0739,"2256,7",Marketing,6/2/2025,SKU-8366
FAC-09237,PROV-0263,"1333,32",Marketing,1/9/2025,SKU-6958
FAC-09241,PROV-0363,"5164,09",Marketing,29/12/2025,SKU-4941
FAC-09244,PROV-0548,"10345,6",Marketing,13/6/2025,SKU-8373
FAC-09246,PROV-0317,"14587,03",Marketing,1/10/2025,SKU-2498
FAC-09249,PROV-0013,"13011,22",Marketing,28/4/2025,SKU-4896
FAC-09251,PROV-0800,"10341,44",Marketing,19/2/2025,SKU-7336
FAC-09261,PROV-0800,"3307,91",Marketing,31/7/2025,SKU-5393
FAC-09264,PROV-0800,"8386,12",Marketing,13/6/2025,SKU-8861
FAC-09267,PROV-0800,"14880,71",Marketing,23/1/2025,SKU-9966
FAC-09268,PROV-0800,"5723,94",Marketing,29/6/2025,SKU-8861
FAC-09281,PROV-0800,"9144,84",Marketing,27/1/2025,SKU-7482
FAC-09283,PROV-0800,"5513,08",Marketing,25/8/2025,SKU-7631
FAC-09285,PROV-0800,"10429,13",Marketing,26/3/2025,SKU-1112
FAC-09292,PROV-0800,"4089,5",Marketing,18/6/2025,SKU-6512
FAC-09293,PROV-0800,"10509,26",Marketing,8/12/2025,SKU-8294
FAC-09310,PROV-0800,"1325,72",Marketing,20/5/2025,SKU-1422
FAC-09315,PROV-0800,"1667,3",Marketing,3/6/2025,SKU-5861
FAC-09317,PROV-0800,"14886,43",Marketing,30/4/2025,SKU-1498
FAC-09319,PROV-0800,"10587,63",Marketing,22/9/2025,SKU-2162
FAC-09328,PROV-0800,"13005,93",Marketing,15/8/2025,SKU-3984
FAC-09334,PROV-0800,"7620,36",Marketing,12/8/2025,SKU-3397
FAC-09347,PROV-0698,"7799,69",Marketing,20/3/2025,SKU-3821
FAC-09365,PROV-0889,"2886,92",Marketing,6/1/2025,SKU-8129
FAC-09374,PROV-0165,"8356,09",Marketing,23/11/2025,SKU-5328
FAC-09381,PROV-0218,"9470,5",Marketing,3/12/2025,SKU-7089
FAC-09384,PROV-0929,"7489,75",Marketing,7/11/2025,SKU-9096
FAC-09406,PROV-0219,"2785,83",Marketing,25/7/2025,SKU-2509
FAC-09408,PROV-0238,"6162,35",Marketing,7/9/2025,SKU-7577
FAC-09413,PROV-0903,"11158,64",Marketing,25/9/2025,SKU-8988
FAC-09416,PROV-0484,"4226,11",Marketing,14/2/2025,SKU-4030
FAC-09429,PROV-0594,"6234,96",Marketing,5/10/2025,SKU-1647
FAC-09439,PROV-0790,"4040,86",Marketing,1/9/2025,SKU-6397
FAC-09443,PROV-0718,"5459,67",Marketing,14/7/2025,SKU-9879
FAC-09452,PROV-0277,"12978,05",Marketing,30/11/2025,SKU-7033
FAC-09471,PROV-0743,"3338,41",Marketing,21/2/2025,SKU-5230
FAC-09477,PROV-0722,"11674,16",Marketing,24/3/2025,SKU-2167
FAC-09478,PROV-0805,"3224,32",Marketing,14/5/2025,SKU-4360
FAC-09479,PROV-0906,"14026,62",Marketing,31/8/2025,SKU-4725
FAC-09481,PROV-0317,"5618,64",Marketing,22/3/2025,SKU-5243
FAC-09485,PROV-0401,"2199,62",Marketing,25/9/2025,SKU-8061
FAC-09499,PROV-0478,"7530,44",Marketing,24/5/2025,SKU-8697
FAC-09500,PROV-0606,"10782,45",Marketing,16/2/2025,SKU-5845
FAC-09506,PROV-0696,"5755,94",Marketing,9/8/2025,SKU-9498
FAC-09508,PROV-0925,"8949,76",Marketing,13/7/2025,SKU-9733
FAC-09510,PROV-0842,"11026,35",Marketing,23/1/2025,SKU-6506
FAC-09526,PROV-0334,"958,33",Marketing,19/8/2025,SKU-7052
FAC-09529,PROV-0492,"11696,24",Marketing,26/12/2025,SKU-9695
FAC-09535,PROV-0840,"10828,51",Marketing,27/9/2025,SKU-1849
FAC-09537,PROV-0632,"6524,51",Marketing,19/8/2025,SKU-4573
FAC-09542,PROV-0713,"4747,96",Marketing,22/12/2025,SKU-3757
FAC-09546,PROV-0178,"8513,98",Marketing,29/3/2025,SKU-9273
FAC-09552,PROV-0272,"10129,85",Marketing,26/3/2025,SKU-9254
FAC-09554,PROV-0345,"8353,63",Marketing,16/7/2025,SKU-7738
FAC-09555,PROV-0605,"6265,76",Marketing,5/4/2025,SKU-5426
FAC-09561,PROV-0184,"4982,72",Marketing,5/12/2025,SKU-9328
FAC-09575,PROV-0185,"14537,9",Marketing,18/8/2025,SKU-2322
FAC-09586,PROV-0358,"14170,05",Marketing,6/1/2025,SKU-2881
FAC-09587,PROV-0627,"14724,71",Marketing,1/12/2025,SKU-5482
FAC-09591,PROV-0964,"12452,88",Marketing,25/1/2025,SKU-2272
FAC-09598,PROV-0636,"11888,82",Marketing,4/6/2025,SKU-4140
FAC-09602,PROV-0946,"7124,24",Marketing,16/10/2025,SKU-9848
FAC-09604,PROV-0528,"5172,02",Marketing,29/10/2025,SKU-9718
FAC-09633,PROV-0325,"11056,66",Marketing,10/6/2025,SKU-5601
FAC-09638,PROV-0782,"10717,64",Marketing,4/4/2025,SKU-9256
FAC-09650,PROV-0531,"12702,08",Marketing,25/3/2025,SKU-3213
FAC-09653,PROV-0073,"7519,16",Marketing,17/12/2025,SKU-5218
FAC-09655,PROV-0042,"9120,08",Marketing,27/7/2025,SKU-8658
FAC-09656,PROV-0487,"12621,02",Marketing,14/2/2025,SKU-5876
FAC-09658,PROV-0800,"1858,43",Marketing,10/2/2025,SKU-1820
FAC-09662,PROV-0800,"5336,96",Marketing,21/2/2025,SKU-5381
FAC-09664,PROV-0800,"11537,87",Marketing,3/3/2025,SKU-3139
FAC-09669,PROV-0800,"3946,21",Marketing,19/5/2025,SKU-2961
FAC-09670,PROV-0800,"12650,67",Marketing,15/5/2025,SKU-6337
FAC-09681,PROV-0800,"2215,79",Marketing,3/11/2025,SKU-6668
FAC-09682,PROV-0800,"685,08",Marketing,10/8/2025,SKU-4133
FAC-09683,PROV-0800,"13237,99",Marketing,27/11/2025,SKU-5722
FAC-09685,PROV-0800,"1658,11",Marketing,11/11/2025,SKU-6042
FAC-09689,PROV-0800,"9192,41",Marketing,26/5/2025,SKU-9998
FAC-09694,PROV-0800,"11972,92",Marketing,24/11/2025,SKU-6014
FAC-09700,PROV-0800,"3098,67",Marketing,19/4/2025,SKU-2958
FAC-09712,PROV-0800,"13519,08",Marketing,23/12/2025,SKU-8615
FAC-09717,PROV-0800,"6838,42",Marketing,7/4/2025,SKU-3348
FAC-09718,PROV-0800,"4223,23",Marketing,28/5/2025,SKU-4349
FAC-09720,PROV-0800,"8382,55",Marketing,18/3/2025,SKU-9354
FAC-09723,PROV-0846,"7751,87",Marketing,12/2/2025,SKU-8067
FAC-09725,PROV-0099,"7464,87",Marketing,20/5/2025,SKU-6879
FAC-09727,PROV-0173,"7019,65",Marketing,11/8/2025,SKU-1557
FAC-09732,PROV-0899,"3958,87",Marketing,25/4/2025,SKU-9490
FAC-09750,PROV-0558,"4445,74",Marketing,27/2/2025,SKU-7906
FAC-09769,PROV-0459,"4302,17",Marketing,2/3/2025,SKU-7265
FAC-09772,PROV-0442,"8404,5",Marketing,19/12/2025,SKU-2349
FAC-09776,PROV-0660,"14386,08",Marketing,11/12/2025,SKU-8498
FAC-09779,PROV-0294,"9673,83",Marketing,24/12/2025,SKU-9677
FAC-09789,PROV-0359,"4934,64",Marketing,5/2/2025,SKU-7978
FAC-09793,PROV-0742,"1723,14",Marketing,15/7/2025,SKU-3797
FAC-09794,PROV-0596,"10227,51",Marketing,17/11/2025,SKU-9138
FAC-09796,PROV-0405,"4215,87",Marketing,19/11/2025,SKU-3010
FAC-09801,PROV-0225,"6555,13",Marketing,20/7/2025,SKU-7920
FAC-09802,PROV-0157,"12027,98",Marketing,8/11/2025,SKU-1508
FAC-09803,PROV-0461,"1003,32",Marketing,23/12/2025,SKU-4826
FAC-09809,PROV-0371,"972,13",Marketing,11/11/2025,SKU-6747
FAC-09810,PROV-0042,"2009,9",Marketing,20/12/2025,SKU-3684
FAC-09826,PROV-0622,5012,Marketing,10/2/2025,SKU-3232
FAC-09827,PROV-0321,"7562,72",Marketing,1/11/2025,SKU-6877
FAC-09841,PROV-0186,"14505,54",Marketing,16/7/2025,SKU-7873
FAC-09844,PROV-0928,"12318,52",Marketing,8/11/2025,SKU-7557
FAC-09846,PROV-0116,"9762,63",Marketing,26/12/2025,SKU-1497
FAC-09848,PROV-0830,"8335,95",Marketing,9/11/2025,SKU-6298
FAC-09865,PROV-0800,"778,32",Marketing,16/3/2025,SKU-3232
FAC-09874,PROV-0800,"3206,78",Marketing,26/4/2025,SKU-9737
FAC-09888,PROV-0800,"7174,54",Marketing,4/3/2025,SKU-2321
FAC-09889,PROV-0800,"9253,49",Marketing,18/12/2025,SKU-5348
FAC-09892,PROV-0800,"14972,22",Marketing,4/11/2025,SKU-2346
FAC-09902,PROV-0800,"11047,75",Marketing,9/9/2025,SKU-1814
FAC-09906,PROV-0800,"3692,21",Marketing,1/2/2025,SKU-8244
FAC-09908,PROV-0800,"3488,67",Marketing,11/7/2025,SKU-1639
FAC-09910,PROV-0800,"6913,59",Marketing,9/7/2025,SKU-8522
FAC-09912,PROV-0800,"5929,29",Marketing,24/2/2025,SKU-3032
FAC-09928,PROV-0800,"9908,69",Marketing,10/6/2025,SKU-2121
FAC-09934,PROV-0800,"11589,68",Marketing,16/8/2025,SKU-9009
FAC-09942,PROV-0800,"3292,11",Marketing,14/4/2025,SKU-9265
FAC-09943,PROV-0800,1836,Marketing,1/9/2025,SKU-3722
FAC-09947,PROV-0800,"2622,85",Marketing,11/2/2025,SKU-9339
FAC-09953,PROV-0800,"9010,16",Marketing,7/2/2025,SKU-5923
FAC-09959,PROV-0047,"14009,51",Marketing,25/8/2025,SKU-9265
FAC-09964,PROV-0834,"2580,49",Marketing,26/3/2025,SKU-3527
FAC-09988,PROV-0758,"572,13",Marketing,18/5/2025,SKU-8378
FAC-09995,PROV-0625,"12702,24",Marketing,28/9/2025,SKU-8549
FAC-00009,PROV-0308,"726,05",Operaciones,17/10/2025,SKU-7848
FAC-00012,PROV-0462,"4196,13",Operaciones,16/2/2025,SKU-1959
FAC-00029,PROV-0313,"6940,66",Operaciones,17/5/2025,SKU-2482
FAC-00045,PROV-0297,"14597,02",Operaciones,16/10/2025,SKU-5526
FAC-00046,PROV-0642,"1959,32",Operaciones,8/8/2025,SKU-2437
FAC-00049,PROV-0681,"12887,45",Operaciones,21/9/2025,SKU-5516
FAC-00058,PROV-0241,"12452,34",Operaciones,14/7/2025,SKU-4908
FAC-00066,PROV-0564,"5543,76",Operaciones,5/4/2025,SKU-8980
FAC-00069,PROV-0594,"1971,54",Operaciones,27/1/2025,SKU-8781
FAC-00071,PROV-0445,"9570,77",Operaciones,26/6/2025,SKU-3184
FAC-00072,PROV-0727,"7848,34",Operaciones,21/5/2025,SKU-8460
FAC-00076,PROV-0975,"3209,52",Operaciones,17/8/2025,SKU-1907
FAC-00079,PROV-0911,"2194,09",Operaciones,25/5/2025,SKU-1135
FAC-00084,PROV-0226,"2686,84",Operaciones,1/10/2025,SKU-5671
FAC-00088,PROV-0639,"1610,02",Operaciones,31/1/2025,SKU-3588
FAC-00089,PROV-0550,"2461,68",Operaciones,24/4/2025,SKU-7327
FAC-00091,PROV-0768,"8009,69",Operaciones,25/7/2025,SKU-8058
FAC-00104,PROV-0658,"7046,37",Operaciones,24/5/2025,SKU-5776
FAC-00110,PROV-0540,"5905,52",Operaciones,11/3/2025,SKU-8076
FAC-00114,PROV-0851,"14530,27",Operaciones,20/9/2025,SKU-6281
FAC-00119,PROV-0130,"8400,84",Operaciones,7/7/2025,SKU-6468
FAC-00128,PROV-0724,"14328,29",Operaciones,24/4/2025,SKU-1395
FAC-00151,PROV-0388,"1907,16",Operaciones,10/8/2025,SKU-4324
FAC-00157,PROV-0953,"231,79",Operaciones,2/12/2025,SKU-3328
FAC-00170,PROV-0882,"782,81",Operaciones,29/9/2025,SKU-2704
FAC-00173,PROV-0134,"3158,62",Operaciones,5/12/2025,SKU-4212
FAC-00177,PROV-0260,"8128,45",Operaciones,18/5/2025,SKU-4562
FAC-00190,PROV-0489,"5578,48",Operaciones,10/5/2025,SKU-6590
FAC-00191,PROV-0220,"1737,07",Operaciones,27/11/2025,SKU-6137
FAC-00201,PROV-0621,"8139,17",Operaciones,30/1/2025,SKU-9869
FAC-00202,PROV-0100,"4090,28",Operaciones,6/5/2025,SKU-4889
FAC-00209,PROV-0853,"5367,81",Operaciones,15/6/2025,SKU-7672
FAC-00211,PROV-0076,"1122,73",Operaciones,13/10/2025,SKU-1043
FAC-00216,PROV-0189,"10429,4",Operaciones,3/9/2025,SKU-4471
FAC-00222,PROV-0422,"14249,32",Operaciones,16/12/2025,SKU-6736
FAC-00225,PROV-0704,"7408,35",Operaciones,30/12/2025,SKU-1367
FAC-00228,PROV-0564,"8430,58",Operaciones,11/1/2025,SKU-1052
FAC-00236,PROV-0179,"4150,06",Operaciones,25/5/2025,SKU-3435
FAC-00237,PROV-0428,"14136,35",Operaciones,25/1/2025,SKU-4241
FAC-00241,PROV-0216,"4323,57",Operaciones,16/2/2025,SKU-4600
FAC-00246,PROV-0987,"9008,3",Operaciones,8/12/2025,SKU-7086
FAC-00258,PROV-0652,"6198,12",Operaciones,10/12/2025,SKU-4929
FAC-00260,PROV-0165,"10996,82",Operaciones,7/11/2025,SKU-2925
FAC-00279,PROV-0464,"11837,05",Operaciones,12/10/2025,SKU-9376
FAC-00280,PROV-0565,"8495,49",Operaciones,10/11/2025,SKU-3026
FAC-00285,PROV-0159,"496,75",Operaciones,25/9/2025,SKU-2622
FAC-00286,PROV-0135,"12178,83",Operaciones,21/5/2025,SKU-5174
FAC-00289,PROV-0982,"1082,05",Operaciones,20/3/2025,SKU-3522
FAC-00291,PROV-0527,"13539,16",Operaciones,7/10/2025,SKU-2098
FAC-00303,PROV-0160,"11768,32",Operaciones,26/1/2025,SKU-9194
FAC-00308,PROV-0209,"11341,44",Operaciones,19/10/2025,SKU-2304
FAC-00311,PROV-0896,"720,83",Operaciones,21/7/2025,SKU-1223
FAC-00339,PROV-0340,"12285,92",Operaciones,7/5/2025,SKU-2855
FAC-00340,PROV-0843,"12188,05",Operaciones,3/5/2025,SKU-6022
FAC-00348,PROV-0766,"7934,63",Operaciones,25/7/2025,SKU-6596
FAC-00361,PROV-0301,"2232,75",Operaciones,25/1/2025,SKU-9666
FAC-00369,PROV-0098,"7173,5",Operaciones,29/12/2025,SKU-9272
FAC-00374,PROV-0645,"6199,34",Operaciones,8/7/2025,SKU-6387
FAC-00380,PROV-0159,"12324,63",Operaciones,31/7/2025,SKU-3558
FAC-00382,PROV-0204,"6845,61",Operaciones,28/5/2025,SKU-4297
FAC-00383,PROV-0362,"5174,03",Operaciones,21/6/2025,SKU-8839
FAC-00390,PROV-0255,"4645,83",Operaciones,23/6/2025,SKU-1800
FAC-00397,PROV-0241,"1876,83",Operaciones,11/2/2025,SKU-7990
FAC-00408,PROV-0769,"3988,18",Operaciones,21/2/2025,SKU-8744
FAC-00414,PROV-0459,"8072,35",Operaciones,4/3/2025,SKU-1886
FAC-00419,PROV-0747,"13346,38",Operaciones,11/3/2025,SKU-6326
FAC-00423,PROV-0251,"8669,91",Operaciones,12/7/2025,SKU-7619
FAC-00424,PROV-0238,"10411,98",Operaciones,22/7/2025,SKU-1554
FAC-00445,PROV-0843,"11246,74",Operaciones,22/12/2025,SKU-8009
FAC-00453,PROV-0695,"7569,39",Operaciones,28/2/2025,SKU-1087
FAC-00457,PROV-0541,"7909,43",Operaciones,11/10/2025,SKU-4614
FAC-00461,PROV-0767,"4525,8",Operaciones,11/6/2025,SKU-1765
FAC-00464,PROV-0254,"7424,83",Operaciones,19/5/2025,SKU-1572
FAC-00465,PROV-0763,"7693,07",Operaciones,4/10/2025,SKU-9219
FAC-00468,PROV-0235,"5624,28",Operaciones,26/6/2025,SKU-9147
FAC-00469,PROV-0694,"2863,6",Operaciones,12/1/2025,SKU-1105
FAC-00476,PROV-0821,"4974,43",Operaciones,15/4/2025,SKU-4851
FAC-00482,PROV-0855,"9308,05",Operaciones,28/3/2025,SKU-9654
FAC-00485,PROV-0091,"539,82",Operaciones,8/9/2025,SKU-9298
FAC-00486,PROV-0089,"227,15",Operaciones,18/9/2025,SKU-7497
FAC-00490,PROV-0796,"403,13",Operaciones,21/2/2025,SKU-2960
FAC-00492,PROV-0150,"14226,49",Operaciones,26/6/2025,SKU-5429
FAC-00495,PROV-0086,"1395,14",Operaciones,12/1/2025,SKU-6040
FAC-00499,PROV-0147,"242,1",Operaciones,24/6/2025,SKU-5098
FAC-00504,PROV-0686,"13624,07",Operaciones,3/10/2025,SKU-8989
FAC-00505,PROV-0780,"2400,75",Operaciones,15/12/2025,SKU-5226
FAC-00506,PROV-0908,"9182,88",Operaciones,21/7/2025,SKU-8044
FAC-00512,PROV-0230,"8478,76",Operaciones,27/5/2025,SKU-9931
FAC-00514,PROV-0651,"11012,17",Operaciones,15/9/2025,SKU-7975
FAC-00516,PROV-0837,"6667,25",Operaciones,17/11/2025,SKU-4406
FAC-00520,PROV-0664,"6347,25",Operaciones,3/3/2025,SKU-1558
FAC-00526,PROV-0389,"8499,14",Operaciones,6/8/2025,SKU-6314
FAC-00528,PROV-0305,"1485,41",Operaciones,29/1/2025,SKU-4014
FAC-00531,PROV-0293,"383,82",Operaciones,31/8/2025,SKU-2958
FAC-00545,PROV-0634,"9254,99",Operaciones,6/8/2025,SKU-7574
FAC-00553,PROV-0997,"6714,4",Operaciones,14/5/2025,SKU-1678
FAC-00558,PROV-0780,"6816,17",Operaciones,25/4/2025,SKU-5117
FAC-00564,PROV-0531,"7524,82",Operaciones,19/11/2025,SKU-5064
FAC-00570,PROV-0863,"1121,04",Operaciones,30/8/2025,SKU-5964
FAC-00599,PROV-0420,"1688,02",Operaciones,25/1/2025,SKU-5941
FAC-00600,PROV-0672,"8832,66",Operaciones,22/8/2025,SKU-5352
FAC-00604,PROV-0648,"6115,64",Operaciones,4/3/2025,SKU-1256
FAC-00606,PROV-0041,"14476,28",Operaciones,9/4/2025,SKU-4486
FAC-00613,PROV-0651,"3128,33",Operaciones,4/10/2025,SKU-2441
FAC-00615,PROV-0758,"1662,25",Operaciones,3/1/2025,SKU-9517
FAC-00621,PROV-0026,"14654,18",Operaciones,13/9/2025,SKU-5019
FAC-00636,PROV-0784,"14398,75",Operaciones,16/4/2025,SKU-9909
FAC-00637,PROV-0636,"7558,99",Operaciones,25/5/2025,SKU-4452
FAC-00648,PROV-0506,"1611,98",Operaciones,24/2/2025,SKU-1314
FAC-00662,PROV-0903,"9934,03",Operaciones,6/8/2025,SKU-2654
FAC-00664,PROV-0734,"13098,48",Operaciones,29/1/2025,SKU-4365
FAC-00677,PROV-0610,"3777,37",Operaciones,31/8/2025,SKU-3235
FAC-00682,PROV-0374,"14648,85",Operaciones,22/12/2025,SKU-7934
FAC-00683,PROV-0499,"13335,33",Operaciones,4/12/2025,SKU-6552
FAC-00716,PROV-0963,"12343,4",Operaciones,11/7/2025,SKU-1502
FAC-00720,PROV-0072,"3119,69",Operaciones,9/5/2025,SKU-3824
FAC-00734,PROV-0775,"5581,72",Operaciones,27/11/2025,SKU-1591
FAC-00737,PROV-0181,"11120,44",Operaciones,17/4/2025,SKU-5096
FAC-00738,PROV-0701,"4564,56",Operaciones,22/6/2025,SKU-2563
FAC-00747,PROV-0195,"12678,32",Operaciones,12/4/2025,SKU-1359
FAC-00749,PROV-0877,"11871,69",Operaciones,21/5/2025,SKU-5154
FAC-00753,PROV-0560,"10923,09",Operaciones,27/1/2025,SKU-6509
FAC-00757,PROV-0401,"1908,18",Operaciones,24/4/2025,SKU-3782
FAC-00760,PROV-0972,"5686,67",Operaciones,20/12/2025,SKU-1156
FAC-00764,PROV-0138,"11258,76",Operaciones,30/9/2025,SKU-1308
FAC-00767,PROV-0050,"706,78",Operaciones,9/8/2025,SKU-4806
FAC-00771,PROV-0617,"5194,26",Operaciones,15/9/2025,SKU-7069
FAC-00775,PROV-0574,"9020,72",Operaciones,21/12/2025,SKU-3328
FAC-00778,PROV-0683,"10144,83",Operaciones,19/4/2025,SKU-3594
FAC-00780,PROV-0799,"7393,36",Operaciones,4/3/2025,SKU-8030
FAC-00782,PROV-0859,"9352,15",Operaciones,28/7/2025,SKU-8483
FAC-00793,PROV-0736,"13714,69",Operaciones,11/1/2025,SKU-5287
FAC-00800,PROV-0864,"689,52",Operaciones,17/7/2025,SKU-8238
FAC-00814,PROV-0918,"14268,83",Operaciones,10/10/2025,SKU-6418
FAC-00815,PROV-0409,"11645,04",Operaciones,6/9/2025,SKU-1627
FAC-00816,PROV-0721,"10404,63",Operaciones,5/1/2025,SKU-7022
FAC-00831,PROV-0067,"11717,56",Operaciones,28/4/2025,SKU-2450
FAC-00833,PROV-0083,"7260,13",Operaciones,20/2/2025,SKU-7823
FAC-00834,PROV-0390,"13160,91",Operaciones,29/9/2025,SKU-4235
FAC-00845,PROV-0122,"13885,67",Operaciones,20/4/2025,SKU-4596
FAC-00850,PROV-0606,"3266,16",Operaciones,19/3/2025,SKU-9623
FAC-00875,PROV-0252,"3445,49",Operaciones,26/12/2025,SKU-3858
FAC-00876,PROV-0804,"6180,6",Operaciones,30/1/2025,SKU-3069
FAC-00877,PROV-0582,"9902,97",Operaciones,3/7/2025,SKU-3192
FAC-00880,PROV-0765,"13984,19",Operaciones,29/12/2025,SKU-9845
FAC-00884,PROV-0599,"12481,11",Operaciones,25/11/2025,SKU-5751
FAC-00897,PROV-0928,"12455,7",Operaciones,10/6/2025,SKU-4102
FAC-00907,PROV-0099,"5121,21",Operaciones,29/3/2025,SKU-2624
FAC-00909,PROV-0489,"12752,36",Operaciones,2/7/2025,SKU-4048
FAC-00920,PROV-0951,"10860,52",Operaciones,13/8/2025,SKU-4448
FAC-00922,PROV-0572,"7780,2",Operaciones,16/11/2025,SKU-7956
FAC-00923,PROV-0359,"13794,57",Operaciones,7/6/2025,SKU-2803
FAC-00946,PROV-0325,"7226,78",Operaciones,2/8/2025,SKU-9043
FAC-00952,PROV-0030,"966,55",Operaciones,21/9/2025,SKU-2724
FAC-00955,PROV-0029,"5295,98",Operaciones,24/1/2025,SKU-8050
FAC-00956,PROV-0947,"14870,15",Operaciones,29/8/2025,SKU-7145
FAC-00971,PROV-0981,"11178,81",Operaciones,8/6/2025,SKU-6854
FAC-00973,PROV-0031,"4066,11",Operaciones,10/10/2025,SKU-4693
FAC-00975,PROV-0729,"7379,61",Operaciones,24/9/2025,SKU-6218
FAC-00976,PROV-0092,"9293,12",Operaciones,5/5/2025,SKU-9058
FAC-00984,PROV-0537,"11928,71",Operaciones,11/5/2025,SKU-9917
FAC-00997,PROV-0843,"7210,35",Operaciones,10/4/2025,SKU-9369
FAC-01014,PROV-0516,"2234,19",Operaciones,19/11/2025,SKU-4027
FAC-01021,PROV-0646,"9558,83",Operaciones,23/5/2025,SKU-5509
FAC-01025,PROV-0149,"4101,75",Operaciones,6/9/2025,SKU-5167
FAC-01031,PROV-0929,"10073,77",Operaciones,22/5/2025,SKU-8103
FAC-01033,PROV-0241,"6278,27",Operaciones,22/8/2025,SKU-4187
FAC-01035,PROV-0820,"1665,11",Operaciones,18/1/2025,SKU-2527
FAC-01037,PROV-0102,"10628,23",Operaciones,16/5/2025,SKU-8929
FAC-01042,PROV-0154,"9637,54",Operaciones,22/8/2025,SKU-9799
FAC-01057,PROV-0647,"10199,84",Operaciones,27/4/2025,SKU-7825
FAC-01059,PROV-0316,"11973,18",Operaciones,21/1/2025,SKU-2606
FAC-01066,PROV-0326,"11144,44",Operaciones,14/8/2025,SKU-8828
FAC-01071,PROV-0266,"13189,49",Operaciones,14/11/2025,SKU-3409
FAC-01072,PROV-0716,"2944,98",Operaciones,12/12/2025,SKU-1255
FAC-01073,PROV-0626,"9309,52",Operaciones,30/7/2025,SKU-5586
FAC-01077,PROV-0586,"813,17",Operaciones,18/1/2025,SKU-7196
FAC-01083,PROV-0638,"14647,14",Operaciones,2/7/2025,SKU-2696
FAC-01092,PROV-0605,"1969,45",Operaciones,15/10/2025,SKU-9093
FAC-01093,PROV-0222,"3466,7",Operaciones,14/4/2025,SKU-6224
FAC-01094,PROV-0962,"5797,12",Operaciones,12/10/2025,SKU-3139
FAC-01101,PROV-0540,"4235,81",Operaciones,24/3/2025,SKU-8041
FAC-01111,PROV-0258,"4776,22",Operaciones,9/1/2025,SKU-3375
FAC-01114,PROV-0094,"12173,32",Operaciones,5/1/2025,SKU-4427
FAC-01115,PROV-0255,"10089,13",Operaciones,27/9/2025,SKU-3756
FAC-01116,PROV-0934,"8940,69",Operaciones,31/1/2025,SKU-9430
FAC-01124,PROV-0052,"1627,32",Operaciones,18/4/2025,SKU-7787
FAC-01125,PROV-0290,"2735,46",Operaciones,2/2/2025,SKU-2235
FAC-01139,PROV-0858,"7353,62",Operaciones,23/8/2025,SKU-3303
FAC-01154,PROV-0737,"14763,44",Operaciones,11/9/2025,SKU-2830
FAC-01161,PROV-0547,"11090,16",Operaciones,16/11/2025,SKU-7570
FAC-01170,PROV-0531,"7995,64",Operaciones,8/1/2025,SKU-8463
FAC-01174,PROV-0051,14719,Operaciones,4/9/2025,SKU-5349
FAC-01182,PROV-0889,"13262,09",Operaciones,27/9/2025,SKU-7507
FAC-01187,PROV-0121,"14170,93",Operaciones,15/12/2025,SKU-9538
FAC-01188,PROV-0216,"9879,52",Operaciones,5/1/2025,SKU-9105
FAC-01198,PROV-0923,"2401,57",Operaciones,25/2/2025,SKU-3106
FAC-01203,PROV-0679,"7568,6",Operaciones,25/10/2025,SKU-9553
FAC-01209,PROV-0342,"8095,26",Operaciones,28/2/2025,SKU-6396
FAC-01211,PROV-0938,"13362,38",Operaciones,28/2/2025,SKU-3444
FAC-01213,PROV-0611,"6359,73",Operaciones,15/3/2025,SKU-4961
FAC-01214,PROV-0160,"3906,93",Operaciones,12/9/2025,SKU-6871
FAC-01218,PROV-0763,"11291,89",Operaciones,11/9/2025,SKU-7240
FAC-01219,PROV-0002,"14901,08",Operaciones,2/5/2025,SKU-5194
FAC-01235,PROV-0234,"7611,04",Operaciones,22/4/2025,SKU-6371
FAC-01246,PROV-0074,"9119,41",Operaciones,23/3/2025,SKU-6381
FAC-01248,PROV-0120,"11319,9",Operaciones,2/12/2025,SKU-5086
FAC-01250,PROV-0916,"10410,35",Operaciones,19/3/2025,SKU-8947
FAC-01253,PROV-0424,"13309,45",Operaciones,1/7/2025,SKU-1836
FAC-01279,PROV-0092,"1501,32",Operaciones,24/4/2025,SKU-5909
FAC-01281,PROV-0205,"12410,84",Operaciones,26/8/2025,SKU-3251
FAC-01295,PROV-0934,"12038,67",Operaciones,26/6/2025,SKU-5735
FAC-01296,PROV-0200,"14752,21",Operaciones,6/1/2025,SKU-2886
FAC-01302,PROV-0543,"13120,95",Operaciones,17/11/2025,SKU-2571
FAC-01316,PROV-0819,"8958,93",Operaciones,14/11/2025,SKU-3712
FAC-01329,PROV-0456,"7806,12",Operaciones,25/11/2025,SKU-7842
FAC-01338,PROV-0688,"12462,85",Operaciones,18/4/2025,SKU-9212
FAC-01343,PROV-0409,"8388,58",Operaciones,31/7/2025,SKU-7187
FAC-01345,PROV-0192,"10649,42",Operaciones,4/11/2025,SKU-1723
FAC-01348,PROV-0846,"10308,69",Operaciones,12/6/2025,SKU-7631
FAC-01372,PROV-0038,"8923,83",Operaciones,18/10/2025,SKU-6240
FAC-01381,PROV-0477,"11554,61",Operaciones,27/2/2025,SKU-1408
FAC-01382,PROV-0655,"6495,42",Operaciones,6/10/2025,SKU-9414
FAC-01392,PROV-0098,"760,75",Operaciones,5/7/2025,SKU-4446
FAC-01398,PROV-0952,"3362,04",Operaciones,17/7/2025,SKU-5357
FAC-01405,PROV-0853,"8718,01",Operaciones,30/8/2025,SKU-7227
FAC-01413,PROV-0800,"7127,19",Operaciones,13/8/2025,SKU-7572
FAC-01416,PROV-0069,"8482,81",Operaciones,2/4/2025,SKU-3346
FAC-01430,PROV-0347,"8352,78",Operaciones,27/1/2025,SKU-6871
FAC-01432,PROV-0853,"10294,17",Operaciones,30/3/2025,SKU-9965
FAC-01436,PROV-0351,"370,15",Operaciones,7/7/2025,SKU-5934
FAC-01439,PROV-0491,"13624,71",Operaciones,3/8/2025,SKU-4252
FAC-01440,PROV-0661,"4907,72",Operaciones,3/3/2025,SKU-9563
FAC-01442,PROV-0851,"4466,08",Operaciones,3/2/2025,SKU-5516
FAC-01461,PROV-0112,"5433,53",Operaciones,6/11/2025,SKU-2422
FAC-01463,PROV-0605,"4075,5",Operaciones,6/10/2025,SKU-6725
FAC-01481,PROV-0791,"4471,59",Operaciones,8/10/2025,SKU-8229
FAC-01486,PROV-0916,"7774,15",Operaciones,16/3/2025,SKU-2442
FAC-01487,PROV-0697,"914,51",Operaciones,7/10/2025,SKU-8537
FAC-01494,PROV-0460,"6940,75",Operaciones,11/7/2025,SKU-5110
FAC-01497,PROV-0815,"7877,52",Operaciones,17/4/2025,SKU-5320
FAC-01508,PROV-0007,"11846,12",Operaciones,24/9/2025,SKU-8366
FAC-01515,PROV-0144,"4716,4",Operaciones,10/2/2025,SKU-1540
FAC-01516,PROV-0840,"4835,68",Operaciones,21/11/2025,SKU-2343
FAC-01531,PROV-0193,"8680,51",Operaciones,6/5/2025,SKU-4748
FAC-01534,PROV-0585,"4339,21",Operaciones,17/1/2025,SKU-7245
FAC-01539,PROV-0701,"11660,79",Operaciones,27/11/2025,SKU-8516
FAC-01543,PROV-0373,"13200,85",Operaciones,4/9/2025,SKU-1214
FAC-01547,PROV-0779,"5830,73",Operaciones,11/3/2025,SKU-6001
FAC-01569,PROV-0051,"13293,76",Operaciones,12/7/2025,SKU-4824
FAC-01576,PROV-0664,"8612,58",Operaciones,18/11/2025,SKU-9327
FAC-01587,PROV-0388,"937,69",Operaciones,7/11/2025,SKU-7325
FAC-01602,PROV-0642,"8491,31",Operaciones,24/8/2025,SKU-6741
FAC-01609,PROV-0675,"6133,65",Operaciones,13/2/2025,SKU-5822
FAC-01613,PROV-0114,"2109,37",Operaciones,28/4/2025,SKU-4359
FAC-01625,PROV-0094,"10349,27",Operaciones,16/10/2025,SKU-2824
FAC-01627,PROV-0201,"9617,7",Operaciones,2/7/2025,SKU-2482
FAC-01632,PROV-0553,"10954,14",Operaciones,6/2/2025,SKU-8537
FAC-01651,PROV-0081,"9001,05",Operaciones,2/1/2025,SKU-4701
FAC-01669,PROV-0731,"7379,36",Operaciones,13/3/2025,SKU-4712
FAC-01672,PROV-0779,"7208,19",Operaciones,9/6/2025,SKU-1089
FAC-01676,PROV-0058,"10613,41",Operaciones,9/5/2025,SKU-7608
FAC-01691,PROV-0425,"9796,91",Operaciones,23/11/2025,SKU-9397
FAC-01695,PROV-0175,"4988,46",Operaciones,3/8/2025,SKU-3162
FAC-01698,PROV-0824,"9773,9",Operaciones,1/8/2025,SKU-6534
FAC-01699,PROV-0111,"12206,19",Operaciones,1/4/2025,SKU-2069
FAC-01702,PROV-0188,"4955,66",Operaciones,20/10/2025,SKU-5332
FAC-01703,PROV-0784,"10617,12",Operaciones,18/11/2025,SKU-3641
FAC-01706,PROV-0035,"3106,07",Operaciones,15/12/2025,SKU-2324
FAC-01725,PROV-0633,"10485,02",Operaciones,26/11/2025,SKU-1289
FAC-01729,PROV-0997,"1714,5",Operaciones,18/2/2025,SKU-6554
FAC-01732,PROV-0599,"9238,02",Operaciones,17/9/2025,SKU-1529
FAC-01734,PROV-0571,"8266,1",Operaciones,23/11/2025,SKU-9901
FAC-01738,PROV-0615,"14034,28",Operaciones,23/12/2025,SKU-2244
FAC-01744,PROV-0440,"2926,64",Operaciones,15/3/2025,SKU-2621
FAC-01754,PROV-0945,"10056,63",Operaciones,24/6/2025,SKU-8483
FAC-01771,PROV-0932,"4891,89",Operaciones,10/11/2025,SKU-2906
FAC-01804,PROV-0486,"950,66",Operaciones,25/12/2025,SKU-4799
FAC-01806,PROV-0506,"3889,72",Operaciones,28/7/2025,SKU-6589
FAC-01814,PROV-0965,"8970,4",Operaciones,12/4/2025,SKU-9344
FAC-01820,PROV-0160,"9874,96",Operaciones,30/12/2025,SKU-9915
FAC-01845,PROV-0126,"5213,47",Operaciones,25/7/2025,SKU-3681
FAC-01846,PROV-0525,"4197,23",Operaciones,21/10/2025,SKU-3218
FAC-01852,PROV-0917,"8883,31",Operaciones,8/1/2025,SKU-9317
FAC-01860,PROV-0499,"1155,66",Operaciones,27/1/2025,SKU-7733
FAC-01881,PROV-0414,"4451,82",Operaciones,10/4/2025,SKU-5072
FAC-01884,PROV-0469,"2588,43",Operaciones,24/4/2025,SKU-2539
FAC-01888,PROV-0515,"4456,22",Operaciones,20/12/2025,SKU-7068
FAC-01897,PROV-0487,"4519,05",Operaciones,12/10/2025,SKU-8648
FAC-01901,PROV-0288,"11374,54",Operaciones,29/6/2025,SKU-2095
FAC-01902,PROV-0384,"8883,18",Operaciones,20/6/2025,SKU-1205
FAC-01914,PROV-0190,"10778,73",Operaciones,4/6/2025,SKU-3479
FAC-01915,PROV-0104,"3968,31",Operaciones,26/3/2025,SKU-4721
FAC-01920,PROV-0224,"6041,02",Operaciones,15/12/2025,SKU-1001
FAC-01930,PROV-0016,"6377,16",Operaciones,18/9/2025,SKU-8469
FAC-01931,PROV-0432,"6385,3",Operaciones,19/10/2025,SKU-6919
FAC-01937,PROV-0611,"5360,66",Operaciones,18/8/2025,SKU-6925
FAC-01938,PROV-0621,"11510,15",Operaciones,20/2/2025,SKU-4706
FAC-01939,PROV-0221,"7116,65",Operaciones,3/6/2025,SKU-6883
FAC-01945,PROV-0839,"2432,04",Operaciones,12/1/2025,SKU-9303
FAC-01948,PROV-0863,"7157,09",Operaciones,9/7/2025,SKU-9397
FAC-01962,PROV-0350,"14284,25",Operaciones,27/10/2025,SKU-6814
FAC-01964,PROV-0278,"9167,92",Operaciones,2/12/2025,SKU-6077
FAC-01965,PROV-0763,"444,42",Operaciones,30/6/2025,SKU-1654
FAC-01968,PROV-0258,"3355,39",Operaciones,7/8/2025,SKU-2910
FAC-01971,PROV-0062,"1082,99",Operaciones,29/11/2025,SKU-2638
FAC-01974,PROV-0238,"14723,78",Operaciones,11/12/2025,SKU-4302
FAC-01983,PROV-0616,"10202,58",Operaciones,15/4/2025,SKU-4095
FAC-01986,PROV-0142,"12380,64",Operaciones,8/3/2025,SKU-4976
FAC-01991,PROV-0497,"13865,92",Operaciones,18/11/2025,SKU-7599
FAC-01998,PROV-0339,"13859,93",Operaciones,19/8/2025,SKU-3188
FAC-02009,PROV-0085,"10945,2",Operaciones,10/5/2025,SKU-8174
FAC-02010,PROV-0321,"7701,02",Operaciones,27/12/2025,SKU-8538
FAC-02017,PROV-0143,"8589,75",Operaciones,6/2/2025,SKU-9609
FAC-02020,PROV-0624,"5838,82",Operaciones,30/7/2025,SKU-8415
FAC-02022,PROV-0427,"11141,47",Operaciones,8/5/2025,SKU-3208
FAC-02023,PROV-0902,"13158,82",Operaciones,11/4/2025,SKU-5614
FAC-02025,PROV-0369,"1401,9",Operaciones,1/1/2025,SKU-9637
FAC-02027,PROV-0657,"1834,13",Operaciones,17/12/2025,SKU-8471
FAC-02040,PROV-0617,"12505,95",Operaciones,23/11/2025,SKU-1468
FAC-02043,PROV-0993,"8998,36",Operaciones,24/4/2025,SKU-2830
FAC-02047,PROV-0315,"4566,65",Operaciones,20/10/2025,SKU-7064
FAC-02055,PROV-0898,"5432,54",Operaciones,16/9/2025,SKU-8820
FAC-02060,PROV-0547,"14577,99",Operaciones,25/12/2025,SKU-3667
FAC-02067,PROV-0139,"1971,82",Operaciones,9/12/2025,SKU-6055
FAC-02074,PROV-0270,"710,05",Operaciones,16/7/2025,SKU-9116
FAC-02081,PROV-0694,"9034,7",Operaciones,7/8/2025,SKU-6505
FAC-02084,PROV-0133,"4652,02",Operaciones,1/1/2025,SKU-7950
FAC-02091,PROV-0278,"10943,27",Operaciones,7/7/2025,SKU-6845
FAC-02097,PROV-0354,"4706,67",Operaciones,13/5/2025,SKU-5952
FAC-02103,PROV-0104,"14883,85",Operaciones,19/11/2025,SKU-1245
FAC-02106,PROV-0913,"13260,68",Operaciones,7/10/2025,SKU-7010
FAC-02108,PROV-0051,"8431,9",Operaciones,15/10/2025,SKU-4962
FAC-02112,PROV-0904,"5008,06",Operaciones,8/10/2025,SKU-8569
FAC-02118,PROV-0556,"11938,46",Operaciones,8/6/2025,SKU-7261
FAC-02120,PROV-0593,"2886,87",Operaciones,21/8/2025,SKU-6400
FAC-02159,PROV-0366,"4808,86",Operaciones,1/5/2025,SKU-7887
FAC-02162,PROV-0651,"745,24",Operaciones,2/6/2025,SKU-3825
FAC-02163,PROV-0313,"7020,67",Operaciones,20/10/2025,SKU-5457
FAC-02166,PROV-0125,"6412,3",Operaciones,14/6/2025,SKU-9709
FAC-02168,PROV-0964,"2265,23",Operaciones,18/12/2025,SKU-6179
FAC-02174,PROV-0681,"3250,82",Operaciones,1/11/2025,SKU-6905
FAC-02184,PROV-0051,"8056,43",Operaciones,3/12/2025,SKU-7074
FAC-02186,PROV-0095,"11984,71",Operaciones,9/10/2025,SKU-4600
FAC-02201,PROV-0265,"13616,91",Operaciones,7/3/2025,SKU-9799
FAC-02207,PROV-0520,"13991,25",Operaciones,24/7/2025,SKU-1368
FAC-02213,PROV-0613,"2918,85",Operaciones,16/8/2025,SKU-3771
FAC-02221,PROV-0741,"7114,03",Operaciones,21/10/2025,SKU-2131
FAC-02226,PROV-0953,"9992,78",Operaciones,10/2/2025,SKU-7234
FAC-02234,PROV-0443,"8242,85",Operaciones,13/6/2025,SKU-7243
FAC-02237,PROV-0882,"13413,57",Operaciones,21/6/2025,SKU-3708
FAC-02242,PROV-0975,"2025,67",Operaciones,20/2/2025,SKU-9639
FAC-02248,PROV-0704,"10736,09",Operaciones,10/6/2025,SKU-6858
FAC-02249,PROV-0361,"950,52",Operaciones,27/11/2025,SKU-8881
FAC-02250,PROV-0101,"11227,97",Operaciones,3/4/2025,SKU-4915
FAC-02258,PROV-0264,"9460,58",Operaciones,18/2/2025,SKU-8164
FAC-02267,PROV-0624,"7202,99",Operaciones,30/9/2025,SKU-1153
FAC-02295,PROV-0466,"1432,09",Operaciones,10/11/2025,SKU-6020
FAC-02303,PROV-0741,"13505,11",Operaciones,19/10/2025,SKU-7994
FAC-02306,PROV-0131,"13274,99",Operaciones,13/8/2025,SKU-4811
FAC-02307,PROV-0078,"12998,03",Operaciones,13/11/2025,SKU-1145
FAC-02311,PROV-0913,"4833,55",Operaciones,12/2/2025,SKU-7489
FAC-02313,PROV-0923,"4467,67",Operaciones,20/4/2025,SKU-6994
FAC-02323,PROV-0814,"3122,09",Operaciones,8/6/2025,SKU-2214
FAC-02325,PROV-0919,"11754,05",Operaciones,12/5/2025,SKU-4117
FAC-02326,PROV-0750,"4843,73",Operaciones,29/1/2025,SKU-9114
FAC-02331,PROV-0338,"13500,15",Operaciones,14/3/2025,SKU-8210
FAC-02332,PROV-0365,"10335,5",Operaciones,7/1/2025,SKU-1057
FAC-02342,PROV-0960,"1448,85",Operaciones,13/8/2025,SKU-9303
FAC-02346,PROV-0517,"12312,08",Operaciones,6/4/2025,SKU-1773
FAC-02355,PROV-0075,"14914,04",Operaciones,18/7/2025,SKU-9293
FAC-02366,PROV-0871,"7162,73",Operaciones,10/2/2025,SKU-6246
FAC-02371,PROV-0396,"6436,95",Operaciones,17/9/2025,SKU-7557
FAC-02373,PROV-0808,"10860,37",Operaciones,9/1/2025,SKU-4578
FAC-02376,PROV-0910,"12114,8",Operaciones,24/5/2025,SKU-6380
FAC-02379,PROV-0953,"13481,09",Operaciones,4/8/2025,SKU-3652
FAC-02382,PROV-0021,"4212,95",Operaciones,14/8/2025,SKU-5515
FAC-02384,PROV-0755,"14043,38",Operaciones,9/10/2025,SKU-4889
FAC-02391,PROV-0388,"14421,36",Operaciones,22/8/2025,SKU-8856
FAC-02392,PROV-0031,"8440,68",Operaciones,24/6/2025,SKU-4754
FAC-02395,PROV-0707,"864,84",Operaciones,2/4/2025,SKU-8008
FAC-02396,PROV-0240,"7541,53",Operaciones,7/9/2025,SKU-4155
FAC-02402,PROV-0113,"259,58",Operaciones,24/4/2025,SKU-5800
FAC-02403,PROV-0417,"8291,23",Operaciones,29/6/2025,SKU-7521
FAC-02409,PROV-0934,"9561,38",Operaciones,15/11/2025,SKU-5089
FAC-02410,PROV-0006,"10637,14",Operaciones,24/11/2025,SKU-2430
FAC-02421,PROV-0172,"7733,27",Operaciones,19/1/2025,SKU-2271
FAC-02437,PROV-0099,"3983,35",Operaciones,28/12/2025,SKU-5765
FAC-02448,PROV-0752,"8694,55",Operaciones,21/10/2025,SKU-8454
FAC-02452,PROV-0324,"9278,08",Operaciones,6/3/2025,SKU-3168
FAC-02453,PROV-0607,"14939,75",Operaciones,15/7/2025,SKU-8427
FAC-02456,PROV-0430,"7430,24",Operaciones,26/11/2025,SKU-3049
FAC-02466,PROV-0153,"1379,67",Operaciones,26/11/2025,SKU-9456
FAC-02468,PROV-0722,"12620,04",Operaciones,10/3/2025,SKU-6543
FAC-02476,PROV-0100,"2506,74",Operaciones,22/5/2025,SKU-8336
FAC-02480,PROV-0888,"5072,47",Operaciones,4/4/2025,SKU-1528
FAC-02481,PROV-0396,"11113,12",Operaciones,30/5/2025,SKU-5042
FAC-02487,PROV-0376,"9717,26",Operaciones,10/2/2025,SKU-2732
FAC-02490,PROV-0404,"8317,58",Operaciones,28/9/2025,SKU-7396
FAC-02491,PROV-0908,"7716,85",Operaciones,7/3/2025,SKU-3425
FAC-02495,PROV-0287,"1036,76",Operaciones,31/7/2025,SKU-1694
FAC-02497,PROV-0222,"8877,95",Operaciones,28/11/2025,SKU-5582
FAC-02501,PROV-0188,"9829,02",Operaciones,17/3/2025,SKU-9675
FAC-02503,PROV-0208,"3215,76",Operaciones,16/6/2025,SKU-8734
FAC-02516,PROV-0896,"11521,12",Operaciones,26/11/2025,SKU-5526
FAC-02523,PROV-0291,"8720,02",Operaciones,6/8/2025,SKU-9110
FAC-02532,PROV-0306,"7805,06",Operaciones,17/3/2025,SKU-5009
FAC-02533,PROV-0942,"2802,75",Operaciones,28/11/2025,SKU-3045
FAC-02536,PROV-0840,"13140,53",Operaciones,4/6/2025,SKU-4222
FAC-02546,PROV-0931,"8258,43",Operaciones,19/5/2025,SKU-9083
FAC-02547,PROV-0380,"11371,04",Operaciones,22/9/2025,SKU-9698
FAC-02550,PROV-0779,"9593,36",Operaciones,30/8/2025,SKU-9615
FAC-02551,PROV-0673,"584,04",Operaciones,13/1/2025,SKU-1052
FAC-02555,PROV-0628,"13311,64",Operaciones,12/4/2025,SKU-8672
FAC-02559,PROV-0435,"10433,49",Operaciones,1/4/2025,SKU-6139
FAC-02562,PROV-0786,"5901,25",Operaciones,10/5/2025,SKU-2241
FAC-02569,PROV-0332,"6839,23",Operaciones,31/7/2025,SKU-5926
FAC-02583,PROV-0989,"7238,4",Operaciones,30/1/2025,SKU-7275
FAC-02589,PROV-0471,"13109,61",Operaciones,24/5/2025,SKU-2193
FAC-02592,PROV-0930,"2795,91",Operaciones,28/6/2025,SKU-6655
FAC-02593,PROV-0678,"6420,65",Operaciones,27/2/2025,SKU-5050
FAC-02602,PROV-0038,"14356,5",Operaciones,6/7/2025,SKU-7380
FAC-02620,PROV-0076,"13551,03",Operaciones,31/10/2025,SKU-5256
FAC-02621,PROV-0381,"1264,81",Operaciones,25/4/2025,SKU-7991
FAC-02625,PROV-0852,"13293,06",Operaciones,18/4/2025,SKU-9214
FAC-02631,PROV-0906,"1350,16",Operaciones,13/1/2025,SKU-8659
FAC-02647,PROV-0165,"6937,56",Operaciones,6/9/2025,SKU-7531
FAC-02659,PROV-0340,"12131,01",Operaciones,6/6/2025,SKU-6149
FAC-02664,PROV-0133,"7554,87",Operaciones,25/8/2025,SKU-2504
FAC-02666,PROV-0094,"1576,19",Operaciones,29/5/2025,SKU-1545
FAC-02668,PROV-0844,"4815,33",Operaciones,17/3/2025,SKU-8621
FAC-02671,PROV-0408,"14555,94",Operaciones,8/7/2025,SKU-5011
FAC-02686,PROV-0346,"13576,64",Operaciones,27/3/2025,SKU-5841
FAC-02688,PROV-0492,"7571,12",Operaciones,9/5/2025,SKU-1357
FAC-02690,PROV-0906,"2332,73",Operaciones,29/9/2025,SKU-5259
FAC-02692,PROV-0763,"2088,06",Operaciones,21/10/2025,SKU-9519
FAC-02695,PROV-0611,"3168,79",Operaciones,19/8/2025,SKU-2101
FAC-02696,PROV-0858,"8145,54",Operaciones,12/3/2025,SKU-6483
FAC-02703,PROV-0755,"10325,5",Operaciones,15/7/2025,SKU-8427
FAC-02704,PROV-0692,"6123,59",Operaciones,15/10/2025,SKU-3110
FAC-02708,PROV-0201,"2395,01",Operaciones,14/8/2025,SKU-6481
FAC-02710,PROV-0484,"11718,52",Operaciones,21/8/2025,SKU-5881
FAC-02712,PROV-0812,"4816,19",Operaciones,2/5/2025,SKU-8648
FAC-02714,PROV-0556,"8717,47",Operaciones,13/3/2025,SKU-9829
FAC-02720,PROV-0314,"14602,92",Operaciones,24/8/2025,SKU-6130
FAC-02724,PROV-0314,"14228,07",Operaciones,24/8/2025,SKU-6130
FAC-02734,PROV-0314,"12086,2",Operaciones,24/8/2025,SKU-6130
FAC-02735,PROV-0326,"6480,87",Operaciones,8/8/2025,SKU-7880
FAC-02737,PROV-0075,"9877,62",Operaciones,30/11/2025,SKU-2271
FAC-02741,PROV-0970,"5146,75",Operaciones,3/1/2025,SKU-6399
FAC-02751,PROV-0979,"10588,77",Operaciones,16/2/2025,SKU-1206
FAC-02754,PROV-0317,"3840,27",Operaciones,27/1/2025,SKU-9799
FAC-02758,PROV-0754,"4790,6",Operaciones,13/5/2025,SKU-6574
FAC-02763,PROV-0706,"1904,27",Operaciones,19/8/2025,SKU-2380
FAC-02764,PROV-0906,"946,07",Operaciones,19/11/2025,SKU-4577
FAC-02767,PROV-0428,"3979,05",Operaciones,7/11/2025,SKU-7993
FAC-02774,PROV-0326,"7967,68",Operaciones,14/4/2025,SKU-2016
FAC-02777,PROV-0284,"12327,1",Operaciones,29/12/2025,SKU-6842
FAC-02781,PROV-0976,"14585,02",Operaciones,13/3/2025,SKU-6922
FAC-02786,PROV-0793,"1707,67",Operaciones,15/4/2025,SKU-8904
FAC-02792,PROV-0608,"6979,27",Operaciones,20/2/2025,SKU-6765
FAC-02803,PROV-0141,"6544,88",Operaciones,2/8/2025,SKU-7934
FAC-02806,PROV-0901,"8109,96",Operaciones,26/10/2025,SKU-5390
FAC-02810,PROV-0531,"13852,87",Operaciones,21/10/2025,SKU-6751
FAC-02817,PROV-0685,"12502,04",Operaciones,5/2/2025,SKU-1621
FAC-02825,PROV-0332,"408,75",Operaciones,7/5/2025,SKU-3944
FAC-02837,PROV-0300,"11725,81",Operaciones,24/3/2025,SKU-4688
FAC-02846,PROV-0918,"4002,49",Operaciones,7/6/2025,SKU-3442
FAC-02847,PROV-0550,"12475,12",Operaciones,2/3/2025,SKU-9199
FAC-02853,PROV-0691,"6621,83",Operaciones,29/10/2025,SKU-3106
FAC-02854,PROV-0128,"3427,97",Operaciones,3/3/2025,SKU-2635
FAC-02862,PROV-0797,"6357,55",Operaciones,18/1/2025,SKU-4806
FAC-02873,PROV-0853,"5945,94",Operaciones,27/11/2025,SKU-1146
FAC-02874,PROV-0086,"11913,02",Operaciones,22/10/2025,SKU-7216
FAC-02881,PROV-0804,"12471,29",Operaciones,24/10/2025,SKU-5994
FAC-02882,PROV-0173,"2047,12",Operaciones,16/1/2025,SKU-2225
FAC-02885,PROV-0774,"7533,22",Operaciones,18/1/2025,SKU-1431
FAC-02886,PROV-0345,"14439,36",Operaciones,27/9/2025,SKU-4029
FAC-02892,PROV-0633,"6601,09",Operaciones,17/2/2025,SKU-5126
FAC-02894,PROV-0078,"8335,92",Operaciones,12/3/2025,SKU-6784
FAC-02896,PROV-0029,"6582,22",Operaciones,25/12/2025,SKU-2761
FAC-02903,PROV-0841,"14298,56",Operaciones,8/7/2025,SKU-9562
FAC-02910,PROV-0915,"7751,86",Operaciones,21/10/2025,SKU-3029
FAC-02913,PROV-0926,"5580,13",Operaciones,10/2/2025,SKU-6286
FAC-02915,PROV-0882,"1679,4",Operaciones,25/4/2025,SKU-3376
FAC-02920,PROV-0802,"9356,91",Operaciones,13/9/2025,SKU-2829
FAC-02922,PROV-0095,"1415,22",Operaciones,15/9/2025,SKU-1115
FAC-02924,PROV-0161,"2328,87",Operaciones,25/6/2025,SKU-2172
FAC-02930,PROV-0911,"4208,58",Operaciones,21/1/2025,SKU-6769
FAC-02932,PROV-0507,"10609,4",Operaciones,13/8/2025,SKU-2985
FAC-02941,PROV-0029,"5594,34",Operaciones,8/5/2025,SKU-4614
FAC-02953,PROV-0252,"2510,07",Operaciones,27/7/2025,SKU-2304
FAC-02956,PROV-0890,"1965,93",Operaciones,26/2/2025,SKU-3024
FAC-02963,PROV-0543,"3678,65",Operaciones,6/8/2025,SKU-6396
FAC-02965,PROV-0865,"13909,91",Operaciones,10/1/2025,SKU-8114
FAC-02979,PROV-0576,"12202,23",Operaciones,31/1/2025,SKU-9186
FAC-02987,PROV-0074,"3223,94",Operaciones,18/4/2025,SKU-5072
FAC-02990,PROV-0378,"10727,98",Operaciones,12/11/2025,SKU-4428
FAC-02991,PROV-0866,"13653,34",Operaciones,12/9/2025,SKU-4359
FAC-02998,PROV-0657,"12073,18",Operaciones,5/8/2025,SKU-3106
FAC-03009,PROV-0308,"9228,3",Operaciones,29/4/2025,SKU-5282
FAC-03013,PROV-0475,"14121,3",Operaciones,22/9/2025,SKU-5776
FAC-03015,PROV-0973,"5748,1",Operaciones,6/5/2025,SKU-4948
FAC-03019,PROV-0116,"1243,34",Operaciones,22/9/2025,SKU-2201
FAC-03044,PROV-0944,"7946,55",Operaciones,6/11/2025,SKU-4213
FAC-03048,PROV-0294,"273,5",Operaciones,20/7/2025,SKU-8381
FAC-03051,PROV-0520,"8100,74",Operaciones,21/6/2025,SKU-9090
FAC-03073,PROV-0408,"2426,19",Operaciones,4/7/2025,SKU-8897
FAC-03078,PROV-0448,"7554,92",Operaciones,12/12/2025,SKU-9898
FAC-03084,PROV-0747,"3382,77",Operaciones,15/12/2025,SKU-7535
FAC-03085,PROV-0188,"3965,63",Operaciones,29/3/2025,SKU-8597
FAC-03086,PROV-0827,"13331,08",Operaciones,11/9/2025,SKU-9025
FAC-03087,PROV-0216,"3645,08",Operaciones,4/1/2025,SKU-1740
FAC-03091,PROV-0072,"3417,22",Operaciones,4/10/2025,SKU-5736
FAC-03093,PROV-0987,"11223,46",Operaciones,20/4/2025,SKU-7691
FAC-03099,PROV-0662,"3502,09",Operaciones,7/1/2025,SKU-7815
FAC-03101,PROV-0435,"7993,33",Operaciones,30/5/2025,SKU-4861
FAC-03115,PROV-0664,"10255,18",Operaciones,30/6/2025,SKU-5597
FAC-03116,PROV-0087,"1629,13",Operaciones,16/11/2025,SKU-1952
FAC-03121,PROV-0730,"12787,67",Operaciones,16/2/2025,SKU-7637
FAC-03122,PROV-0068,"8234,45",Operaciones,24/3/2025,SKU-3981
FAC-03125,PROV-0038,"11996,53",Operaciones,23/12/2025,SKU-6863
FAC-03130,PROV-0716,"7805,06",Operaciones,30/12/2025,SKU-6805
FAC-03132,PROV-0345,"9814,09",Operaciones,25/2/2025,SKU-6056
FAC-03139,PROV-0206,"13936,4",Operaciones,6/7/2025,SKU-7732
FAC-03148,PROV-0212,"8060,7",Operaciones,3/9/2025,SKU-4553
FAC-03160,PROV-0899,"11255,65",Operaciones,3/11/2025,SKU-8822
FAC-03163,PROV-0669,"8326,63",Operaciones,30/1/2025,SKU-3948
FAC-03177,PROV-0591,"6710,6",Operaciones,1/5/2025,SKU-9497
FAC-03182,PROV-0469,"7545,84",Operaciones,19/1/2025,SKU-3780
FAC-03185,PROV-0363,"8490,69",Operaciones,9/12/2025,SKU-4495
FAC-03191,PROV-0705,"3738,82",Operaciones,2/6/2025,SKU-8487
FAC-03197,PROV-0370,"5454,26",Operaciones,14/11/2025,SKU-2516
FAC-03210,PROV-0785,"14820,68",Operaciones,3/2/2025,SKU-5787
FAC-03214,PROV-0326,"3144,14",Operaciones,14/5/2025,SKU-9985
FAC-03224,PROV-0742,"9375,22",Operaciones,2/6/2025,SKU-9425
FAC-03227,PROV-0093,"9940,02",Operaciones,13/1/2025,SKU-8203
FAC-03229,PROV-0967,"13519,24",Operaciones,23/11/2025,SKU-5384
FAC-03247,PROV-0173,"5462,96",Operaciones,20/8/2025,SKU-4656
FAC-03248,PROV-0896,"1731,59",Operaciones,10/1/2025,SKU-6625
FAC-03249,PROV-0883,"3193,82",Operaciones,26/6/2025,SKU-1913
FAC-03251,PROV-0959,"2205,32",Operaciones,18/8/2025,SKU-5185
FAC-03252,PROV-0331,"9776,73",Operaciones,14/8/2025,SKU-9870
FAC-03257,PROV-0829,"4766,23",Operaciones,3/11/2025,SKU-4200
FAC-03261,PROV-0017,"681,75",Operaciones,28/3/2025,SKU-9538
FAC-03262,PROV-0604,"385,15",Operaciones,26/5/2025,SKU-6529
FAC-03271,PROV-0243,"8546,6",Operaciones,16/7/2025,SKU-7709
FAC-03272,PROV-0882,"13607,84",Operaciones,16/6/2025,SKU-3183
FAC-03275,PROV-0318,"10742,44",Operaciones,16/2/2025,SKU-5863
FAC-03281,PROV-0936,"8803,42",Operaciones,8/9/2025,SKU-7681
FAC-03287,PROV-0277,"6935,68",Operaciones,4/6/2025,SKU-8197
FAC-03291,PROV-0753,"7167,61",Operaciones,27/9/2025,SKU-4441
FAC-03292,PROV-0635,"4760,65",Operaciones,24/9/2025,SKU-3947
FAC-03293,PROV-0886,"10006,4",Operaciones,23/1/2025,SKU-5384
FAC-03304,PROV-0680,"5879,38",Operaciones,27/1/2025,SKU-7985
FAC-03308,PROV-0819,"8217,43",Operaciones,2/8/2025,SKU-9769
FAC-03312,PROV-0760,"4227,14",Operaciones,30/1/2025,SKU-9183
FAC-03318,PROV-0842,"4195,72",Operaciones,12/2/2025,SKU-2325
FAC-03320,PROV-0390,"1106,1",Operaciones,6/1/2025,SKU-9596
FAC-03325,PROV-0217,"12855,04",Operaciones,18/8/2025,SKU-2846
FAC-03330,PROV-0358,"3995,21",Operaciones,24/8/2025,SKU-9057
FAC-03331,PROV-0076,"12694,25",Operaciones,21/9/2025,SKU-3852
FAC-03335,PROV-0550,"9074,5",Operaciones,29/3/2025,SKU-7179
FAC-03339,PROV-0856,"8124,78",Operaciones,10/11/2025,SKU-4976
FAC-03349,PROV-0224,"3170,42",Operaciones,24/9/2025,SKU-1021
FAC-03352,PROV-0951,"9660,87",Operaciones,1/6/2025,SKU-3908
FAC-03356,PROV-0542,"12544,37",Operaciones,31/5/2025,SKU-5628
FAC-03362,PROV-0275,"3494,9",Operaciones,13/4/2025,SKU-1360
FAC-03384,PROV-0704,"6702,44",Operaciones,12/9/2025,SKU-7382
FAC-03398,PROV-0636,"4704,53",Operaciones,23/4/2025,SKU-5179
FAC-03404,PROV-0294,"6519,96",Operaciones,22/8/2025,SKU-1947
FAC-03406,PROV-0112,"7073,57",Operaciones,4/3/2025,SKU-4192
FAC-03407,PROV-0176,"1876,39",Operaciones,7/8/2025,SKU-2152
FAC-03411,PROV-0444,"7675,36",Operaciones,25/9/2025,SKU-6239
FAC-03423,PROV-0789,"11425,55",Operaciones,10/1/2025,SKU-9818
FAC-03425,PROV-0020,"2164,08",Operaciones,22/12/2025,SKU-7037
FAC-03442,PROV-0069,"6233,6",Operaciones,8/6/2025,SKU-9540
FAC-03443,PROV-0170,"219,41",Operaciones,14/2/2025,SKU-7631
FAC-03459,PROV-0315,"10446,28",Operaciones,7/5/2025,SKU-6587
FAC-03474,PROV-0542,"10944,09",Operaciones,28/11/2025,SKU-1783
FAC-03475,PROV-0909,"4753,14",Operaciones,26/11/2025,SKU-7142
FAC-03480,PROV-0219,"14366,11",Operaciones,11/7/2025,SKU-5720
FAC-03483,PROV-0177,"5462,58",Operaciones,25/5/2025,SKU-4657
FAC-03495,PROV-0729,"8504,95",Operaciones,6/12/2025,SKU-4965
FAC-03502,PROV-0222,"6807,16",Operaciones,22/12/2025,SKU-5313
FAC-03504,PROV-0237,"4752,56",Operaciones,8/2/2025,SKU-6446
FAC-03526,PROV-0934,"2532,99",Operaciones,21/6/2025,SKU-8994
FAC-03533,PROV-0315,"11868,08",Operaciones,9/8/2025,SKU-4616
FAC-03536,PROV-0714,"13749,02",Operaciones,20/6/2025,SKU-7583
FAC-03539,PROV-0701,"9170,83",Operaciones,9/8/2025,SKU-8984
FAC-03544,PROV-0343,"6702,2",Operaciones,15/10/2025,SKU-2648
FAC-03548,PROV-0230,"4385,88",Operaciones,30/12/2025,SKU-3223
FAC-03549,PROV-0054,"6255,95",Operaciones,20/10/2025,SKU-8990
FAC-03555,PROV-0371,"11665,58",Operaciones,11/5/2025,SKU-5388
FAC-03562,PROV-0924,"10328,06",Operaciones,23/1/2025,SKU-3523
FAC-03563,PROV-0190,"11108,86",Operaciones,1/4/2025,SKU-6216
FAC-03566,PROV-0596,"4062,43",Operaciones,15/7/2025,SKU-9575
FAC-03577,PROV-0092,"14224,45",Operaciones,6/7/2025,SKU-3018
FAC-03588,PROV-0339,"5622,39",Operaciones,22/4/2025,SKU-4426
FAC-03595,PROV-0808,"11476,6",Operaciones,5/3/2025,SKU-3206
FAC-03616,PROV-0882,"6591,96",Operaciones,20/6/2025,SKU-8894
FAC-03621,PROV-0903,"14068,73",Operaciones,5/7/2025,SKU-7917
FAC-03632,PROV-0609,"8714,9",Operaciones,21/5/2025,SKU-3387
FAC-03635,PROV-0076,"13944,54",Operaciones,21/8/2025,SKU-7958
FAC-03638,PROV-0973,"10211,72",Operaciones,11/9/2025,SKU-4626
FAC-03640,PROV-0123,"14181,43",Operaciones,22/9/2025,SKU-3831
FAC-03641,PROV-0240,"3275,7",Operaciones,6/6/2025,SKU-3685
FAC-03645,PROV-0340,"14889,01",Operaciones,21/4/2025,SKU-9748
FAC-03655,PROV-0801,"4594,78",Operaciones,4/1/2025,SKU-4317
FAC-03661,PROV-0218,"10577,09",Operaciones,26/1/2025,SKU-6358
FAC-03666,PROV-0641,"11905,25",Operaciones,15/10/2025,SKU-3180
FAC-03671,PROV-0867,"13784,91",Operaciones,15/9/2025,SKU-4426
FAC-03687,PROV-0797,"8965,86",Operaciones,27/4/2025,SKU-1320
FAC-03698,PROV-0623,"12335,15",Operaciones,16/8/2025,SKU-5857
FAC-03708,PROV-0854,"3143,02",Operaciones,30/4/2025,SKU-2688
FAC-03713,PROV-0991,"14042,37",Operaciones,16/6/2025,SKU-8052
FAC-03729,PROV-0845,"6263,79",Operaciones,11/5/2025,SKU-8738
FAC-03739,PROV-0757,10618,Operaciones,3/12/2025,SKU-9276
FAC-03741,PROV-0891,"13902,93",Operaciones,23/9/2025,SKU-8531
FAC-03743,PROV-0098,"2175,45",Operaciones,26/4/2025,SKU-3667
FAC-03752,PROV-0958,"10765,23",Operaciones,29/8/2025,SKU-6490
FAC-03761,PROV-0478,"7352,22",Operaciones,9/8/2025,SKU-1400
FAC-03763,PROV-0009,"8526,99",Operaciones,31/7/2025,SKU-9495
FAC-03765,PROV-0812,"7135,42",Operaciones,26/7/2025,SKU-4635
FAC-03766,PROV-0781,"7619,54",Operaciones,19/1/2025,SKU-7784
FAC-03770,PROV-0053,"13752,06",Operaciones,26/4/2025,SKU-6840
FAC-03771,PROV-0879,"11584,9",Operaciones,28/8/2025,SKU-6987
FAC-03779,PROV-0392,"5925,44",Operaciones,22/1/2025,SKU-1223
FAC-03785,PROV-0270,"1903,65",Operaciones,30/3/2025,SKU-6753
FAC-03788,PROV-0986,"12161,48",Operaciones,14/9/2025,SKU-5946
FAC-03794,PROV-0632,"11744,45",Operaciones,16/4/2025,SKU-5957
FAC-03795,PROV-0522,"10017,78",Operaciones,4/12/2025,SKU-8105
FAC-03808,PROV-0133,"495,77",Operaciones,15/12/2025,SKU-1346
FAC-03809,PROV-0559,"7248,39",Operaciones,6/11/2025,SKU-4280
FAC-03813,PROV-0019,"7292,54",Operaciones,26/12/2025,SKU-3167
FAC-03814,PROV-0828,"6999,78",Operaciones,30/7/2025,SKU-4244
FAC-03826,PROV-0327,"2525,67",Operaciones,11/4/2025,SKU-1237
FAC-03841,PROV-0619,"238,84",Operaciones,24/7/2025,SKU-1368
FAC-03843,PROV-0446,"4419,62",Operaciones,7/12/2025,SKU-4125
FAC-03851,PROV-0406,"6260,84",Operaciones,20/11/2025,SKU-1365
FAC-03868,PROV-0541,"13080,46",Operaciones,26/6/2025,SKU-6366
FAC-03877,PROV-0455,"4271,15",Operaciones,7/4/2025,SKU-4822
FAC-03878,PROV-0189,"12734,7",Operaciones,20/7/2025,SKU-4936
FAC-03879,PROV-0588,"6423,75",Operaciones,28/2/2025,SKU-5340
FAC-03881,PROV-0201,"4628,83",Operaciones,24/12/2025,SKU-9896
FAC-03891,PROV-0552,"4698,55",Operaciones,24/6/2025,SKU-3353
FAC-03892,PROV-0805,"13450,09",Operaciones,5/11/2025,SKU-2256
FAC-03908,PROV-0725,"2194,16",Operaciones,31/7/2025,SKU-9289
FAC-03910,PROV-0920,"4758,12",Operaciones,13/4/2025,SKU-2138
FAC-03931,PROV-0988,"3906,51",Operaciones,12/8/2025,SKU-7818
FAC-03942,PROV-0700,"625,01",Operaciones,27/3/2025,SKU-6744
FAC-03944,PROV-0996,"13123,36",Operaciones,22/3/2025,SKU-2032
FAC-03946,PROV-0684,"1096,33",Operaciones,20/5/2025,SKU-9895
FAC-03954,PROV-0274,"4565,28",Operaciones,3/4/2025,SKU-7739
FAC-03964,PROV-0659,"1066,84",Operaciones,19/5/2025,SKU-5675
FAC-03965,PROV-0445,"8072,86",Operaciones,23/3/2025,SKU-5795
FAC-03968,PROV-0920,"5221,88",Operaciones,9/10/2025,SKU-6182
FAC-03973,PROV-0192,"12590,19",Operaciones,22/11/2025,SKU-9645
FAC-03976,PROV-0538,"1609,64",Operaciones,21/11/2025,SKU-1725
FAC-03989,PROV-0964,"1516,65",Operaciones,8/5/2025,SKU-1603
FAC-03991,PROV-0197,"7141,5",Operaciones,18/3/2025,SKU-3443
FAC-03995,PROV-0198,"12578,34",Operaciones,25/8/2025,SKU-5707
FAC-03997,PROV-0001,"3670,84",Operaciones,17/5/2025,SKU-5407
FAC-03998,PROV-0808,"3426,04",Operaciones,24/8/2025,SKU-7176
FAC-04030,PROV-0457,"11979,55",Operaciones,18/3/2025,SKU-3464
FAC-04034,PROV-0672,"10263,11",Operaciones,19/3/2025,SKU-7937
FAC-04039,PROV-0353,"9288,12",Operaciones,3/5/2025,SKU-7978
FAC-04052,PROV-0824,"10211,28",Operaciones,23/7/2025,SKU-3253
FAC-04057,PROV-0678,"11170,99",Operaciones,29/12/2025,SKU-6534
FAC-04062,PROV-0922,"4072,48",Operaciones,15/9/2025,SKU-5273
FAC-04067,PROV-0405,"13911,32",Operaciones,16/12/2025,SKU-5229
FAC-04070,PROV-0731,"9804,06",Operaciones,6/1/2025,SKU-8051
FAC-04079,PROV-0354,"2065,56",Operaciones,19/4/2025,SKU-2028
FAC-04093,PROV-0739,"2153,14",Operaciones,11/3/2025,SKU-2776
FAC-04096,PROV-0752,"10085,12",Operaciones,28/8/2025,SKU-1007
FAC-04107,PROV-0241,"10738,24",Operaciones,22/11/2025,SKU-7631
FAC-04118,PROV-0043,"13572,06",Operaciones,13/11/2025,SKU-1577
FAC-04121,PROV-0771,"10539,62",Operaciones,20/12/2025,SKU-5919
FAC-04124,PROV-0663,"3893,58",Operaciones,14/2/2025,SKU-3414
FAC-04135,PROV-0892,"259,92",Operaciones,2/12/2025,SKU-8161
FAC-04139,PROV-0527,"8036,49",Operaciones,11/10/2025,SKU-9206
FAC-04170,PROV-0070,"14264,86",Operaciones,6/2/2025,SKU-1182
FAC-04172,PROV-0273,"4615,35",Operaciones,9/8/2025,SKU-8434
FAC-04174,PROV-0331,"13408,39",Operaciones,31/12/2025,SKU-2734
FAC-04176,PROV-0802,"487,25",Operaciones,17/11/2025,SKU-3296
FAC-04194,PROV-0542,"9359,46",Operaciones,12/1/2025,SKU-7569
FAC-04196,PROV-0659,"14194,34",Operaciones,5/8/2025,SKU-2874
FAC-04197,PROV-0078,"9647,94",Operaciones,29/1/2025,SKU-5821
FAC-04200,PROV-0239,"9497,89",Operaciones,3/12/2025,SKU-4037
FAC-04208,PROV-0643,"4772,63",Operaciones,27/3/2025,SKU-6257
FAC-04215,PROV-0810,"11798,41",Operaciones,14/9/2025,SKU-3863
FAC-04217,PROV-0833,"5078,13",Operaciones,14/5/2025,SKU-1276
FAC-04224,PROV-0160,"11079,94",Operaciones,4/1/2025,SKU-8559
FAC-04232,PROV-0175,"13464,06",Operaciones,11/4/2025,SKU-5836
FAC-04259,PROV-0206,"1514,22",Operaciones,17/1/2025,SKU-3957
FAC-04264,PROV-0911,"6820,99",Operaciones,13/10/2025,SKU-3316
FAC-04265,PROV-0413,"11817,85",Operaciones,12/6/2025,SKU-5320
FAC-04275,PROV-0443,"12813,52",Operaciones,2/12/2025,SKU-4736
FAC-04277,PROV-0456,"12404,54",Operaciones,5/11/2025,SKU-8172
FAC-04280,PROV-0110,"14971,78",Operaciones,9/10/2025,SKU-9161
FAC-04286,PROV-0112,"11268,14",Operaciones,12/11/2025,SKU-8023
FAC-04298,PROV-0243,"11432,38",Operaciones,8/4/2025,SKU-7546
FAC-04303,PROV-0938,"1682,12",Operaciones,23/1/2025,SKU-2321
FAC-04309,PROV-0613,"2683,98",Operaciones,7/2/2025,SKU-2915
FAC-04319,PROV-0669,"6266,19",Operaciones,28/2/2025,SKU-9829
FAC-04332,PROV-0600,"1299,66",Operaciones,29/7/2025,SKU-3235
FAC-04339,PROV-0259,"3692,27",Operaciones,1/7/2025,SKU-3825
FAC-04350,PROV-0343,2640,Operaciones,25/7/2025,SKU-5603
FAC-04356,PROV-0728,"5969,61",Operaciones,1/3/2025,SKU-7025
FAC-04368,PROV-0386,"4992,73",Operaciones,10/7/2025,SKU-7517
FAC-04370,PROV-0737,"13230,98",Operaciones,17/10/2025,SKU-2622
FAC-04372,PROV-0745,"3438,28",Operaciones,4/4/2025,SKU-6225
FAC-04373,PROV-0578,"3523,26",Operaciones,13/8/2025,SKU-7995
FAC-04382,PROV-0755,"12688,09",Operaciones,5/9/2025,SKU-5311
FAC-04388,PROV-0158,"4718,18",Operaciones,2/6/2025,SKU-4565
FAC-04390,PROV-0963,"5582,08",Operaciones,6/9/2025,SKU-8895
FAC-04391,PROV-0137,"3722,12",Operaciones,13/6/2025,SKU-2642
FAC-04395,PROV-0627,"3496,98",Operaciones,29/1/2025,SKU-6607
FAC-04400,PROV-0963,"7128,13",Operaciones,17/6/2025,SKU-1091
FAC-04402,PROV-0028,"2454,46",Operaciones,23/1/2025,SKU-3460
FAC-04407,PROV-0223,"7329,7",Operaciones,11/5/2025,SKU-8815
FAC-04412,PROV-0048,"5718,73",Operaciones,23/9/2025,SKU-4833
FAC-04414,PROV-0275,"764,59",Operaciones,14/2/2025,SKU-1684
FAC-04415,PROV-0478,"13887,55",Operaciones,30/9/2025,SKU-5208
FAC-04422,PROV-0152,"7591,26",Operaciones,27/4/2025,SKU-6041
FAC-04424,PROV-0540,"4172,02",Operaciones,20/5/2025,SKU-2204
FAC-04429,PROV-0349,"1357,63",Operaciones,5/2/2025,SKU-5587
FAC-04431,PROV-0536,"13565,25",Operaciones,24/12/2025,SKU-7907
FAC-04432,PROV-0373,"12786,24",Operaciones,8/12/2025,SKU-2448
FAC-04441,PROV-0960,"12719,21",Operaciones,28/8/2025,SKU-1668
FAC-04447,PROV-0395,"12476,59",Operaciones,27/2/2025,SKU-7950
FAC-04451,PROV-0436,"4990,39",Operaciones,22/3/2025,SKU-2554
FAC-04459,PROV-0821,"14158,56",Operaciones,17/9/2025,SKU-3149
FAC-04467,PROV-0575,"3125,26",Operaciones,25/6/2025,SKU-9575
FAC-04471,PROV-0645,"14464,65",Operaciones,28/6/2025,SKU-3895
FAC-04473,PROV-0899,"3498,84",Operaciones,14/2/2025,SKU-4737
FAC-04491,PROV-0666,"11451,26",Operaciones,22/6/2025,SKU-4518
FAC-04494,PROV-0477,"14541,86",Operaciones,28/9/2025,SKU-2318
FAC-04505,PROV-0711,"12546,95",Operaciones,25/2/2025,SKU-5009
FAC-04509,PROV-0642,"7276,94",Operaciones,10/11/2025,SKU-3433
FAC-04518,PROV-0290,"5545,05",Operaciones,8/9/2025,SKU-5480
FAC-04520,PROV-0594,"375,47",Operaciones,14/10/2025,SKU-1433
FAC-04528,PROV-0922,"7141,55",Operaciones,17/10/2025,SKU-1455
FAC-04530,PROV-0305,"10716,09",Operaciones,22/4/2025,SKU-3299
FAC-04532,PROV-0719,"8555,89",Operaciones,11/7/2025,SKU-9067
FAC-04536,PROV-0527,"12625,54",Operaciones,27/3/2025,SKU-5651
FAC-04538,PROV-0361,"2289,43",Operaciones,22/7/2025,SKU-5502
FAC-04540,PROV-0316,"13342,61",Operaciones,25/3/2025,SKU-1085
FAC-04569,PROV-0467,"12679,52",Operaciones,19/8/2025,SKU-6630
FAC-04581,PROV-0352,"8084,7",Operaciones,30/4/2025,SKU-1662
FAC-04583,PROV-0858,"1542,51",Operaciones,22/8/2025,SKU-4205
FAC-04586,PROV-0626,"5069,43",Operaciones,18/7/2025,SKU-3705
FAC-04589,PROV-0177,"538,43",Operaciones,8/3/2025,SKU-9158
FAC-04590,PROV-0348,"9894,91",Operaciones,26/12/2025,SKU-3434
FAC-04591,PROV-0616,"13091,97",Operaciones,27/8/2025,SKU-5885
FAC-04603,PROV-0100,"323,85",Operaciones,4/10/2025,SKU-3663
FAC-04604,PROV-0361,"9542,75",Operaciones,15/4/2025,SKU-2792
FAC-04605,PROV-0486,"6318,59",Operaciones,23/10/2025,SKU-7791
FAC-04607,PROV-0276,"3560,33",Operaciones,12/2/2025,SKU-4783
FAC-04609,PROV-0251,"2305,68",Operaciones,2/5/2025,SKU-7806
FAC-04611,PROV-0219,"10099,56",Operaciones,19/11/2025,SKU-8790
FAC-04613,PROV-0083,"11501,29",Operaciones,1/12/2025,SKU-9456
FAC-04624,PROV-0816,"10088,1",Operaciones,23/9/2025,SKU-4568
FAC-04629,PROV-0195,"1019,13",Operaciones,22/12/2025,SKU-7536
FAC-04630,PROV-0554,"11834,99",Operaciones,11/11/2025,SKU-6527
FAC-04638,PROV-0006,"5351,26",Operaciones,20/8/2025,SKU-6134
FAC-04639,PROV-0631,"8546,17",Operaciones,18/8/2025,SKU-6791
FAC-04650,PROV-0221,"2711,03",Operaciones,29/1/2025,SKU-2520
FAC-04653,PROV-0945,"6141,99",Operaciones,6/10/2025,SKU-3233
FAC-04656,PROV-0529,"7584,04",Operaciones,29/10/2025,SKU-9590
FAC-04658,PROV-0826,"1659,91",Operaciones,22/3/2025,SKU-1906
FAC-04660,PROV-0104,"11279,37",Operaciones,18/7/2025,SKU-7513
FAC-04666,PROV-0893,"12211,96",Operaciones,14/8/2025,SKU-9128
FAC-04676,PROV-0058,"8886,63",Operaciones,19/6/2025,SKU-9143
FAC-04680,PROV-0124,"4761,06",Operaciones,26/5/2025,SKU-7557
FAC-04696,PROV-0796,"8591,07",Operaciones,16/9/2025,SKU-3354
FAC-04698,PROV-0424,"4457,64",Operaciones,18/10/2025,SKU-3699
FAC-04715,PROV-0484,"14162,55",Operaciones,21/7/2025,SKU-9696
FAC-04727,PROV-0326,3973,Operaciones,20/7/2025,SKU-4451
FAC-04733,PROV-0493,"1533,37",Operaciones,23/1/2025,SKU-8616
FAC-04741,PROV-0751,"9038,54",Operaciones,6/6/2025,SKU-1624
FAC-04744,PROV-0062,"9022,59",Operaciones,29/6/2025,SKU-3770
FAC-04754,PROV-0237,"5427,17",Operaciones,23/4/2025,SKU-5479
FAC-04755,PROV-0077,"3867,79",Operaciones,26/8/2025,SKU-9244
FAC-04763,PROV-0094,"278,29",Operaciones,14/3/2025,SKU-4956
FAC-04770,PROV-0047,"6467,71",Operaciones,24/4/2025,SKU-9745
FAC-04772,PROV-0786,"546,65",Operaciones,28/8/2025,SKU-3124
FAC-04783,PROV-0863,"9698,38",Operaciones,11/10/2025,SKU-9584
FAC-04785,PROV-0464,"10649,95",Operaciones,6/1/2025,SKU-4918
FAC-04795,PROV-0435,"12260,13",Operaciones,14/11/2025,SKU-9869
FAC-04797,PROV-0204,"5591,41",Operaciones,24/12/2025,SKU-6038
FAC-04801,PROV-0483,"2829,29",Operaciones,16/5/2025,SKU-4290
FAC-04807,PROV-0952,"14954,43",Operaciones,28/1/2025,SKU-5773
FAC-04808,PROV-0877,"9221,62",Operaciones,14/8/2025,SKU-3542
FAC-04809,PROV-0322,"10344,43",Operaciones,15/7/2025,SKU-2391
FAC-04812,PROV-0202,"2287,58",Operaciones,7/8/2025,SKU-1772
FAC-04815,PROV-0216,"11219,94",Operaciones,2/9/2025,SKU-8659
FAC-04819,PROV-0302,"5414,56",Operaciones,20/6/2025,SKU-4745
FAC-04822,PROV-0088,"10299,28",Operaciones,9/4/2025,SKU-9984
FAC-04826,PROV-0327,"427,31",Operaciones,13/2/2025,SKU-8615
FAC-04827,PROV-0641,"4463,68",Operaciones,7/5/2025,SKU-4970
FAC-04830,PROV-0359,"14205,51",Operaciones,9/4/2025,SKU-5784
FAC-04841,PROV-0962,"14636,88",Operaciones,15/9/2025,SKU-9969
FAC-04844,PROV-0867,"8650,97",Operaciones,23/2/2025,SKU-1470
FAC-04850,PROV-0847,"6219,11",Operaciones,7/1/2025,SKU-6832
FAC-04851,PROV-0615,"9264,26",Operaciones,12/1/2025,SKU-2672
FAC-04854,PROV-0465,"4928,1",Operaciones,17/7/2025,SKU-6976
FAC-04855,PROV-0206,"9966,9",Operaciones,26/1/2025,SKU-4372
FAC-04865,PROV-0449,"5919,2",Operaciones,14/6/2025,SKU-6257
FAC-04867,PROV-0537,"12640,15",Operaciones,8/1/2025,SKU-4883
FAC-04869,PROV-0787,"12549,43",Operaciones,24/7/2025,SKU-9210
FAC-04871,PROV-0967,"3773,7",Operaciones,10/4/2025,SKU-6303
FAC-04878,PROV-0305,"7205,8",Operaciones,9/8/2025,SKU-7727
FAC-04886,PROV-0063,"12942,85",Operaciones,4/12/2025,SKU-9119
FAC-04896,PROV-0638,"6906,71",Operaciones,9/2/2025,SKU-1456
FAC-04898,PROV-0865,"1980,6",Operaciones,19/6/2025,SKU-4555
FAC-04905,PROV-0228,"9711,25",Operaciones,19/11/2025,SKU-4272
FAC-04908,PROV-0039,"10808,4",Operaciones,22/6/2025,SKU-8688
FAC-04919,PROV-0083,"13818,82",Operaciones,7/4/2025,SKU-3674
FAC-04921,PROV-0484,"7655,34",Operaciones,21/6/2025,SKU-3893
FAC-04924,PROV-0845,"408,45",Operaciones,7/10/2025,SKU-9170
FAC-04936,PROV-0108,"14247,02",Operaciones,31/7/2025,SKU-4236
FAC-04946,PROV-0327,"13261,98",Operaciones,3/5/2025,SKU-2159
FAC-04960,PROV-0078,"3889,06",Operaciones,3/7/2025,SKU-7188
FAC-04965,PROV-0530,"441,88",Operaciones,19/1/2025,SKU-5322
FAC-04968,PROV-0705,"9284,11",Operaciones,11/6/2025,SKU-3040
FAC-04978,PROV-0171,"14260,03",Operaciones,30/5/2025,SKU-3678
FAC-04988,PROV-0944,"4303,03",Operaciones,17/2/2025,SKU-6458
FAC-04992,PROV-0301,"6503,05",Operaciones,18/9/2025,SKU-2015
FAC-04995,PROV-0122,"3954,83",Operaciones,22/11/2025,SKU-6541
FAC-05003,PROV-0842,"7415,2",Operaciones,27/12/2025,SKU-4576
FAC-05008,PROV-0800,"10075,27",Operaciones,22/5/2025,SKU-6110
FAC-05012,PROV-0481,"13454,1",Operaciones,4/12/2025,SKU-8343
FAC-05014,PROV-0798,"12524,49",Operaciones,19/5/2025,SKU-1958
FAC-05020,PROV-0261,"1946,41",Operaciones,7/9/2025,SKU-4177
FAC-05025,PROV-0060,"6171,77",Operaciones,9/12/2025,SKU-1626
FAC-05049,PROV-0221,"9541,45",Operaciones,23/6/2025,SKU-3586
FAC-05057,PROV-0105,"4223,14",Operaciones,30/6/2025,SKU-3570
FAC-05060,PROV-0736,"10597,59",Operaciones,30/1/2025,SKU-8039
FAC-05066,PROV-0550,"2937,66",Operaciones,21/11/2025,SKU-8784
FAC-05070,PROV-0661,"13272,15",Operaciones,3/4/2025,SKU-9951
FAC-05073,PROV-0724,"6599,75",Operaciones,5/11/2025,SKU-7286
FAC-05080,PROV-0309,"10983,86",Operaciones,2/2/2025,SKU-2913
FAC-05087,PROV-0434,"548,33",Operaciones,18/2/2025,SKU-3533
FAC-05088,PROV-0037,"3851,35",Operaciones,19/5/2025,SKU-2774
FAC-05091,PROV-0798,"13492,03",Operaciones,16/4/2025,SKU-4436
FAC-05092,PROV-0670,"12598,52",Operaciones,11/11/2025,SKU-2179
FAC-05101,PROV-0299,"14618,51",Operaciones,12/8/2025,SKU-5294
FAC-05105,PROV-0483,"12885,01",Operaciones,10/7/2025,SKU-7547
FAC-05107,PROV-0388,"10740,44",Operaciones,5/4/2025,SKU-4582
FAC-05111,PROV-0546,"12389,73",Operaciones,15/9/2025,SKU-4016
FAC-05124,PROV-0969,"7356,89",Operaciones,29/3/2025,SKU-3205
FAC-05129,PROV-0556,"8030,23",Operaciones,25/5/2025,SKU-3918
FAC-05132,PROV-0198,"749,89",Operaciones,28/2/2025,SKU-3179
FAC-05135,PROV-0690,"10205,3",Operaciones,29/10/2025,SKU-8501
FAC-05139,PROV-0926,"11448,51",Operaciones,21/12/2025,SKU-6835
FAC-05160,PROV-0734,"4883,55",Operaciones,17/5/2025,SKU-8529
FAC-05161,PROV-0464,"424,64",Operaciones,29/4/2025,SKU-2314
FAC-05168,PROV-0298,"7950,32",Operaciones,23/12/2025,SKU-9460
FAC-05172,PROV-0441,"6245,13",Operaciones,17/10/2025,SKU-4458
FAC-05175,PROV-0958,"3171,61",Operaciones,17/2/2025,SKU-9948
FAC-05176,PROV-0719,"8587,14",Operaciones,25/10/2025,SKU-5931
FAC-05182,PROV-0825,"5124,03",Operaciones,5/11/2025,SKU-3882
FAC-05184,PROV-0279,"1523,99",Operaciones,31/3/2025,SKU-8722
FAC-05208,PROV-0424,"2188,78",Operaciones,4/5/2025,SKU-6478
FAC-05227,PROV-0230,8392,Operaciones,2/9/2025,SKU-6994
FAC-05230,PROV-0527,"9407,73",Operaciones,12/8/2025,SKU-2935
FAC-05231,PROV-0512,"3998,63",Operaciones,5/3/2025,SKU-6810
FAC-05237,PROV-0677,"9078,99",Operaciones,16/7/2025,SKU-4210
FAC-05241,PROV-0440,"12234,59",Operaciones,9/1/2025,SKU-2786
FAC-05248,PROV-0809,"6025,1",Operaciones,5/8/2025,SKU-8600
FAC-05249,PROV-0071,"13510,48",Operaciones,5/9/2025,SKU-8687
FAC-05254,PROV-0210,"8875,41",Operaciones,7/7/2025,SKU-4215
FAC-05255,PROV-0613,"1046,26",Operaciones,3/8/2025,SKU-1400
FAC-05261,PROV-0992,"11256,87",Operaciones,8/4/2025,SKU-2332
FAC-05264,PROV-0625,"11175,4",Operaciones,26/3/2025,SKU-3152
FAC-05271,PROV-0023,"13203,88",Operaciones,27/6/2025,SKU-3029
FAC-05276,PROV-0413,"13495,84",Operaciones,19/3/2025,SKU-6466
FAC-05279,PROV-0535,"14749,21",Operaciones,2/1/2025,SKU-1291
FAC-05291,PROV-0495,"8712,39",Operaciones,14/11/2025,SKU-1722
FAC-05297,PROV-0696,"7666,5",Operaciones,13/3/2025,SKU-8081
FAC-05314,PROV-0937,"8629,61",Operaciones,7/11/2025,SKU-7338
FAC-05320,PROV-0257,"8913,55",Operaciones,27/11/2025,SKU-5033
FAC-05327,PROV-0613,"11667,46",Operaciones,11/5/2025,SKU-6676
FAC-05351,PROV-0267,"10134,37",Operaciones,20/2/2025,SKU-8600
FAC-05352,PROV-0201,"298,43",Operaciones,18/10/2025,SKU-3790
FAC-05353,PROV-0275,"4996,8",Operaciones,29/12/2025,SKU-1675
FAC-05358,PROV-0058,"4014,47",Operaciones,11/7/2025,SKU-3141
FAC-05371,PROV-0687,"4595,74",Operaciones,30/1/2025,SKU-3211
FAC-05372,PROV-0579,"11980,49",Operaciones,2/12/2025,SKU-5499
FAC-05374,PROV-0224,"4150,1",Operaciones,2/4/2025,SKU-3447
FAC-05377,PROV-0631,"5492,52",Operaciones,1/9/2025,SKU-5079
FAC-05382,PROV-0315,"13457,48",Operaciones,5/5/2025,SKU-2999
FAC-05388,PROV-0807,"542,68",Operaciones,18/10/2025,SKU-1068
FAC-05407,PROV-0494,"4538,9",Operaciones,28/8/2025,SKU-3333
FAC-05409,PROV-0983,"2987,69",Operaciones,25/3/2025,SKU-5853
FAC-05411,PROV-0696,"5972,12",Operaciones,4/5/2025,SKU-7341
FAC-05417,PROV-0383,"2337,21",Operaciones,18/1/2025,SKU-8216
FAC-05418,PROV-0116,"2850,62",Operaciones,3/6/2025,SKU-3931
FAC-05419,PROV-0952,"1013,82",Operaciones,2/2/2025,SKU-8131
FAC-05423,PROV-0694,"3021,66",Operaciones,21/10/2025,SKU-1888
FAC-05433,PROV-0218,"9532,03",Operaciones,16/8/2025,SKU-2880
FAC-05435,PROV-0082,"8251,99",Operaciones,7/10/2025,SKU-5804
FAC-05437,PROV-0567,"11088,64",Operaciones,22/1/2025,SKU-1568
FAC-05460,PROV-0428,"5962,9",Operaciones,4/7/2025,SKU-3543
FAC-05463,PROV-0318,"1962,87",Operaciones,26/8/2025,SKU-1639
FAC-05473,PROV-0950,"5815,53",Operaciones,28/11/2025,SKU-8230
FAC-05477,PROV-0907,"2704,78",Operaciones,2/10/2025,SKU-4230
FAC-05479,PROV-0640,"11476,72",Operaciones,25/9/2025,SKU-7773
FAC-05482,PROV-0256,"893,53",Operaciones,11/8/2025,SKU-5426
FAC-05500,PROV-0568,"7610,87",Operaciones,14/1/2025,SKU-1585
FAC-05502,PROV-0388,"12376,48",Operaciones,30/7/2025,SKU-8799
FAC-05512,PROV-0565,"8826,36",Operaciones,12/5/2025,SKU-7383
FAC-05519,PROV-0914,"11837,98",Operaciones,1/3/2025,SKU-6831
FAC-05523,PROV-0468,"393,4",Operaciones,12/12/2025,SKU-5799
FAC-05525,PROV-0359,"11211,59",Operaciones,30/7/2025,SKU-1952
FAC-05526,PROV-0653,"13770,24",Operaciones,6/8/2025,SKU-9069
FAC-05534,PROV-0717,"2117,07",Operaciones,4/7/2025,SKU-7429
FAC-05543,PROV-0419,"8203,92",Operaciones,11/7/2025,SKU-8897
FAC-05556,PROV-0017,"8911,83",Operaciones,19/3/2025,SKU-8523
FAC-05559,PROV-0577,"3920,91",Operaciones,6/5/2025,SKU-7420
FAC-05561,PROV-0483,"9866,15",Operaciones,24/1/2025,SKU-9331
FAC-05563,PROV-0893,"12330,97",Operaciones,4/1/2025,SKU-8969
FAC-05567,PROV-0975,"4508,69",Operaciones,14/2/2025,SKU-6326
FAC-05568,PROV-0711,"8775,18",Operaciones,9/5/2025,SKU-9091
FAC-05584,PROV-0339,"13355,3",Operaciones,11/7/2025,SKU-7285
FAC-05590,PROV-0927,"359,17",Operaciones,9/5/2025,SKU-2376
FAC-05594,PROV-0284,"13651,32",Operaciones,25/4/2025,SKU-2283
FAC-05596,PROV-0619,"5121,83",Operaciones,9/2/2025,SKU-3571
FAC-05600,PROV-0364,"6127,64",Operaciones,29/11/2025,SKU-3072
FAC-05601,PROV-0712,"11252,07",Operaciones,9/12/2025,SKU-4270
FAC-05612,PROV-0007,"13658,01",Operaciones,17/10/2025,SKU-9980
FAC-05620,PROV-0097,"4878,81",Operaciones,28/12/2025,SKU-9272
FAC-05623,PROV-0745,"10782,21",Operaciones,18/3/2025,SKU-8096
FAC-05624,PROV-0452,"8428,72",Operaciones,19/10/2025,SKU-3735
FAC-05625,PROV-0979,"9669,27",Operaciones,21/10/2025,SKU-2663
FAC-05635,PROV-0014,"14127,85",Operaciones,23/10/2025,SKU-6263
FAC-05638,PROV-0198,"11459,42",Operaciones,2/7/2025,SKU-8579
FAC-05643,PROV-0364,"5297,39",Operaciones,20/12/2025,SKU-7158
FAC-05647,PROV-0380,"3562,37",Operaciones,22/7/2025,SKU-2546
FAC-05652,PROV-0604,"4056,46",Operaciones,8/4/2025,SKU-5597
FAC-05654,PROV-0673,"8282,11",Operaciones,4/7/2025,SKU-3800
FAC-05664,PROV-0456,"8206,91",Operaciones,20/8/2025,SKU-1286
FAC-05670,PROV-0835,"13488,68",Operaciones,25/12/2025,SKU-5805
FAC-05673,PROV-0544,"10799,69",Operaciones,14/5/2025,SKU-2302
FAC-05676,PROV-0515,"5800,71",Operaciones,20/2/2025,SKU-8157
FAC-05680,PROV-0200,"11713,96",Operaciones,17/10/2025,SKU-9896
FAC-05688,PROV-0230,"4223,45",Operaciones,14/2/2025,SKU-3612
FAC-05694,PROV-0544,"6943,06",Operaciones,5/2/2025,SKU-8642
FAC-05699,PROV-0132,"12608,58",Operaciones,9/9/2025,SKU-1094
FAC-05700,PROV-0701,"1242,45",Operaciones,23/12/2025,SKU-2843
FAC-05708,PROV-0807,"4221,87",Operaciones,30/9/2025,SKU-3063
FAC-05709,PROV-0249,"2007,63",Operaciones,16/12/2025,SKU-3967
FAC-05718,PROV-0816,"8258,45",Operaciones,20/9/2025,SKU-1681
FAC-05724,PROV-0208,"2470,55",Operaciones,18/2/2025,SKU-6407
FAC-05730,PROV-0612,"10073,99",Operaciones,17/11/2025,SKU-1147
FAC-05731,PROV-0702,"11252,29",Operaciones,12/7/2025,SKU-6494
FAC-05739,PROV-0603,"4922,67",Operaciones,7/10/2025,SKU-2805
FAC-05742,PROV-0702,"14893,99",Operaciones,15/10/2025,SKU-6873
FAC-05743,PROV-0388,"7125,77",Operaciones,18/12/2025,SKU-6754
FAC-05748,PROV-0014,"9790,21",Operaciones,9/7/2025,SKU-5851
FAC-05752,PROV-0533,1563,Operaciones,10/10/2025,SKU-5767
FAC-05760,PROV-0622,"10370,3",Operaciones,12/2/2025,SKU-5140
FAC-05765,PROV-0187,"1909,97",Operaciones,9/8/2025,SKU-5094
FAC-05781,PROV-0992,"12926,46",Operaciones,27/8/2025,SKU-3878
FAC-05798,PROV-0088,"14757,83",Operaciones,28/6/2025,SKU-6083
FAC-05829,PROV-0439,"8156,78",Operaciones,1/10/2025,SKU-7213
FAC-05834,PROV-0523,"12223,02",Operaciones,15/9/2025,SKU-5911
FAC-05841,PROV-0506,"3257,1",Operaciones,24/5/2025,SKU-4367
FAC-05849,PROV-0069,"8376,56",Operaciones,30/4/2025,SKU-5856
FAC-05867,PROV-0570,"11843,52",Operaciones,9/3/2025,SKU-9487
FAC-05873,PROV-0729,"9597,91",Operaciones,13/1/2025,SKU-5174
FAC-05880,PROV-0539,"278,14",Operaciones,7/6/2025,SKU-4740
FAC-05890,PROV-0892,"3382,75",Operaciones,8/11/2025,SKU-8644
FAC-05892,PROV-0121,"6979,75",Operaciones,23/12/2025,SKU-4838
FAC-05895,PROV-0336,"3558,69",Operaciones,18/3/2025,SKU-2275
FAC-05904,PROV-0674,"12895,3",Operaciones,12/12/2025,SKU-6735
FAC-05910,PROV-0981,"13643,87",Operaciones,15/3/2025,SKU-2401
FAC-05911,PROV-0323,"4359,96",Operaciones,14/8/2025,SKU-6933
FAC-05919,PROV-0112,"3342,12",Operaciones,29/4/2025,SKU-9426
FAC-05932,PROV-0414,"3742,79",Operaciones,15/8/2025,SKU-5053
FAC-05938,PROV-0716,"4224,99",Operaciones,30/10/2025,SKU-4227
FAC-05941,PROV-0985,"10963,69",Operaciones,29/12/2025,SKU-3857
FAC-05948,PROV-0942,"7271,47",Operaciones,23/7/2025,SKU-6740
FAC-05958,PROV-0848,"3379,31",Operaciones,9/4/2025,SKU-6531
FAC-05960,PROV-0780,"14986,49",Operaciones,14/5/2025,SKU-9400
FAC-05962,PROV-0444,"4762,11",Operaciones,30/6/2025,SKU-8728
FAC-05985,PROV-0228,"10259,67",Operaciones,15/7/2025,SKU-4146
FAC-05995,PROV-0483,"6820,38",Operaciones,6/10/2025,SKU-2396
FAC-05999,PROV-0343,"10226,08",Operaciones,12/8/2025,SKU-3570
FAC-06000,PROV-0065,"11834,51",Operaciones,18/10/2025,SKU-5506
FAC-06012,PROV-0510,"5995,38",Operaciones,1/10/2025,SKU-2553
FAC-06017,PROV-0787,"4263,36",Operaciones,14/3/2025,SKU-5480
FAC-06021,PROV-0332,"6171,26",Operaciones,1/2/2025,SKU-5476
FAC-06029,PROV-0453,"880,92",Operaciones,25/6/2025,SKU-9403
FAC-06039,PROV-0257,2736,Operaciones,2/4/2025,SKU-3958
FAC-06043,PROV-0910,"4198,24",Operaciones,27/11/2025,SKU-7492
FAC-06060,PROV-0966,"8407,58",Operaciones,5/3/2025,SKU-4316
FAC-06062,PROV-0662,"4878,65",Operaciones,1/11/2025,SKU-4148
FAC-06069,PROV-0016,"5176,08",Operaciones,18/5/2025,SKU-7545
FAC-06070,PROV-0260,"5503,5",Operaciones,6/7/2025,SKU-4803
FAC-06073,PROV-0650,"4743,13",Operaciones,2/11/2025,SKU-2206
FAC-06082,PROV-0622,"6021,35",Operaciones,4/1/2025,SKU-4140
FAC-06093,PROV-0421,"14490,43",Operaciones,26/10/2025,SKU-7712
FAC-06094,PROV-0071,"11302,45",Operaciones,30/1/2025,SKU-5726
FAC-06104,PROV-0549,"9274,22",Operaciones,18/11/2025,SKU-6503
FAC-06115,PROV-0083,"6637,05",Operaciones,30/11/2025,SKU-8983
FAC-06130,PROV-0608,"11038,57",Operaciones,31/7/2025,SKU-5504
FAC-06133,PROV-0820,"9036,35",Operaciones,11/11/2025,SKU-3711
FAC-06134,PROV-0345,"3239,91",Operaciones,7/4/2025,SKU-3752
FAC-06137,PROV-0045,"14349,12",Operaciones,20/10/2025,SKU-5382
FAC-06155,PROV-0681,"13911,41",Operaciones,19/8/2025,SKU-9364
FAC-06156,PROV-0544,"12564,19",Operaciones,11/11/2025,SKU-9307
FAC-06159,PROV-0067,"11850,78",Operaciones,12/5/2025,SKU-2799
FAC-06160,PROV-0405,"3188,6",Operaciones,4/4/2025,SKU-9204
FAC-06180,PROV-0743,"14946,9",Operaciones,24/5/2025,SKU-2277
FAC-06186,PROV-0128,"5057,3",Operaciones,6/7/2025,SKU-7376
FAC-06188,PROV-0590,"3045,62",Operaciones,10/3/2025,SKU-4498
FAC-06192,PROV-0743,"14482,1",Operaciones,14/5/2025,SKU-4500
FAC-06194,PROV-0561,"12210,25",Operaciones,31/5/2025,SKU-5424
FAC-06196,PROV-0187,"3010,53",Operaciones,1/5/2025,SKU-2002
FAC-06199,PROV-0315,"11739,54",Operaciones,14/2/2025,SKU-7204
FAC-06201,PROV-0380,"1003,09",Operaciones,24/2/2025,SKU-3507
FAC-06204,PROV-0255,"9822,19",Operaciones,28/10/2025,SKU-2535
FAC-06206,PROV-0650,"4272,83",Operaciones,9/7/2025,SKU-7951
FAC-06220,PROV-0152,"14686,9",Operaciones,3/4/2025,SKU-5252
FAC-06226,PROV-0470,"4920,81",Operaciones,9/11/2025,SKU-8843
FAC-06228,PROV-0157,"3756,86",Operaciones,28/3/2025,SKU-4666
FAC-06230,PROV-0174,"5267,13",Operaciones,16/4/2025,SKU-2024
FAC-06237,PROV-0034,"7574,68",Operaciones,6/6/2025,SKU-5065
FAC-06238,PROV-0130,"2387,38",Operaciones,21/2/2025,SKU-2291
FAC-06245,PROV-0890,"6810,49",Operaciones,14/5/2025,SKU-9377
FAC-06247,PROV-0228,"9267,47",Operaciones,25/9/2025,SKU-7650
FAC-06254,PROV-0454,"993,97",Operaciones,6/1/2025,SKU-5058
FAC-06258,PROV-0623,"5934,77",Operaciones,4/5/2025,SKU-7887
FAC-06264,PROV-0430,"5181,37",Operaciones,21/10/2025,SKU-4110
FAC-06268,PROV-0797,"2299,23",Operaciones,28/3/2025,SKU-3008
FAC-06285,PROV-0471,"9880,19",Operaciones,12/9/2025,SKU-9522
FAC-06287,PROV-0430,"6700,07",Operaciones,12/6/2025,SKU-2819
FAC-06291,PROV-0438,"10225,54",Operaciones,18/8/2025,SKU-2911
FAC-06296,PROV-0946,"14151,77",Operaciones,21/9/2025,SKU-1081
FAC-06301,PROV-0069,"4861,63",Operaciones,20/8/2025,SKU-5903
FAC-06306,PROV-0849,"3141,9",Operaciones,2/11/2025,SKU-7582
FAC-06314,PROV-0875,"7897,37",Operaciones,10/6/2025,SKU-7894
FAC-06343,PROV-0594,"9974,08",Operaciones,15/8/2025,SKU-8825
FAC-06344,PROV-0270,"436,96",Operaciones,12/7/2025,SKU-4379
FAC-06354,PROV-0728,"5414,28",Operaciones,18/10/2025,SKU-1577
FAC-06356,PROV-0718,"6790,66",Operaciones,26/8/2025,SKU-4056
FAC-06358,PROV-0962,"13154,36",Operaciones,14/6/2025,SKU-8696
FAC-06368,PROV-0926,"14863,04",Operaciones,2/11/2025,SKU-3366
FAC-06370,PROV-0541,"2779,01",Operaciones,18/6/2025,SKU-5808
FAC-06375,PROV-0737,"1967,2",Operaciones,25/8/2025,SKU-9111
FAC-06376,PROV-0956,"7009,91",Operaciones,6/7/2025,SKU-4284
FAC-06390,PROV-0731,"8421,39",Operaciones,19/8/2025,SKU-4066
FAC-06391,PROV-0741,"13410,84",Operaciones,3/3/2025,SKU-1637
FAC-06397,PROV-0433,"13351,14",Operaciones,5/10/2025,SKU-8286
FAC-06417,PROV-0706,"2050,12",Operaciones,21/2/2025,SKU-6427
FAC-06422,PROV-0990,"7601,73",Operaciones,15/2/2025,SKU-4210
FAC-06430,PROV-0899,"8101,77",Operaciones,5/9/2025,SKU-2635
FAC-06433,PROV-0350,"8925,64",Operaciones,21/3/2025,SKU-7567
FAC-06435,PROV-0722,"3124,37",Operaciones,1/11/2025,SKU-1936
FAC-06447,PROV-0610,"11716,86",Operaciones,10/10/2025,SKU-9408
FAC-06454,PROV-0799,"7272,23",Operaciones,23/8/2025,SKU-4657
FAC-06458,PROV-0192,"288,3",Operaciones,5/3/2025,SKU-3413
FAC-06461,PROV-0917,"4033,55",Operaciones,22/9/2025,SKU-9882
FAC-06467,PROV-0938,"14474,61",Operaciones,19/2/2025,SKU-3833
FAC-06471,PROV-0767,"12609,05",Operaciones,23/9/2025,SKU-9661
FAC-06479,PROV-0300,"5131,94",Operaciones,10/3/2025,SKU-1229
FAC-06491,PROV-0315,"5079,11",Operaciones,28/2/2025,SKU-3246
FAC-06497,PROV-0862,"10987,26",Operaciones,29/5/2025,SKU-8211
FAC-06505,PROV-0951,"2777,23",Operaciones,11/11/2025,SKU-8534
FAC-06510,PROV-0176,"11210,11",Operaciones,26/2/2025,SKU-8446
FAC-06511,PROV-0919,"4591,47",Operaciones,3/1/2025,SKU-7412
FAC-06521,PROV-0117,"7985,57",Operaciones,11/4/2025,SKU-2249
FAC-06522,PROV-0959,"14924,95",Operaciones,23/7/2025,SKU-3544
FAC-06531,PROV-0850,"9428,51",Operaciones,22/10/2025,SKU-7449
FAC-06533,PROV-0661,"5037,15",Operaciones,13/10/2025,SKU-3830
FAC-06544,PROV-0886,"3752,08",Operaciones,25/10/2025,SKU-9486
FAC-06547,PROV-0712,"14760,4",Operaciones,23/2/2025,SKU-9256
FAC-06554,PROV-0003,"2514,17",Operaciones,16/12/2025,SKU-6762
FAC-06555,PROV-0349,"4249,88",Operaciones,17/11/2025,SKU-5171
FAC-06557,PROV-0721,"1867,32",Operaciones,20/6/2025,SKU-5885
FAC-06558,PROV-0575,"5363,36",Operaciones,30/8/2025,SKU-6119
FAC-06572,PROV-0935,"10868,68",Operaciones,8/12/2025,SKU-6610
FAC-06573,PROV-0148,"2800,37",Operaciones,14/8/2025,SKU-8890
FAC-06584,PROV-0610,"8413,99",Operaciones,25/6/2025,SKU-8483
FAC-06587,PROV-0082,"7569,32",Operaciones,2/7/2025,SKU-1598
FAC-06589,PROV-0807,"339,93",Operaciones,10/2/2025,SKU-2362
FAC-06590,PROV-0732,1427,Operaciones,26/5/2025,SKU-8034
FAC-06598,PROV-0509,"841,22",Operaciones,29/4/2025,SKU-6332
FAC-06600,PROV-0293,"618,15",Operaciones,28/2/2025,SKU-6042
FAC-06603,PROV-0130,"2090,91",Operaciones,14/7/2025,SKU-8210
FAC-06605,PROV-0136,"4795,71",Operaciones,23/10/2025,SKU-3486
FAC-06606,PROV-0825,"12699,05",Operaciones,5/9/2025,SKU-5280
FAC-06613,PROV-0331,"9864,33",Operaciones,17/9/2025,SKU-1332
FAC-06614,PROV-0114,"4164,55",Operaciones,22/3/2025,SKU-4248
FAC-06619,PROV-0792,"651,6",Operaciones,28/10/2025,SKU-7177
FAC-06620,PROV-0428,"12741,22",Operaciones,24/11/2025,SKU-3541
FAC-06622,PROV-0452,"10764,83",Operaciones,15/10/2025,SKU-7962
FAC-06627,PROV-0667,"14713,18",Operaciones,25/7/2025,SKU-5937
FAC-06634,PROV-0007,"1863,87",Operaciones,18/11/2025,SKU-8445
FAC-06638,PROV-0561,"2625,67",Operaciones,2/4/2025,SKU-6991
FAC-06639,PROV-0516,"393,56",Operaciones,22/5/2025,SKU-1237
FAC-06640,PROV-0385,"9973,4",Operaciones,2/5/2025,SKU-4931
FAC-06670,PROV-0863,"9225,88",Operaciones,25/8/2025,SKU-8806
FAC-06671,PROV-0770,"11447,8",Operaciones,29/5/2025,SKU-5232
FAC-06677,PROV-0049,"5870,75",Operaciones,3/2/2025,SKU-4894
FAC-06678,PROV-0472,"9852,64",Operaciones,23/4/2025,SKU-6071
FAC-06684,PROV-0324,"14064,71",Operaciones,31/1/2025,SKU-6754
FAC-06686,PROV-0843,"1015,97",Operaciones,17/2/2025,SKU-1482
FAC-06687,PROV-0612,"10666,28",Operaciones,10/3/2025,SKU-7205
FAC-06693,PROV-0947,"13470,38",Operaciones,17/7/2025,SKU-5266
FAC-06699,PROV-0511,"6416,86",Operaciones,22/12/2025,SKU-1322
FAC-06701,PROV-0986,"891,29",Operaciones,29/10/2025,SKU-7775
FAC-06711,PROV-0033,10023,Operaciones,18/4/2025,SKU-1776
FAC-06730,PROV-0527,"12314,65",Operaciones,13/12/2025,SKU-2791
FAC-06734,PROV-0590,"1339,43",Operaciones,30/9/2025,SKU-3267
FAC-06735,PROV-0471,"4854,15",Operaciones,24/10/2025,SKU-4231
FAC-06739,PROV-0011,"9378,79",Operaciones,24/2/2025,SKU-4866
FAC-06743,PROV-0690,"8985,23",Operaciones,14/4/2025,SKU-1077
FAC-06744,PROV-0365,"7961,62",Operaciones,14/7/2025,SKU-3768
FAC-06749,PROV-0356,"12624,7",Operaciones,22/10/2025,SKU-7430
FAC-06751,PROV-0549,"14343,95",Operaciones,5/6/2025,SKU-7437
FAC-06752,PROV-0021,"14317,59",Operaciones,21/5/2025,SKU-5847
FAC-06754,PROV-0131,"10004,46",Operaciones,3/7/2025,SKU-2714
FAC-06769,PROV-0074,"8334,01",Operaciones,27/1/2025,SKU-9038
FAC-06772,PROV-0356,"11337,08",Operaciones,24/3/2025,SKU-7257
FAC-06775,PROV-0154,"11176,13",Operaciones,18/6/2025,SKU-8789
FAC-06779,PROV-0139,"9314,47",Operaciones,28/9/2025,SKU-4449
FAC-06782,PROV-0614,"1567,77",Operaciones,15/8/2025,SKU-9297
FAC-06783,PROV-0602,"14842,95",Operaciones,18/7/2025,SKU-7923
FAC-06785,PROV-0143,"5893,62",Operaciones,15/7/2025,SKU-2879
FAC-06792,PROV-0372,"600,96",Operaciones,19/10/2025,SKU-4461
FAC-06799,PROV-0889,"10116,79",Operaciones,28/3/2025,SKU-1774
FAC-06811,PROV-0938,"4557,94",Operaciones,16/1/2025,SKU-6487
FAC-06816,PROV-0325,"5501,37",Operaciones,2/11/2025,SKU-7167
FAC-06822,PROV-0902,"339,05",Operaciones,12/9/2025,SKU-6904
FAC-06832,PROV-0712,"3221,57",Operaciones,16/6/2025,SKU-5025
FAC-06838,PROV-0671,"623,06",Operaciones,27/1/2025,SKU-1553
FAC-06839,PROV-0621,"7707,99",Operaciones,8/9/2025,SKU-7554
FAC-06845,PROV-0184,"6394,79",Operaciones,4/11/2025,SKU-2532
FAC-06856,PROV-0003,"14354,62",Operaciones,19/2/2025,SKU-8212
FAC-06857,PROV-0554,"672,17",Operaciones,16/10/2025,SKU-9857
FAC-06866,PROV-0086,"10767,21",Operaciones,26/5/2025,SKU-8232
FAC-06897,PROV-0843,"4874,65",Operaciones,19/5/2025,SKU-6184
FAC-06900,PROV-0672,"1999,27",Operaciones,20/1/2025,SKU-3467
FAC-06903,PROV-0490,"9142,32",Operaciones,4/11/2025,SKU-7126
FAC-06907,PROV-0845,"8779,03",Operaciones,7/12/2025,SKU-7064
FAC-06912,PROV-0099,"2010,41",Operaciones,28/8/2025,SKU-8572
FAC-06915,PROV-0669,"13745,81",Operaciones,27/7/2025,SKU-2073
FAC-06924,PROV-0999,"377,64",Operaciones,4/2/2025,SKU-3649
FAC-06952,PROV-0499,"9063,22",Operaciones,25/12/2025,SKU-3956
FAC-06961,PROV-0662,"2119,58",Operaciones,19/11/2025,SKU-8160
FAC-06974,PROV-0326,"12293,34",Operaciones,21/3/2025,SKU-2591
FAC-06975,PROV-0623,"8540,53",Operaciones,26/8/2025,SKU-5949
FAC-06979,PROV-0960,"3488,46",Operaciones,23/4/2025,SKU-4186
FAC-06980,PROV-0871,"5051,51",Operaciones,24/9/2025,SKU-9739
FAC-06988,PROV-0009,"9740,49",Operaciones,15/2/2025,SKU-8281
FAC-07010,PROV-0752,"1710,2",Operaciones,13/11/2025,SKU-2567
FAC-07016,PROV-0798,"13967,38",Operaciones,17/11/2025,SKU-2616
FAC-07024,PROV-0687,"2165,25",Operaciones,2/10/2025,SKU-2397
FAC-07052,PROV-0974,"7009,27",Operaciones,17/12/2025,SKU-7430
FAC-07057,PROV-0345,"2939,77",Operaciones,1/5/2025,SKU-2924
FAC-07059,PROV-0704,"7095,99",Operaciones,23/1/2025,SKU-9648
FAC-07062,PROV-0712,"8884,5",Operaciones,24/9/2025,SKU-3479
FAC-07075,PROV-0941,"6972,96",Operaciones,18/12/2025,SKU-8740
FAC-07080,PROV-0576,"1074,28",Operaciones,19/8/2025,SKU-3611
FAC-07084,PROV-0270,"10412,8",Operaciones,5/8/2025,SKU-5422
FAC-07102,PROV-0116,"3655,36",Operaciones,21/12/2025,SKU-5348
FAC-07105,PROV-0983,"8690,2",Operaciones,30/9/2025,SKU-1557
FAC-07107,PROV-0003,"6917,87",Operaciones,23/10/2025,SKU-8692
FAC-07121,PROV-0838,"4990,06",Operaciones,19/2/2025,SKU-7111
FAC-07123,PROV-0490,"7675,73",Operaciones,26/9/2025,SKU-5459
FAC-07132,PROV-0706,"13236,08",Operaciones,15/11/2025,SKU-4189
FAC-07136,PROV-0176,"3138,17",Operaciones,25/6/2025,SKU-8375
FAC-07147,PROV-0384,"12125,97",Operaciones,29/1/2025,SKU-1589
FAC-07153,PROV-0109,"8001,22",Operaciones,29/3/2025,SKU-6907
FAC-07155,PROV-0483,"14481,82",Operaciones,23/1/2025,SKU-2155
FAC-07157,PROV-0681,"10129,74",Operaciones,18/11/2025,SKU-2076
FAC-07162,PROV-0757,"11575,84",Operaciones,3/11/2025,SKU-8113
FAC-07165,PROV-0558,"3170,9",Operaciones,18/11/2025,SKU-5601
FAC-07168,PROV-0817,"14341,44",Operaciones,14/11/2025,SKU-1797
FAC-07171,PROV-0097,"9981,11",Operaciones,19/12/2025,SKU-7152
FAC-07183,PROV-0761,"12030,71",Operaciones,13/2/2025,SKU-8065
FAC-07184,PROV-0515,"8686,39",Operaciones,28/6/2025,SKU-4106
FAC-07188,PROV-0593,"9786,38",Operaciones,20/8/2025,SKU-9441
FAC-07190,PROV-0770,"13594,84",Operaciones,9/12/2025,SKU-7707
FAC-07191,PROV-0338,"14682,25",Operaciones,3/10/2025,SKU-8634
FAC-07196,PROV-0199,"9308,62",Operaciones,19/2/2025,SKU-7126
FAC-07198,PROV-0818,"7560,25",Operaciones,9/12/2025,SKU-7106
FAC-07200,PROV-0537,"3696,25",Operaciones,4/11/2025,SKU-6819
FAC-07201,PROV-0125,"13484,94",Operaciones,1/9/2025,SKU-7737
FAC-07209,PROV-0413,"4900,67",Operaciones,2/10/2025,SKU-7056
FAC-07217,PROV-0989,"2126,06",Operaciones,13/1/2025,SKU-3058
FAC-07223,PROV-0249,"8961,24",Operaciones,4/4/2025,SKU-1258
FAC-07233,PROV-0484,"1389,24",Operaciones,22/3/2025,SKU-4206
FAC-07240,PROV-0168,"1158,11",Operaciones,25/10/2025,SKU-9807
FAC-07249,PROV-0054,"11527,28",Operaciones,11/4/2025,SKU-1289
FAC-07250,PROV-0308,"1319,51",Operaciones,12/4/2025,SKU-4342
FAC-07254,PROV-0541,"1441,79",Operaciones,22/7/2025,SKU-9803
FAC-07259,PROV-0278,"7449,65",Operaciones,10/1/2025,SKU-3775
FAC-07265,PROV-0423,"338,52",Operaciones,18/8/2025,SKU-6055
FAC-07268,PROV-0809,"8379,41",Operaciones,21/9/2025,SKU-6436
FAC-07275,PROV-0710,"1668,19",Operaciones,16/2/2025,SKU-4132
FAC-07281,PROV-0819,"3612,96",Operaciones,27/6/2025,SKU-2269
FAC-07287,PROV-0912,"4447,27",Operaciones,3/3/2025,SKU-6009
FAC-07294,PROV-0737,"14514,61",Operaciones,13/9/2025,SKU-8429
FAC-07296,PROV-0080,"12519,7",Operaciones,11/9/2025,SKU-2786
FAC-07298,PROV-0937,"1030,35",Operaciones,17/7/2025,SKU-6473
FAC-07301,PROV-0592,"5282,92",Operaciones,24/5/2025,SKU-6812
FAC-07304,PROV-0989,"13034,56",Operaciones,5/1/2025,SKU-9159
FAC-07324,PROV-0395,"9438,5",Operaciones,30/12/2025,SKU-1646
FAC-07332,PROV-0732,"7050,88",Operaciones,30/4/2025,SKU-7061
FAC-07376,PROV-0063,"11888,92",Operaciones,17/12/2025,SKU-8569
FAC-07386,PROV-0519,"11835,36",Operaciones,31/5/2025,SKU-4050
FAC-07388,PROV-0733,"14817,74",Operaciones,15/1/2025,SKU-5348
FAC-07389,PROV-0360,"9473,01",Operaciones,20/10/2025,SKU-3877
FAC-07391,PROV-0604,"8029,46",Operaciones,31/8/2025,SKU-1429
FAC-07393,PROV-0125,"10199,87",Operaciones,2/11/2025,SKU-8360
FAC-07400,PROV-0083,"7115,65",Operaciones,1/6/2025,SKU-3887
FAC-07403,PROV-0607,"4790,46",Operaciones,26/5/2025,SKU-4680
FAC-07419,PROV-0003,"10055,22",Operaciones,13/1/2025,SKU-4287
FAC-07420,PROV-0174,"3698,13",Operaciones,18/4/2025,SKU-4450
FAC-07421,PROV-0619,"4468,64",Operaciones,21/3/2025,SKU-1037
FAC-07425,PROV-0106,"8963,64",Operaciones,17/7/2025,SKU-6530
FAC-07426,PROV-0550,"2071,32",Operaciones,10/6/2025,SKU-2492
FAC-07441,PROV-0194,"7247,75",Operaciones,22/1/2025,SKU-6279
FAC-07447,PROV-0979,"7346,68",Operaciones,5/3/2025,SKU-3214
FAC-07454,PROV-0279,"1906,47",Operaciones,9/4/2025,SKU-4880
FAC-07459,PROV-0969,"8285,47",Operaciones,21/5/2025,SKU-1059
FAC-07471,PROV-0082,"5599,29",Operaciones,18/7/2025,SKU-2534
FAC-07482,PROV-0491,"10525,99",Operaciones,5/8/2025,SKU-1553
FAC-07491,PROV-0494,"10295,07",Operaciones,21/3/2025,SKU-5865
FAC-07493,PROV-0453,"9875,43",Operaciones,7/7/2025,SKU-3724
FAC-07494,PROV-0497,"8664,25",Operaciones,6/11/2025,SKU-2428
FAC-07499,PROV-0653,"8951,76",Operaciones,22/7/2025,SKU-9452
FAC-07507,PROV-0284,"14272,72",Operaciones,20/10/2025,SKU-4024
FAC-07510,PROV-0392,"292,69",Operaciones,30/12/2025,SKU-4562
FAC-07511,PROV-0180,"1583,26",Operaciones,9/3/2025,SKU-4040
FAC-07515,PROV-0190,"7544,01",Operaciones,15/6/2025,SKU-4642
FAC-07520,PROV-0006,"14760,66",Operaciones,10/9/2025,SKU-3976
FAC-07521,PROV-0474,"5834,73",Operaciones,31/3/2025,SKU-8396
FAC-07529,PROV-0426,"8517,58",Operaciones,22/3/2025,SKU-3228
FAC-07530,PROV-0908,"11934,32",Operaciones,28/1/2025,SKU-1542
FAC-07531,PROV-0448,"4643,03",Operaciones,26/8/2025,SKU-4715
FAC-07536,PROV-0091,"8645,95",Operaciones,6/7/2025,SKU-2823
FAC-07549,PROV-0765,"10916,71",Operaciones,5/12/2025,SKU-2392
FAC-07550,PROV-0874,"9936,55",Operaciones,1/7/2025,SKU-7845
FAC-07558,PROV-0589,"1308,89",Operaciones,12/5/2025,SKU-2286
FAC-07561,PROV-0738,"9738,72",Operaciones,12/6/2025,SKU-5278
FAC-07573,PROV-0206,"10169,24",Operaciones,16/7/2025,SKU-3053
FAC-07585,PROV-0549,"3348,73",Operaciones,10/1/2025,SKU-8606
FAC-07589,PROV-0093,"14685,69",Operaciones,11/12/2025,SKU-5870
FAC-07590,PROV-0280,"12958,3",Operaciones,8/5/2025,SKU-4187
FAC-07599,PROV-0436,"3251,49",Operaciones,20/4/2025,SKU-2413
FAC-07605,PROV-0126,"3730,5",Operaciones,20/8/2025,SKU-5766
FAC-07606,PROV-0416,"13396,49",Operaciones,20/4/2025,SKU-4296
FAC-07618,PROV-0776,"7413,78",Operaciones,21/1/2025,SKU-6921
FAC-07643,PROV-0568,"3874,55",Operaciones,14/5/2025,SKU-9323
FAC-07644,PROV-0792,"8862,87",Operaciones,29/3/2025,SKU-7693
FAC-07646,PROV-0900,"5278,8",Operaciones,8/12/2025,SKU-9101
FAC-07647,PROV-0913,"13140,91",Operaciones,30/5/2025,SKU-9042
FAC-07649,PROV-0481,"14382,14",Operaciones,30/6/2025,SKU-2911
FAC-07653,PROV-0807,"8931,45",Operaciones,25/11/2025,SKU-9133
FAC-07654,PROV-0089,"3747,17",Operaciones,22/4/2025,SKU-7471
FAC-07656,PROV-0749,"9944,47",Operaciones,27/6/2025,SKU-8111
FAC-07658,PROV-0514,"3237,63",Operaciones,9/12/2025,SKU-6966
FAC-07669,PROV-0352,"3635,73",Operaciones,16/11/2025,SKU-1314
FAC-07675,PROV-0921,"14645,81",Operaciones,27/11/2025,SKU-7696
FAC-07678,PROV-0202,5154,Operaciones,13/6/2025,SKU-9119
FAC-07679,PROV-0206,"8660,01",Operaciones,3/2/2025,SKU-9944
FAC-07680,PROV-0489,"5276,48",Operaciones,16/9/2025,SKU-7718
FAC-07683,PROV-0765,"953,96",Operaciones,2/6/2025,SKU-3844
FAC-07684,PROV-0702,"717,05",Operaciones,2/3/2025,SKU-9704
FAC-07701,PROV-0849,"4295,17",Operaciones,17/4/2025,SKU-8724
FAC-07706,PROV-0224,"13132,26",Operaciones,8/4/2025,SKU-9973
FAC-07710,PROV-0660,"6814,92",Operaciones,14/3/2025,SKU-2153
FAC-07711,PROV-0821,"13017,27",Operaciones,5/8/2025,SKU-8937
FAC-07713,PROV-0021,"4209,47",Operaciones,18/5/2025,SKU-3971
FAC-07714,PROV-0987,"10658,06",Operaciones,14/2/2025,SKU-6350
FAC-07715,PROV-0317,"8067,89",Operaciones,16/11/2025,SKU-4637
FAC-07723,PROV-0821,"1044,25",Operaciones,15/3/2025,SKU-1682
FAC-07732,PROV-0898,"1815,43",Operaciones,4/9/2025,SKU-8640
FAC-07741,PROV-0374,"12864,32",Operaciones,11/10/2025,SKU-2132
FAC-07757,PROV-0992,"10221,3",Operaciones,10/4/2025,SKU-4252
FAC-07759,PROV-0589,"4403,84",Operaciones,10/11/2025,SKU-1356
FAC-07769,PROV-0244,"11026,17",Operaciones,26/9/2025,SKU-1210
FAC-07800,PROV-0840,"508,03",Operaciones,17/10/2025,SKU-7996
FAC-07802,PROV-0950,"4441,4",Operaciones,14/10/2025,SKU-3843
FAC-07803,PROV-0712,"3428,34",Operaciones,3/8/2025,SKU-3103
FAC-07818,PROV-0101,"2867,48",Operaciones,16/8/2025,SKU-9499
FAC-07820,PROV-0904,"8118,06",Operaciones,27/11/2025,SKU-8692
FAC-07831,PROV-0078,"3397,22",Operaciones,3/1/2025,SKU-3116
FAC-07832,PROV-0762,"10944,82",Operaciones,30/11/2025,SKU-9492
FAC-07833,PROV-0147,"604,82",Operaciones,11/11/2025,SKU-2312
FAC-07842,PROV-0836,"12357,94",Operaciones,14/2/2025,SKU-1556
FAC-07851,PROV-0413,"6020,95",Operaciones,25/6/2025,SKU-7167
FAC-07869,PROV-0286,"2383,83",Operaciones,7/7/2025,SKU-5814
FAC-07871,PROV-0641,"12947,22",Operaciones,30/3/2025,SKU-7189
FAC-07874,PROV-0122,"2561,17",Operaciones,12/8/2025,SKU-9948
FAC-07876,PROV-0935,739,Operaciones,18/10/2025,SKU-7787
FAC-07889,PROV-0221,"5383,94",Operaciones,5/6/2025,SKU-3775
FAC-07896,PROV-0819,"6418,71",Operaciones,27/9/2025,SKU-4811
FAC-07899,PROV-0703,"437,61",Operaciones,7/6/2025,SKU-6230
FAC-07907,PROV-0871,"5950,65",Operaciones,18/5/2025,SKU-1592
FAC-07908,PROV-0809,"13914,26",Operaciones,24/6/2025,SKU-8715
FAC-07912,PROV-0734,"12989,72",Operaciones,23/9/2025,SKU-4709
FAC-07919,PROV-0557,"12925,28",Operaciones,5/5/2025,SKU-8607
FAC-07939,PROV-0454,"4679,77",Operaciones,23/2/2025,SKU-9694
FAC-07940,PROV-0196,"361,4",Operaciones,8/2/2025,SKU-7293
FAC-07948,PROV-0549,"9092,96",Operaciones,21/12/2025,SKU-4453
FAC-07952,PROV-0338,"13103,69",Operaciones,11/12/2025,SKU-6393
FAC-07953,PROV-0630,"3816,83",Operaciones,23/11/2025,SKU-7134
FAC-07958,PROV-0412,"8835,84",Operaciones,30/9/2025,SKU-8415
FAC-07972,PROV-0168,"9084,33",Operaciones,23/8/2025,SKU-2942
FAC-07981,PROV-0437,"1338,92",Operaciones,28/6/2025,SKU-9430
FAC-07997,PROV-0550,"13106,03",Operaciones,25/10/2025,SKU-3006
FAC-08003,PROV-0244,10260,Operaciones,19/6/2025,SKU-1975
FAC-08005,PROV-0261,"14797,13",Operaciones,4/5/2025,SKU-9151
FAC-08013,PROV-0325,"7637,48",Operaciones,17/3/2025,SKU-1181
FAC-08025,PROV-0818,"219,88",Operaciones,7/6/2025,SKU-9931
FAC-08037,PROV-0197,"9793,09",Operaciones,14/2/2025,SKU-9084
FAC-08042,PROV-0325,"926,57",Operaciones,27/3/2025,SKU-8283
FAC-08047,PROV-0100,"5307,4",Operaciones,18/6/2025,SKU-9918
FAC-08059,PROV-0493,"2740,32",Operaciones,17/11/2025,SKU-6479
FAC-08062,PROV-0658,"12417,03",Operaciones,8/8/2025,SKU-4455
FAC-08065,PROV-0003,"13912,4",Operaciones,12/6/2025,SKU-2096
FAC-08072,PROV-0551,"4606,46",Operaciones,7/10/2025,SKU-7521
FAC-08089,PROV-0755,"3678,43",Operaciones,11/11/2025,SKU-4769
FAC-08097,PROV-0840,"12416,27",Operaciones,5/4/2025,SKU-8285
FAC-08098,PROV-0266,"5252,45",Operaciones,3/2/2025,SKU-4639
FAC-08100,PROV-0043,"1396,47",Operaciones,1/4/2025,SKU-1014
FAC-08105,PROV-0643,"10989,06",Operaciones,1/8/2025,SKU-7460
FAC-08121,PROV-0362,"5902,17",Operaciones,20/3/2025,SKU-3511
FAC-08127,PROV-0874,"5000,32",Operaciones,5/11/2025,SKU-4191
FAC-08137,PROV-0351,"10193,41",Operaciones,21/2/2025,SKU-3303
FAC-08141,PROV-0234,"8630,15",Operaciones,22/12/2025,SKU-2062
FAC-08142,PROV-0927,"4052,02",Operaciones,15/5/2025,SKU-1787
FAC-08143,PROV-0609,"4626,84",Operaciones,11/11/2025,SKU-2031
FAC-08147,PROV-0460,"9149,17",Operaciones,22/2/2025,SKU-5745
FAC-08155,PROV-0333,"3456,47",Operaciones,26/3/2025,SKU-7539
FAC-08160,PROV-0767,"9853,51",Operaciones,23/7/2025,SKU-2092
FAC-08164,PROV-0089,"14069,89",Operaciones,21/12/2025,SKU-4858
FAC-08167,PROV-0666,"14746,6",Operaciones,17/6/2025,SKU-1637
FAC-08176,PROV-0991,"7707,72",Operaciones,1/9/2025,SKU-6090
FAC-08183,PROV-0499,"562,17",Operaciones,18/11/2025,SKU-8647
FAC-08197,PROV-0539,"7402,24",Operaciones,19/7/2025,SKU-3520
FAC-08200,PROV-0923,"14033,28",Operaciones,6/11/2025,SKU-6592
FAC-08201,PROV-0014,"2080,52",Operaciones,13/11/2025,SKU-2703
FAC-08204,PROV-0214,"11384,15",Operaciones,24/8/2025,SKU-2058
FAC-08207,PROV-0943,"14163,28",Operaciones,19/6/2025,SKU-1063
FAC-08231,PROV-0215,"5688,14",Operaciones,21/8/2025,SKU-5323
FAC-08232,PROV-0243,"5259,1",Operaciones,31/1/2025,SKU-2513
FAC-08237,PROV-0136,"8344,42",Operaciones,1/5/2025,SKU-8073
FAC-08246,PROV-0926,"10551,64",Operaciones,6/6/2025,SKU-8828
FAC-08248,PROV-0187,"5848,97",Operaciones,6/3/2025,SKU-2824
FAC-08249,PROV-0543,"8840,7",Operaciones,14/6/2025,SKU-4475
FAC-08254,PROV-0872,"12715,83",Operaciones,11/1/2025,SKU-9578
FAC-08260,PROV-0518,"4902,58",Operaciones,20/12/2025,SKU-1952
FAC-08264,PROV-0893,"5765,87",Operaciones,20/3/2025,SKU-8840
FAC-08267,PROV-0781,"3633,09",Operaciones,21/3/2025,SKU-8653
FAC-08272,PROV-0937,"10572,45",Operaciones,25/10/2025,SKU-8911
FAC-08274,PROV-0736,"7827,47",Operaciones,17/12/2025,SKU-8726
FAC-08278,PROV-0534,"3871,28",Operaciones,24/10/2025,SKU-8748
FAC-08281,PROV-0875,"3785,08",Operaciones,31/10/2025,SKU-1490
FAC-08284,PROV-0191,"9366,74",Operaciones,21/1/2025,SKU-2229
FAC-08296,PROV-0195,"14236,97",Operaciones,3/8/2025,SKU-5328
FAC-08297,PROV-0610,"11884,05",Operaciones,30/4/2025,SKU-2465
FAC-08311,PROV-0790,"13055,8",Operaciones,28/5/2025,SKU-6806
FAC-08312,PROV-0463,"12007,32",Operaciones,16/8/2025,SKU-1909
FAC-08314,PROV-0265,"7309,09",Operaciones,29/7/2025,SKU-8629
FAC-08315,PROV-0442,"11917,65",Operaciones,10/11/2025,SKU-6346
FAC-08320,PROV-0455,"7433,59",Operaciones,3/5/2025,SKU-8190
FAC-08328,PROV-0055,"2872,71",Operaciones,10/9/2025,SKU-2891
FAC-08340,PROV-0608,"10560,09",Operaciones,22/11/2025,SKU-4067
FAC-08341,PROV-0588,"5754,43",Operaciones,20/3/2025,SKU-8526
FAC-08353,PROV-0830,"5328,81",Operaciones,19/1/2025,SKU-3376
FAC-08358,PROV-0569,"5480,25",Operaciones,11/7/2025,SKU-2031
FAC-08363,PROV-0650,"2869,29",Operaciones,27/12/2025,SKU-8873
FAC-08364,PROV-0071,"8641,62",Operaciones,13/3/2025,SKU-4589
FAC-08370,PROV-0102,"13234,06",Operaciones,18/6/2025,SKU-7316
FAC-08382,PROV-0963,"11379,92",Operaciones,17/6/2025,SKU-1813
FAC-08392,PROV-0976,"13348,51",Operaciones,16/1/2025,SKU-2467
FAC-08400,PROV-0728,"11994,02",Operaciones,1/12/2025,SKU-8219
FAC-08403,PROV-0180,"11334,67",Operaciones,9/12/2025,SKU-2202
FAC-08405,PROV-0131,"12646,53",Operaciones,28/5/2025,SKU-7523
FAC-08412,PROV-0923,"405,78",Operaciones,6/5/2025,SKU-3724
FAC-08417,PROV-0950,"574,51",Operaciones,3/1/2025,SKU-3600
FAC-08425,PROV-0072,"1071,07",Operaciones,13/1/2025,SKU-6552
FAC-08429,PROV-0941,"2474,67",Operaciones,3/5/2025,SKU-8849
FAC-08432,PROV-0241,"10971,61",Operaciones,11/4/2025,SKU-2370
FAC-08442,PROV-0850,"10292,87",Operaciones,11/1/2025,SKU-2566
FAC-08443,PROV-0609,"11351,67",Operaciones,26/6/2025,SKU-4500
FAC-08444,PROV-0863,"6556,69",Operaciones,27/9/2025,SKU-2382
FAC-08446,PROV-0187,"7660,94",Operaciones,16/12/2025,SKU-8336
FAC-08447,PROV-0738,"8530,77",Operaciones,14/5/2025,SKU-3060
FAC-08448,PROV-0043,"4618,25",Operaciones,5/6/2025,SKU-3804
FAC-08450,PROV-0710,"4528,4",Operaciones,16/7/2025,SKU-4337
FAC-08459,PROV-0794,"12763,04",Operaciones,2/3/2025,SKU-1652
FAC-08467,PROV-0648,"784,99",Operaciones,11/6/2025,SKU-9623
FAC-08470,PROV-0418,"10298,27",Operaciones,4/9/2025,SKU-3452
FAC-08472,PROV-0803,"2549,17",Operaciones,15/6/2025,SKU-8188
FAC-08491,PROV-0268,"376,7",Operaciones,19/3/2025,SKU-4600
FAC-08510,PROV-0122,"1717,62",Operaciones,8/11/2025,SKU-7015
FAC-08516,PROV-0176,"11410,43",Operaciones,5/9/2025,SKU-2329
FAC-08518,PROV-0374,"7056,53",Operaciones,23/8/2025,SKU-8125
FAC-08519,PROV-0916,"14737,2",Operaciones,2/5/2025,SKU-4419
FAC-08522,PROV-0736,"3911,33",Operaciones,20/11/2025,SKU-4685
FAC-08528,PROV-0928,"9730,91",Operaciones,31/1/2025,SKU-6850
FAC-08529,PROV-0433,"12902,75",Operaciones,3/11/2025,SKU-4954
FAC-08539,PROV-0486,"11397,27",Operaciones,16/11/2025,SKU-3749
FAC-08540,PROV-0142,"3500,83",Operaciones,19/5/2025,SKU-1713
FAC-08549,PROV-0431,"4456,17",Operaciones,31/7/2025,SKU-5950
FAC-08551,PROV-0092,"4656,12",Operaciones,20/11/2025,SKU-9211
FAC-08560,PROV-0407,"4236,27",Operaciones,4/11/2025,SKU-9677
FAC-08570,PROV-0295,"11732,97",Operaciones,7/10/2025,SKU-3938
FAC-08574,PROV-0161,"14580,36",Operaciones,7/12/2025,SKU-3557
FAC-08580,PROV-0109,"8630,88",Operaciones,5/7/2025,SKU-9077
FAC-08588,PROV-0226,"2952,7",Operaciones,28/3/2025,SKU-2351
FAC-08597,PROV-0196,"7871,11",Operaciones,22/9/2025,SKU-8949
FAC-08603,PROV-0516,"3487,73",Operaciones,21/9/2025,SKU-5589
FAC-08605,PROV-0941,"13398,46",Operaciones,6/3/2025,SKU-8825
FAC-08616,PROV-0608,"8850,14",Operaciones,16/11/2025,SKU-9144
FAC-08621,PROV-0279,"13190,53",Operaciones,11/1/2025,SKU-5448
FAC-08631,PROV-0931,"2986,04",Operaciones,18/8/2025,SKU-1726
FAC-08644,PROV-0211,"5088,27",Operaciones,13/10/2025,SKU-9333
FAC-08654,PROV-0878,"9795,57",Operaciones,30/3/2025,SKU-5081
FAC-08655,PROV-0693,"10572,34",Operaciones,28/6/2025,SKU-8805
FAC-08663,PROV-0846,"7592,27",Operaciones,1/11/2025,SKU-7344
FAC-08672,PROV-0395,"11455,77",Operaciones,25/12/2025,SKU-7369
FAC-08673,PROV-0586,"379,02",Operaciones,4/12/2025,SKU-6743
FAC-08680,PROV-0340,"2829,38",Operaciones,6/8/2025,SKU-9182
FAC-08686,PROV-0086,"11321,52",Operaciones,19/4/2025,SKU-7978
FAC-08696,PROV-0328,"2719,34",Operaciones,30/1/2025,SKU-4938
FAC-08703,PROV-0251,"9641,74",Operaciones,13/9/2025,SKU-4797
FAC-08706,PROV-0880,"3878,44",Operaciones,16/11/2025,SKU-3366
FAC-08709,PROV-0062,"1808,2",Operaciones,23/7/2025,SKU-4737
FAC-08712,PROV-0216,"10551,18",Operaciones,20/9/2025,SKU-9618
FAC-08715,PROV-0982,"11127,56",Operaciones,8/10/2025,SKU-2557
FAC-08727,PROV-0756,"13606,81",Operaciones,20/4/2025,SKU-4998
FAC-08738,PROV-0400,"5203,28",Operaciones,6/10/2025,SKU-2403
FAC-08741,PROV-0335,"5030,88",Operaciones,4/6/2025,SKU-4243
FAC-08744,PROV-0551,"5655,52",Operaciones,17/1/2025,SKU-3750
FAC-08768,PROV-0689,"7911,76",Operaciones,15/4/2025,SKU-9271
FAC-08775,PROV-0493,"5008,18",Operaciones,27/10/2025,SKU-9302
FAC-08787,PROV-0218,1290,Operaciones,25/4/2025,SKU-5665
FAC-08813,PROV-0946,"7708,55",Operaciones,12/9/2025,SKU-9431
FAC-08817,PROV-0404,"1204,54",Operaciones,21/9/2025,SKU-1055
FAC-08819,PROV-0256,"5548,66",Operaciones,6/5/2025,SKU-8510
FAC-08820,PROV-0609,"1262,76",Operaciones,2/7/2025,SKU-8528
FAC-08825,PROV-0842,"6345,45",Operaciones,13/7/2025,SKU-4481
FAC-08828,PROV-0442,"6995,34",Operaciones,10/4/2025,SKU-1228
FAC-08831,PROV-0748,"12977,46",Operaciones,31/8/2025,SKU-3786
FAC-08832,PROV-0991,"13505,65",Operaciones,7/1/2025,SKU-6433
FAC-08835,PROV-0636,"2548,43",Operaciones,10/4/2025,SKU-2418
FAC-08843,PROV-0055,"8849,4",Operaciones,15/3/2025,SKU-1547
FAC-08845,PROV-0801,2200,Operaciones,20/11/2025,SKU-7511
FAC-08846,PROV-0894,"510,36",Operaciones,28/6/2025,SKU-5483
FAC-08851,PROV-0084,"7169,72",Operaciones,2/12/2025,SKU-5480
FAC-08857,PROV-0160,"7528,13",Operaciones,24/9/2025,SKU-2112
FAC-08868,PROV-0700,"10544,15",Operaciones,18/4/2025,SKU-1660
FAC-08870,PROV-0005,"6092,03",Operaciones,29/9/2025,SKU-6762
FAC-08873,PROV-0257,"9955,42",Operaciones,10/9/2025,SKU-6507
FAC-08885,PROV-0496,"9621,24",Operaciones,21/2/2025,SKU-3024
FAC-08892,PROV-0092,"5392,51",Operaciones,10/8/2025,SKU-3962
FAC-08904,PROV-0310,"9670,42",Operaciones,30/5/2025,SKU-4017
FAC-08910,PROV-0043,"14190,36",Operaciones,17/5/2025,SKU-9136
FAC-08923,PROV-0876,"12115,36",Operaciones,4/7/2025,SKU-9566
FAC-08947,PROV-0728,"3841,22",Operaciones,7/6/2025,SKU-6914
FAC-08950,PROV-0385,"6255,36",Operaciones,20/9/2025,SKU-3042
FAC-08951,PROV-0258,"1354,67",Operaciones,15/8/2025,SKU-4827
FAC-08953,PROV-0240,"1109,92",Operaciones,16/11/2025,SKU-5274
FAC-08957,PROV-0184,6040,Operaciones,10/11/2025,SKU-7311
FAC-08959,PROV-0174,"14863,4",Operaciones,6/11/2025,SKU-9853
FAC-08971,PROV-0628,"10476,65",Operaciones,31/7/2025,SKU-4666
FAC-08974,PROV-0763,"14088,26",Operaciones,11/2/2025,SKU-4696
FAC-08982,PROV-0848,"4034,99",Operaciones,24/4/2025,SKU-6953
FAC-08987,PROV-0734,"7958,25",Operaciones,28/4/2025,SKU-6067
FAC-08991,PROV-0996,"9717,88",Operaciones,16/10/2025,SKU-1452
FAC-08992,PROV-0993,"14651,77",Operaciones,31/3/2025,SKU-8280
FAC-09003,PROV-0012,"5793,69",Operaciones,5/8/2025,SKU-6674
FAC-09009,PROV-0462,"4383,96",Operaciones,1/6/2025,SKU-7493
FAC-09014,PROV-0238,"13821,17",Operaciones,9/12/2025,SKU-9824
FAC-09024,PROV-0516,"3703,25",Operaciones,27/10/2025,SKU-2273
FAC-09026,PROV-0838,"9299,58",Operaciones,16/10/2025,SKU-1021
FAC-09030,PROV-0414,"4406,79",Operaciones,25/7/2025,SKU-1912
FAC-09031,PROV-0945,"8782,81",Operaciones,3/3/2025,SKU-2160
FAC-09036,PROV-0834,"8657,45",Operaciones,14/7/2025,SKU-8197
FAC-09044,PROV-0006,"12981,03",Operaciones,14/7/2025,SKU-5102
FAC-09047,PROV-0567,"5932,27",Operaciones,29/4/2025,SKU-5900
FAC-09048,PROV-0898,"6636,03",Operaciones,19/10/2025,SKU-1719
FAC-09058,PROV-0951,"7030,12",Operaciones,26/1/2025,SKU-7445
FAC-09059,PROV-0110,"11093,25",Operaciones,27/9/2025,SKU-4673
FAC-09063,PROV-0099,"8367,72",Operaciones,30/9/2025,SKU-4195
FAC-09072,PROV-0396,"285,2",Operaciones,31/8/2025,SKU-3873
FAC-09090,PROV-0307,"4646,9",Operaciones,30/11/2025,SKU-4685
FAC-09106,PROV-0148,"6410,23",Operaciones,27/9/2025,SKU-3609
FAC-09129,PROV-0870,"12702,69",Operaciones,1/9/2025,SKU-4523
FAC-09142,PROV-0698,"10293,15",Operaciones,15/2/2025,SKU-6011
FAC-09143,PROV-0044,"3272,82",Operaciones,21/12/2025,SKU-8761
FAC-09144,PROV-0330,"6786,82",Operaciones,11/10/2025,SKU-5243
FAC-09149,PROV-0528,"3339,11",Operaciones,31/5/2025,SKU-8536
FAC-09151,PROV-0720,"13789,43",Operaciones,14/6/2025,SKU-7786
FAC-09158,PROV-0505,"9448,31",Operaciones,12/5/2025,SKU-5818
FAC-09167,PROV-0603,"8550,82",Operaciones,7/7/2025,SKU-8962
FAC-09171,PROV-0744,"9289,66",Operaciones,27/8/2025,SKU-5588
FAC-09178,PROV-0966,"948,78",Operaciones,9/9/2025,SKU-8658
FAC-09180,PROV-0982,"3948,57",Operaciones,22/2/2025,SKU-7334
FAC-09181,PROV-0519,"14828,04",Operaciones,21/5/2025,SKU-8619
FAC-09183,PROV-0148,"10310,36",Operaciones,17/11/2025,SKU-6072
FAC-09184,PROV-0372,"7726,45",Operaciones,25/11/2025,SKU-4759
FAC-09192,PROV-0237,"14303,06",Operaciones,7/8/2025,SKU-1239
FAC-09193,PROV-0183,"14978,9",Operaciones,6/5/2025,SKU-9246
FAC-09198,PROV-0318,"1897,78",Operaciones,21/12/2025,SKU-5055
FAC-09199,PROV-0586,"12013,01",Operaciones,3/3/2025,SKU-5391
FAC-09207,PROV-0229,"11540,56",Operaciones,31/8/2025,SKU-1324
FAC-09224,PROV-0550,"4428,12",Operaciones,25/3/2025,SKU-1286
FAC-09228,PROV-0632,"1641,76",Operaciones,13/3/2025,SKU-3033
FAC-09234,PROV-0659,"9986,13",Operaciones,27/11/2025,SKU-5063
FAC-09242,PROV-0063,"13214,5",Operaciones,12/11/2025,SKU-1604
FAC-09248,PROV-0809,"4668,02",Operaciones,10/8/2025,SKU-5772
FAC-09250,PROV-0829,"3651,41",Operaciones,8/11/2025,SKU-2150
FAC-09254,PROV-0952,"12799,71",Operaciones,8/2/2025,SKU-4641
FAC-09271,PROV-0150,"7088,63",Operaciones,30/12/2025,SKU-9448
FAC-09278,PROV-0004,"5143,22",Operaciones,22/12/2025,SKU-9254
FAC-09288,PROV-0004,"11455,83",Operaciones,3/8/2025,SKU-2815
FAC-09289,PROV-0687,"12983,7",Operaciones,16/12/2025,SKU-9160
FAC-09298,PROV-0823,"4217,55",Operaciones,28/8/2025,SKU-6883
FAC-09302,PROV-0366,"9209,7",Operaciones,18/12/2025,SKU-3014
FAC-09303,PROV-0363,"12555,93",Operaciones,2/4/2025,SKU-4896
FAC-09311,PROV-0901,"1490,21",Operaciones,26/11/2025,SKU-9410
FAC-09316,PROV-0313,"3225,84",Operaciones,27/4/2025,SKU-7452
FAC-09318,PROV-0551,"1157,71",Operaciones,13/10/2025,SKU-5582
FAC-09320,PROV-0793,"4039,62",Operaciones,2/12/2025,SKU-6579
FAC-09336,PROV-0008,"13781,31",Operaciones,15/8/2025,SKU-7985
FAC-09351,PROV-0294,"2230,06",Operaciones,15/8/2025,SKU-6694
FAC-09356,PROV-0921,"12549,15",Operaciones,21/5/2025,SKU-6343
FAC-09358,PROV-0684,"9125,36",Operaciones,8/12/2025,SKU-4837
FAC-09368,PROV-0708,"9204,84",Operaciones,20/7/2025,SKU-3294
FAC-09373,PROV-0969,"9777,52",Operaciones,29/11/2025,SKU-9047
FAC-09380,PROV-0707,"8535,47",Operaciones,13/6/2025,SKU-4919
FAC-09382,PROV-0011,"2410,98",Operaciones,31/5/2025,SKU-3558
FAC-09383,PROV-0028,"2162,64",Operaciones,8/11/2025,SKU-7180
FAC-09390,PROV-0876,"8473,73",Operaciones,29/8/2025,SKU-4784
FAC-09392,PROV-0522,"6954,49",Operaciones,19/4/2025,SKU-7256
FAC-09402,PROV-0847,"1623,75",Operaciones,3/11/2025,SKU-6225
FAC-09407,PROV-0696,"599,09",Operaciones,13/4/2025,SKU-8015
FAC-09412,PROV-0447,"8614,82",Operaciones,4/6/2025,SKU-6580
FAC-09420,PROV-0477,"4327,43",Operaciones,27/3/2025,SKU-3999
FAC-09422,PROV-0861,13530,Operaciones,20/2/2025,SKU-4403
FAC-09426,PROV-0500,"4640,02",Operaciones,14/9/2025,SKU-1694
FAC-09427,PROV-0072,"1074,65",Operaciones,17/8/2025,SKU-1421
FAC-09438,PROV-0904,"3334,51",Operaciones,21/4/2025,SKU-1004
FAC-09445,PROV-0857,"4074,34",Operaciones,16/11/2025,SKU-3514
FAC-09447,PROV-0475,"13304,72",Operaciones,13/2/2025,SKU-9396
FAC-09448,PROV-0581,"7888,83",Operaciones,7/9/2025,SKU-1562
FAC-09451,PROV-0893,"5026,7",Operaciones,22/1/2025,SKU-9324
FAC-09457,PROV-0091,"711,38",Operaciones,22/2/2025,SKU-4842
FAC-09458,PROV-0743,"4255,03",Operaciones,27/5/2025,SKU-2743
FAC-09460,PROV-0789,"12551,1",Operaciones,26/3/2025,SKU-1189
FAC-09462,PROV-0238,"3496,04",Operaciones,15/8/2025,SKU-6311
FAC-09464,PROV-0262,"1397,26",Operaciones,15/4/2025,SKU-1353
FAC-09469,PROV-0628,"7747,09",Operaciones,2/5/2025,SKU-4123
FAC-09482,PROV-0966,"4658,58",Operaciones,12/9/2025,SKU-9755
FAC-09483,PROV-0430,"7702,76",Operaciones,1/3/2025,SKU-7096
FAC-09489,PROV-0569,"13093,32",Operaciones,16/1/2025,SKU-6518
FAC-09497,PROV-0442,"1926,63",Operaciones,9/5/2025,SKU-5747
FAC-09503,PROV-0943,"10706,94",Operaciones,6/12/2025,SKU-6751
FAC-09511,PROV-0815,"10648,64",Operaciones,29/8/2025,SKU-4177
FAC-09512,PROV-0899,"1623,46",Operaciones,4/3/2025,SKU-7831
FAC-09513,PROV-0532,"9042,78",Operaciones,14/1/2025,SKU-9403
FAC-09514,PROV-0316,"2070,17",Operaciones,3/3/2025,SKU-1189
FAC-09521,PROV-0738,"9771,17",Operaciones,26/4/2025,SKU-1604
FAC-09527,PROV-0339,"5910,83",Operaciones,30/8/2025,SKU-4702
FAC-09549,PROV-0649,"4286,37",Operaciones,12/6/2025,SKU-4123
FAC-09564,PROV-0933,"12545,34",Operaciones,2/3/2025,SKU-6213
FAC-09565,PROV-0121,"9741,38",Operaciones,17/11/2025,SKU-1730
FAC-09572,PROV-0930,"4680,98",Operaciones,15/6/2025,SKU-8296
FAC-09576,PROV-0222,"2807,92",Operaciones,14/4/2025,SKU-8750
FAC-09579,PROV-0161,"3794,29",Operaciones,17/2/2025,SKU-7298
FAC-09582,PROV-0921,"5681,12",Operaciones,5/5/2025,SKU-5275
FAC-09583,PROV-0641,"13444,38",Operaciones,15/2/2025,SKU-1893
FAC-09585,PROV-0940,"13110,58",Operaciones,21/1/2025,SKU-3225
FAC-09590,PROV-0475,"5084,24",Operaciones,26/10/2025,SKU-5577
FAC-09594,PROV-0763,"11265,06",Operaciones,26/6/2025,SKU-6372
FAC-09599,PROV-0472,"2998,69",Operaciones,16/6/2025,SKU-2103
FAC-09600,PROV-0467,"6148,28",Operaciones,12/6/2025,SKU-8868
FAC-09603,PROV-0590,"9800,86",Operaciones,16/4/2025,SKU-2148
FAC-09608,PROV-0369,"10911,86",Operaciones,18/8/2025,SKU-5962
FAC-09624,PROV-0684,"6881,97",Operaciones,12/4/2025,SKU-9547
FAC-09625,PROV-0235,"8057,79",Operaciones,21/8/2025,SKU-3596
FAC-09659,PROV-0499,"6052,11",Operaciones,6/7/2025,SKU-3708
FAC-09668,PROV-0908,"13469,42",Operaciones,4/6/2025,SKU-4070
FAC-09672,PROV-0728,"7269,94",Operaciones,16/4/2025,SKU-6487
FAC-09684,PROV-0439,"11829,91",Operaciones,24/3/2025,SKU-6962
FAC-09697,PROV-0906,"7842,17",Operaciones,8/2/2025,SKU-2197
FAC-09701,PROV-0452,"7387,3",Operaciones,19/3/2025,SKU-2751
FAC-09702,PROV-0926,"13503,64",Operaciones,20/1/2025,SKU-2836
FAC-09706,PROV-0737,"2840,03",Operaciones,7/11/2025,SKU-3712
FAC-09710,PROV-0478,"7510,36",Operaciones,22/3/2025,SKU-3126
FAC-09711,PROV-0138,"8246,1",Operaciones,21/6/2025,SKU-7477
FAC-09716,PROV-0546,"1782,89",Operaciones,2/8/2025,SKU-8174
FAC-09726,PROV-0739,"14332,85",Operaciones,24/5/2025,SKU-4504
FAC-09737,PROV-0222,"14305,07",Operaciones,4/4/2025,SKU-5026
FAC-09742,PROV-0965,"7322,28",Operaciones,5/6/2025,SKU-1488
FAC-09747,PROV-0815,"929,32",Operaciones,28/7/2025,SKU-4659
FAC-09752,PROV-0458,"2733,32",Operaciones,21/8/2025,SKU-7029
FAC-09761,PROV-0278,"1414,43",Operaciones,26/2/2025,SKU-2721
FAC-09771,PROV-0521,"1392,47",Operaciones,10/6/2025,SKU-1479
FAC-09786,PROV-0486,"10410,14",Operaciones,19/10/2025,SKU-6527
FAC-09798,PROV-0874,"2780,34",Operaciones,24/4/2025,SKU-4343
FAC-09800,PROV-0894,"8089,37",Operaciones,18/10/2025,SKU-2566
FAC-09807,PROV-0825,"13344,29",Operaciones,5/12/2025,SKU-7949
FAC-09812,PROV-0308,"8103,41",Operaciones,13/6/2025,SKU-5822
FAC-09820,PROV-0625,"3881,25",Operaciones,3/10/2025,SKU-3220
FAC-09823,PROV-0782,"12462,88",Operaciones,24/11/2025,SKU-1405
FAC-09838,PROV-0727,"8164,76",Operaciones,25/7/2025,SKU-6340
FAC-09842,PROV-0611,"4468,66",Operaciones,22/10/2025,SKU-2950
FAC-09847,PROV-0468,"10016,73",Operaciones,26/6/2025,SKU-5186
FAC-09849,PROV-0857,"11796,41",Operaciones,17/1/2025,SKU-1328
FAC-09852,PROV-0444,"10066,38",Operaciones,5/8/2025,SKU-2646
FAC-09853,PROV-0893,"14814,68",Operaciones,17/1/2025,SKU-2078
FAC-09855,PROV-0214,"8403,64",Operaciones,17/11/2025,SKU-2310
FAC-09858,PROV-0402,"7592,51",Operaciones,4/7/2025,SKU-7398
FAC-09859,PROV-0682,"2500,8",Operaciones,18/3/2025,SKU-5337
FAC-09864,PROV-0156,"8816,17",Operaciones,19/7/2025,SKU-5064
FAC-09871,PROV-0859,"11746,49",Operaciones,22/4/2025,SKU-6614
FAC-09872,PROV-0502,"5157,42",Operaciones,2/8/2025,SKU-4047
FAC-09875,PROV-0874,"9038,29",Operaciones,17/2/2025,SKU-5058
FAC-09884,PROV-0596,"13620,11",Operaciones,9/6/2025,SKU-7349
FAC-09886,PROV-0871,"2440,18",Operaciones,7/6/2025,SKU-6079
FAC-09890,PROV-0897,"10698,56",Operaciones,6/10/2025,SKU-2761
FAC-09895,PROV-0960,"7471,73",Operaciones,4/4/2025,SKU-2870
FAC-09897,PROV-0690,"8373,84",Operaciones,17/9/2025,SKU-5409
FAC-09900,PROV-0783,"9550,61",Operaciones,10/1/2025,SKU-9673
FAC-09904,PROV-0439,"11355,93",Operaciones,2/9/2025,SKU-8198
FAC-09913,PROV-0241,"12956,97",Operaciones,11/8/2025,SKU-6509
FAC-09915,PROV-0995,"1549,49",Operaciones,20/8/2025,SKU-4691
FAC-09933,PROV-0664,"6537,84",Operaciones,21/2/2025,SKU-1679
FAC-09937,PROV-0889,"3148,2",Operaciones,28/6/2025,SKU-8636
FAC-09938,PROV-0257,"8552,46",Operaciones,18/4/2025,SKU-7889
FAC-09952,PROV-0851,"14937,54",Operaciones,3/6/2025,SKU-4708
FAC-09965,PROV-0764,"2369,07",Operaciones,23/10/2025,SKU-5352
FAC-09966,PROV-0720,"11658,46",Operaciones,17/8/2025,SKU-6139
FAC-09967,PROV-0617,"14611,65",Operaciones,2/5/2025,SKU-7142
FAC-09972,PROV-0608,"3150,1",Operaciones,6/7/2025,SKU-4578
FAC-09973,PROV-0271,"5790,27",Operaciones,23/12/2025,SKU-3448
FAC-09975,PROV-0261,"1776,35",Operaciones,17/4/2025,SKU-7964
FAC-09981,PROV-0922,"4875,52",Operaciones,13/2/2025,SKU-6752
FAC-09984,PROV-0382,"11948,9",Operaciones,1/1/2025,SKU-7405
FAC-09993,PROV-0997,"11312,84",Operaciones,21/2/2025,SKU-7384
FAC-09997,PROV-0107,"5064,27",Operaciones,17/1/2025,SKU-3041
FAC-00003,PROV-0849,"6728,77",RRHH,3/10/2025,SKU-7875
FAC-00014,PROV-0521,"14213,55",RRHH,23/10/2025,SKU-3726
FAC-00021,PROV-0770,"5772,44",RRHH,19/12/2025,SKU-7141
FAC-00026,PROV-0479,"11972,55",RRHH,15/12/2025,SKU-9848
FAC-00028,PROV-0112,"3687,98",RRHH,20/6/2025,SKU-8398
FAC-00035,PROV-0156,"10840,3",RRHH,18/2/2025,SKU-2260
FAC-00038,PROV-0398,"5236,1",RRHH,8/10/2025,SKU-2531
FAC-00044,PROV-0407,"13006,13",RRHH,5/5/2025,SKU-7481
FAC-00050,PROV-0965,"11899,65",RRHH,14/7/2025,SKU-7866
FAC-00051,PROV-0038,"3171,19",RRHH,26/5/2025,SKU-6630
FAC-00052,PROV-0937,"5729,8",RRHH,21/2/2025,SKU-1336
FAC-00062,PROV-0857,"12642,86",RRHH,31/1/2025,SKU-7624
FAC-00067,PROV-0360,"10163,25",RRHH,17/12/2025,SKU-9203
FAC-00068,PROV-0789,"2487,54",RRHH,17/8/2025,SKU-2930
FAC-00085,PROV-0792,"404,36",RRHH,1/4/2025,SKU-6086
FAC-00086,PROV-0302,"6540,74",RRHH,24/3/2025,SKU-5310
FAC-00094,PROV-0304,"7130,03",RRHH,29/10/2025,SKU-1069
FAC-00100,PROV-0867,"7246,1",RRHH,5/11/2025,SKU-4882
FAC-00109,PROV-0750,"14591,98",RRHH,29/9/2025,SKU-2768
FAC-00112,PROV-0229,"8414,17",RRHH,18/1/2025,SKU-3677
FAC-00116,PROV-0954,"3013,66",RRHH,25/1/2025,SKU-6325
FAC-00121,PROV-0012,"9188,98",RRHH,6/2/2025,SKU-7802
FAC-00130,PROV-0993,"6848,03",RRHH,12/5/2025,SKU-9640
FAC-00138,PROV-0968,"6372,38",RRHH,24/9/2025,SKU-3968
FAC-00140,PROV-0728,"8278,82",RRHH,12/10/2025,SKU-1180
FAC-00142,PROV-0402,"11923,7",RRHH,25/5/2025,SKU-9612
FAC-00145,PROV-0834,"12274,64",RRHH,16/2/2025,SKU-2766
FAC-00149,PROV-0336,"11795,82",RRHH,16/11/2025,SKU-7683
FAC-00152,PROV-0676,"692,58",RRHH,29/8/2025,SKU-8799
FAC-00164,PROV-0311,"14921,48",RRHH,30/7/2025,SKU-9534
FAC-00171,PROV-0609,"315,44",RRHH,26/7/2025,SKU-7240
FAC-00174,PROV-0762,"9493,99",RRHH,28/1/2025,SKU-6252
FAC-00176,PROV-0019,"9169,85",RRHH,25/7/2025,SKU-4558
FAC-00178,PROV-0189,"943,7",RRHH,25/3/2025,SKU-2655
FAC-00180,PROV-0728,"4632,31",RRHH,18/12/2025,SKU-3311
FAC-00186,PROV-0779,"13259,45",RRHH,18/1/2025,SKU-3562
FAC-00205,PROV-0650,"8614,11",RRHH,29/6/2025,SKU-3783
FAC-00208,PROV-0291,"3766,25",RRHH,1/1/2025,SKU-5052
FAC-00221,PROV-0359,"8974,85",RRHH,4/12/2025,SKU-8621
FAC-00230,PROV-0305,"13657,41",RRHH,21/8/2025,SKU-7002
FAC-00231,PROV-0690,"2012,96",RRHH,10/12/2025,SKU-4730
FAC-00243,PROV-0294,"5682,28",RRHH,29/8/2025,SKU-1708
FAC-00251,PROV-0579,"6802,62",RRHH,3/10/2025,SKU-9790
FAC-00255,PROV-0928,"6668,29",RRHH,14/2/2025,SKU-3878
FAC-00256,PROV-0985,"10670,18",RRHH,19/7/2025,SKU-4440
FAC-00257,PROV-0304,"3197,6",RRHH,21/3/2025,SKU-9138
FAC-00261,PROV-0429,"8378,38",RRHH,26/4/2025,SKU-4271
FAC-00269,PROV-0007,"1586,93",RRHH,9/5/2025,SKU-9580
FAC-00273,PROV-0030,"5912,86",RRHH,25/4/2025,SKU-8436
FAC-00282,PROV-0307,"6705,79",RRHH,21/4/2025,SKU-4087
FAC-00283,PROV-0520,"3962,37",RRHH,12/4/2025,SKU-9126
FAC-00284,PROV-0166,"7242,5",RRHH,4/9/2025,SKU-6451
FAC-00293,PROV-0785,"8144,88",RRHH,25/9/2025,SKU-7246
FAC-00301,PROV-0329,"4229,16",RRHH,1/11/2025,SKU-6229
FAC-00307,PROV-0122,"7677,01",RRHH,2/2/2025,SKU-1850
FAC-00309,PROV-0670,"2366,57",RRHH,4/6/2025,SKU-5023
FAC-00314,PROV-0096,"6452,91",RRHH,5/4/2025,SKU-5717
FAC-00323,PROV-0134,"11582,85",RRHH,9/2/2025,SKU-4813
FAC-00325,PROV-0444,"8764,42",RRHH,11/8/2025,SKU-4396
FAC-00331,PROV-0544,"5054,23",RRHH,25/5/2025,SKU-1195
FAC-00335,PROV-0158,"10169,79",RRHH,27/1/2025,SKU-2319
FAC-00342,PROV-0430,"6596,49",RRHH,23/2/2025,SKU-5742
FAC-00347,PROV-0826,"11178,12",RRHH,12/8/2025,SKU-9265
FAC-00349,PROV-0788,"7962,79",RRHH,14/4/2025,SKU-6251
FAC-00350,PROV-0315,"1670,27",RRHH,21/6/2025,SKU-8056
FAC-00356,PROV-0228,"271,53",RRHH,15/8/2025,SKU-2173
FAC-00358,PROV-0873,"4331,2",RRHH,23/4/2025,SKU-2824
FAC-00366,PROV-0461,"9143,8",RRHH,16/3/2025,SKU-7114
FAC-00371,PROV-0202,"6780,48",RRHH,3/3/2025,SKU-1105
FAC-00375,PROV-0336,"13158,33",RRHH,20/11/2025,SKU-6570
FAC-00376,PROV-0313,"4911,31",RRHH,11/1/2025,SKU-3356
FAC-00385,PROV-0045,"7829,06",RRHH,11/7/2025,SKU-9892
FAC-00387,PROV-0451,"9594,99",RRHH,27/4/2025,SKU-6018
FAC-00392,PROV-0817,"8383,65",RRHH,17/4/2025,SKU-3560
FAC-00396,PROV-0489,"978,05",RRHH,20/11/2025,SKU-1298
FAC-00399,PROV-0748,"13099,37",RRHH,18/2/2025,SKU-6066
FAC-00402,PROV-0888,"8239,7",RRHH,16/6/2025,SKU-2658
FAC-00409,PROV-0491,"7316,45",RRHH,13/5/2025,SKU-5106
FAC-00412,PROV-0206,"10400,39",RRHH,27/5/2025,SKU-5070
FAC-00416,PROV-0658,"11872,77",RRHH,15/4/2025,SKU-9298
FAC-00418,PROV-0589,"9947,97",RRHH,12/12/2025,SKU-4284
FAC-00432,PROV-0950,"6410,13",RRHH,26/1/2025,SKU-4698
FAC-00441,PROV-0164,"1989,23",RRHH,24/1/2025,SKU-6150
FAC-00444,PROV-0331,"9486,76",RRHH,6/2/2025,SKU-3411
FAC-00447,PROV-0116,"2979,11",RRHH,6/4/2025,SKU-5030
FAC-00448,PROV-0764,"12812,73",RRHH,4/1/2025,SKU-8214
FAC-00450,PROV-0981,"1981,97",RRHH,1/3/2025,SKU-5133
FAC-00462,PROV-0903,"12756,31",RRHH,5/10/2025,SKU-5558
FAC-00467,PROV-0058,"12807,65",RRHH,14/1/2025,SKU-4557
FAC-00471,PROV-0269,"8148,28",RRHH,22/6/2025,SKU-9290
FAC-00473,PROV-0562,"14080,08",RRHH,16/6/2025,SKU-7521
FAC-00496,PROV-0606,"9593,79",RRHH,25/9/2025,SKU-9440
FAC-00503,PROV-0309,"14997,58",RRHH,1/1/2025,SKU-4435
FAC-00507,PROV-0171,"13350,15",RRHH,27/11/2025,SKU-4452
FAC-00509,PROV-0758,"11106,54",RRHH,3/4/2025,SKU-9373
FAC-00513,PROV-0866,"14003,47",RRHH,13/12/2025,SKU-9647
FAC-00518,PROV-0404,"9640,54",RRHH,6/5/2025,SKU-5530
FAC-00519,PROV-0674,"14181,84",RRHH,23/4/2025,SKU-7674
FAC-00530,PROV-0745,"4788,23",RRHH,12/1/2025,SKU-5019
FAC-00538,PROV-0996,"11104,33",RRHH,16/3/2025,SKU-2188
FAC-00542,PROV-0727,"10489,71",RRHH,19/2/2025,SKU-5250
FAC-00550,PROV-0777,"7885,94",RRHH,14/3/2025,SKU-5725
FAC-00559,PROV-0310,"6149,79",RRHH,25/12/2025,SKU-1308
FAC-00560,PROV-0730,"10299,98",RRHH,21/9/2025,SKU-2232
FAC-00562,PROV-0584,"3087,81",RRHH,5/8/2025,SKU-6711
FAC-00574,PROV-0163,"5074,88",RRHH,19/9/2025,SKU-3296
FAC-00576,PROV-0003,"13110,26",RRHH,9/7/2025,SKU-1677
FAC-00577,PROV-0432,"4679,76",RRHH,14/11/2025,SKU-5475
FAC-00584,PROV-0767,"10528,6",RRHH,24/2/2025,SKU-2102
FAC-00588,PROV-0904,"8096,07",RRHH,16/2/2025,SKU-9878
FAC-00590,PROV-0271,"6392,94",RRHH,30/11/2025,SKU-2764
FAC-00598,PROV-0949,"11518,77",RRHH,22/11/2025,SKU-3061
FAC-00603,PROV-0641,"8182,79",RRHH,3/10/2025,SKU-2977
FAC-00619,PROV-0937,"8417,4",RRHH,1/11/2025,SKU-5528
FAC-00623,PROV-0625,"13072,15",RRHH,21/3/2025,SKU-3767
FAC-00631,PROV-0495,"9800,28",RRHH,5/5/2025,SKU-7591
FAC-00632,PROV-0178,"11927,43",RRHH,12/5/2025,SKU-9360
FAC-00634,PROV-0068,"6315,95",RRHH,10/12/2025,SKU-7013
FAC-00639,PROV-0816,"4674,34",RRHH,5/7/2025,SKU-6150
FAC-00651,PROV-0812,"14029,37",RRHH,14/10/2025,SKU-2895
FAC-00653,PROV-0367,"8880,01",RRHH,6/9/2025,SKU-7958
FAC-00655,PROV-0295,"8066,46",RRHH,12/12/2025,SKU-6794
FAC-00660,PROV-0546,"2828,97",RRHH,29/7/2025,SKU-8367
FAC-00663,PROV-0294,"13635,18",RRHH,26/2/2025,SKU-5978
FAC-00673,PROV-0714,"8370,82",RRHH,14/12/2025,SKU-8976
FAC-00676,PROV-0175,"3285,86",RRHH,30/11/2025,SKU-7960
FAC-00681,PROV-0040,"9341,23",RRHH,14/1/2025,SKU-6367
FAC-00689,PROV-0561,"7162,7",RRHH,28/6/2025,SKU-4089
FAC-00690,PROV-0613,"9707,17",RRHH,24/10/2025,SKU-3696
FAC-00695,PROV-0625,"2764,64",RRHH,13/12/2025,SKU-2459
FAC-00699,PROV-0094,"7610,06",RRHH,29/6/2025,SKU-3771
FAC-00700,PROV-0303,"9308,57",RRHH,6/12/2025,SKU-2104
FAC-00712,PROV-0152,"13672,79",RRHH,28/10/2025,SKU-3466
FAC-00714,PROV-0214,"9266,73",RRHH,1/8/2025,SKU-1151
FAC-00715,PROV-0223,"7614,83",RRHH,4/5/2025,SKU-1126
FAC-00717,PROV-0222,"7092,47",RRHH,1/12/2025,SKU-9886
FAC-00722,PROV-0484,"2617,2",RRHH,29/12/2025,SKU-8609
FAC-00732,PROV-0300,"1029,25",RRHH,24/10/2025,SKU-1603
FAC-00746,PROV-0482,"7094,99",RRHH,12/1/2025,SKU-6439
FAC-00755,PROV-0092,"5677,82",RRHH,4/9/2025,SKU-6446
FAC-00756,PROV-0751,"8454,8",RRHH,26/1/2025,SKU-4649
FAC-00766,PROV-0180,"7805,38",RRHH,16/10/2025,SKU-6218
FAC-00770,PROV-0199,"7105,59",RRHH,21/11/2025,SKU-4972
FAC-00787,PROV-0867,"8138,75",RRHH,21/2/2025,SKU-4687
FAC-00790,PROV-0612,"10776,12",RRHH,19/4/2025,SKU-5433
FAC-00795,PROV-0297,"14520,8",RRHH,12/9/2025,SKU-8930
FAC-00802,PROV-0994,"11967,02",RRHH,30/5/2025,SKU-8235
FAC-00806,PROV-0873,"7989,79",RRHH,7/12/2025,SKU-2880
FAC-00809,PROV-0909,"7521,05",RRHH,26/6/2025,SKU-2171
FAC-00813,PROV-0684,"13602,66",RRHH,18/4/2025,SKU-6616
FAC-00817,PROV-0637,"3059,81",RRHH,16/1/2025,SKU-8797
FAC-00818,PROV-0568,"5967,93",RRHH,5/5/2025,SKU-8628
FAC-00823,PROV-0123,"14517,04",RRHH,5/1/2025,SKU-4943
FAC-00829,PROV-0075,"7176,84",RRHH,22/12/2025,SKU-5317
FAC-00836,PROV-1000,"12205,9",RRHH,2/2/2025,SKU-2094
FAC-00840,PROV-0489,"4460,27",RRHH,5/3/2025,SKU-1295
FAC-00863,PROV-0459,"11040,57",RRHH,23/1/2025,SKU-4994
FAC-00871,PROV-0007,"9428,53",RRHH,6/11/2025,SKU-4438
FAC-00873,PROV-0743,"2048,02",RRHH,22/12/2025,SKU-2873
FAC-00883,PROV-0772,"1630,44",RRHH,21/10/2025,SKU-6684
FAC-00889,PROV-0305,"3909,47",RRHH,21/10/2025,SKU-6632
FAC-00896,PROV-0159,"9976,88",RRHH,15/12/2025,SKU-7394
FAC-00905,PROV-0120,"9517,04",RRHH,19/9/2025,SKU-7614
FAC-00916,PROV-0025,"8964,79",RRHH,4/7/2025,SKU-9089
FAC-00926,PROV-0126,"4768,31",RRHH,23/2/2025,SKU-1636
FAC-00927,PROV-0972,"7345,68",RRHH,4/11/2025,SKU-8310
FAC-00928,PROV-0792,"13397,04",RRHH,13/7/2025,SKU-9678
FAC-00932,PROV-0790,"7460,17",RRHH,17/9/2025,SKU-8235
FAC-00937,PROV-0928,"10912,72",RRHH,9/3/2025,SKU-6919
FAC-00959,PROV-0388,"7322,91",RRHH,19/8/2025,SKU-4757
FAC-00974,PROV-0768,"12643,42",RRHH,25/8/2025,SKU-7049
FAC-00977,PROV-0819,"10021,03",RRHH,18/2/2025,SKU-7889
FAC-00989,PROV-0774,"5405,43",RRHH,7/5/2025,SKU-2667
FAC-00991,PROV-0305,"14724,08",RRHH,15/8/2025,SKU-8268
FAC-00995,PROV-0104,"4810,91",RRHH,14/5/2025,SKU-3963
FAC-01009,PROV-0636,"2210,9",RRHH,10/8/2025,SKU-1660
FAC-01015,PROV-0709,"2528,02",RRHH,7/6/2025,SKU-3670
FAC-01019,PROV-0683,"2362,85",RRHH,10/6/2025,SKU-4760
FAC-01023,PROV-0266,"11889,29",RRHH,24/12/2025,SKU-3886
FAC-01026,PROV-0916,"9815,08",RRHH,24/9/2025,SKU-5200
FAC-01034,PROV-0131,"490,21",RRHH,8/9/2025,SKU-5543
FAC-01044,PROV-0149,"1182,16",RRHH,13/3/2025,SKU-3227
FAC-01048,PROV-0024,"14740,04",RRHH,11/5/2025,SKU-3875
FAC-01058,PROV-0811,"11861,81",RRHH,20/3/2025,SKU-7371
FAC-01065,PROV-0626,"4445,84",RRHH,16/3/2025,SKU-8779
FAC-01068,PROV-0885,"13585,59",RRHH,13/9/2025,SKU-6577
FAC-01070,PROV-0029,"4448,93",RRHH,5/2/2025,SKU-1468
FAC-01078,PROV-0551,"7275,14",RRHH,8/2/2025,SKU-6033
FAC-01080,PROV-0670,"8867,98",RRHH,13/8/2025,SKU-2023
FAC-01084,PROV-0370,13825,RRHH,26/10/2025,SKU-1462
FAC-01087,PROV-0539,"7532,95",RRHH,20/2/2025,SKU-5501
FAC-01090,PROV-0078,"14412,32",RRHH,28/10/2025,SKU-5201
FAC-01091,PROV-0583,"10507,17",RRHH,13/6/2025,SKU-9525
FAC-01102,PROV-0674,"4514,1",RRHH,19/2/2025,SKU-1639
FAC-01108,PROV-0029,"13519,35",RRHH,4/11/2025,SKU-3468
FAC-01110,PROV-0347,"13322,6",RRHH,29/5/2025,SKU-9294
FAC-01112,PROV-0481,"8550,99",RRHH,7/5/2025,SKU-8530
FAC-01113,PROV-0894,"4839,64",RRHH,20/3/2025,SKU-7097
FAC-01120,PROV-0321,"7288,15",RRHH,27/6/2025,SKU-9194
FAC-01121,PROV-0858,"6860,38",RRHH,30/8/2025,SKU-1698
FAC-01122,PROV-0090,"11301,7",RRHH,13/4/2025,SKU-9640
FAC-01126,PROV-0276,"5372,76",RRHH,28/6/2025,SKU-9375
FAC-01131,PROV-0163,"3203,15",RRHH,21/12/2025,SKU-2348
FAC-01133,PROV-0319,"13498,51",RRHH,21/3/2025,SKU-6071
FAC-01134,PROV-0102,"3687,43",RRHH,14/11/2025,SKU-2102
FAC-01135,PROV-0417,"1487,98",RRHH,9/4/2025,SKU-7032
FAC-01143,PROV-0440,"4070,7",RRHH,2/8/2025,SKU-8212
FAC-01156,PROV-0261,"896,01",RRHH,15/3/2025,SKU-7239
FAC-01160,PROV-0645,"4270,24",RRHH,4/4/2025,SKU-4947
FAC-01173,PROV-0199,"546,16",RRHH,15/6/2025,SKU-9548
FAC-01178,PROV-0417,"5116,25",RRHH,20/6/2025,SKU-9677
FAC-01179,PROV-0407,"10207,85",RRHH,16/2/2025,SKU-8209
FAC-01191,PROV-0364,"2154,71",RRHH,15/9/2025,SKU-2437
FAC-01200,PROV-0262,"8157,87",RRHH,26/10/2025,SKU-2555
FAC-01202,PROV-0719,"6109,61",RRHH,8/9/2025,SKU-4660
FAC-01208,PROV-0612,"882,8",RRHH,3/4/2025,SKU-1854
FAC-01216,PROV-0758,"14117,5",RRHH,13/11/2025,SKU-4360
FAC-01231,PROV-0863,"14531,43",RRHH,27/11/2025,SKU-8461
FAC-01234,PROV-0825,"677,06",RRHH,5/5/2025,SKU-4195
FAC-01239,PROV-0923,"9270,23",RRHH,5/7/2025,SKU-6153
FAC-01242,PROV-0259,"13589,69",RRHH,18/2/2025,SKU-7220
FAC-01249,PROV-0800,"4911,77",RRHH,2/4/2025,SKU-3165
FAC-01255,PROV-0943,"3983,76",RRHH,2/5/2025,SKU-4546
FAC-01260,PROV-0030,"9418,61",RRHH,9/8/2025,SKU-6920
FAC-01262,PROV-0294,"7508,06",RRHH,22/4/2025,SKU-5350
FAC-01269,PROV-0980,"14838,1",RRHH,10/4/2025,SKU-4688
FAC-01270,PROV-0662,"14595,58",RRHH,11/4/2025,SKU-9073
FAC-01275,PROV-0113,"7676,83",RRHH,8/3/2025,SKU-2695
FAC-01285,PROV-0292,"11049,83",RRHH,30/1/2025,SKU-2630
FAC-01298,PROV-0530,"7215,72",RRHH,7/10/2025,SKU-8728
FAC-01304,PROV-0478,"9939,35",RRHH,15/12/2025,SKU-8234
FAC-01305,PROV-0039,"10144,17",RRHH,9/3/2025,SKU-2235
FAC-01312,PROV-0734,"13828,61",RRHH,22/7/2025,SKU-1944
FAC-01314,PROV-0037,"12416,51",RRHH,1/6/2025,SKU-5364
FAC-01317,PROV-0566,"7562,83",RRHH,23/7/2025,SKU-8298
FAC-01324,PROV-0412,"14243,3",RRHH,29/12/2025,SKU-8945
FAC-01327,PROV-0705,"10749,84",RRHH,9/4/2025,SKU-9049
FAC-01328,PROV-0069,"2750,05",RRHH,14/3/2025,SKU-9233
FAC-01333,PROV-0829,"9113,41",RRHH,27/4/2025,SKU-3304
FAC-01336,PROV-0656,"342,89",RRHH,21/1/2025,SKU-6714
FAC-01371,PROV-0203,"10263,04",RRHH,28/1/2025,SKU-8845
FAC-01374,PROV-0480,"4210,32",RRHH,8/5/2025,SKU-9803
FAC-01388,PROV-0413,"14847,01",RRHH,30/10/2025,SKU-2127
FAC-01390,PROV-0580,"14091,85",RRHH,9/2/2025,SKU-2023
FAC-01393,PROV-0577,"11507,93",RRHH,24/2/2025,SKU-7299
FAC-01408,PROV-0853,"13477,83",RRHH,20/11/2025,SKU-6473
FAC-01419,PROV-0899,"12981,81",RRHH,29/3/2025,SKU-3133
FAC-01427,PROV-0032,"4241,78",RRHH,10/7/2025,SKU-5451
FAC-01445,PROV-0947,"11682,61",RRHH,4/6/2025,SKU-2499
FAC-01448,PROV-0283,"8273,97",RRHH,10/2/2025,SKU-6289
FAC-01451,PROV-0080,"4045,53",RRHH,31/1/2025,SKU-3767
FAC-01460,PROV-0743,"5497,34",RRHH,29/7/2025,SKU-9835
FAC-01471,PROV-0477,"11631,01",RRHH,7/3/2025,SKU-2156
FAC-01480,PROV-0514,"10459,19",RRHH,28/6/2025,SKU-7112
FAC-01488,PROV-0328,"11451,17",RRHH,30/3/2025,SKU-1293
FAC-01489,PROV-0328,"5245,87",RRHH,11/4/2025,SKU-2149
FAC-01491,PROV-0093,"8299,71",RRHH,31/7/2025,SKU-9566
FAC-01493,PROV-0286,"739,28",RRHH,4/6/2025,SKU-5889
FAC-01501,PROV-0048,"11779,82",RRHH,18/12/2025,SKU-4913
FAC-01505,PROV-0494,"10900,57",RRHH,8/5/2025,SKU-3153
FAC-01513,PROV-0818,"14253,64",RRHH,23/4/2025,SKU-1488
FAC-01521,PROV-0946,"9528,97",RRHH,4/11/2025,SKU-6201
FAC-01525,PROV-0434,"1181,77",RRHH,10/9/2025,SKU-7155
FAC-01532,PROV-0921,"257,76",RRHH,6/6/2025,SKU-2033
FAC-01536,PROV-0056,"13716,24",RRHH,12/5/2025,SKU-6680
FAC-01554,PROV-0168,"14399,85",RRHH,30/3/2025,SKU-2598
FAC-01555,PROV-0388,"1913,82",RRHH,4/6/2025,SKU-8519
FAC-01558,PROV-0659,"5293,11",RRHH,26/5/2025,SKU-7674
FAC-01561,PROV-0404,"12993,04",RRHH,2/8/2025,SKU-4686
FAC-01571,PROV-0112,"7754,28",RRHH,26/1/2025,SKU-5594
FAC-01575,PROV-0158,"10814,03",RRHH,14/1/2025,SKU-4317
FAC-01597,PROV-0721,"543,39",RRHH,31/7/2025,SKU-9078
FAC-01604,PROV-0753,"12613,65",RRHH,21/5/2025,SKU-6743
FAC-01612,PROV-0570,"4688,31",RRHH,22/4/2025,SKU-8974
FAC-01616,PROV-0511,"2079,67",RRHH,25/6/2025,SKU-5524
FAC-01620,PROV-0833,"4692,7",RRHH,18/5/2025,SKU-5902
FAC-01626,PROV-0854,"10604,7",RRHH,8/8/2025,SKU-1506
FAC-01633,PROV-0822,"9074,25",RRHH,28/1/2025,SKU-4603
FAC-01635,PROV-0305,"9514,96",RRHH,21/9/2025,SKU-5759
FAC-01637,PROV-0386,"5688,62",RRHH,7/11/2025,SKU-5923
FAC-01640,PROV-0133,"5038,69",RRHH,4/11/2025,SKU-1148
FAC-01642,PROV-0532,"2935,49",RRHH,27/10/2025,SKU-5193
FAC-01645,PROV-0639,"322,14",RRHH,31/1/2025,SKU-6318
FAC-01646,PROV-0653,"9301,16",RRHH,28/3/2025,SKU-8179
FAC-01659,PROV-0431,"6278,06",RRHH,20/3/2025,SKU-8643
FAC-01666,PROV-0775,"9936,9",RRHH,24/1/2025,SKU-7120
FAC-01668,PROV-0724,"6222,56",RRHH,29/11/2025,SKU-7246
FAC-01670,PROV-0267,"1026,03",RRHH,2/4/2025,SKU-6751
FAC-01674,PROV-0351,"9469,87",RRHH,28/4/2025,SKU-6400
FAC-01684,PROV-0690,"1435,36",RRHH,28/7/2025,SKU-5628
FAC-01687,PROV-0325,"14235,07",RRHH,26/4/2025,SKU-1443
FAC-01688,PROV-0499,"10246,08",RRHH,25/10/2025,SKU-7797
FAC-01689,PROV-0654,"4450,02",RRHH,9/3/2025,SKU-1558
FAC-01692,PROV-0045,"11736,74",RRHH,13/11/2025,SKU-8139
FAC-01697,PROV-0758,"9248,05",RRHH,4/8/2025,SKU-4007
FAC-01711,PROV-0238,"810,15",RRHH,13/3/2025,SKU-2209
FAC-01718,PROV-0907,"14944,18",RRHH,14/8/2025,SKU-3899
FAC-01731,PROV-0802,"4956,89",RRHH,8/10/2025,SKU-6924
FAC-01733,PROV-0164,"3857,43",RRHH,16/12/2025,SKU-8356
FAC-01748,PROV-0445,"6397,27",RRHH,6/9/2025,SKU-4156
FAC-01756,PROV-0866,"14040,36",RRHH,14/12/2025,SKU-6459
FAC-01764,PROV-0900,"2232,6",RRHH,18/7/2025,SKU-6161
FAC-01767,PROV-0032,"11727,96",RRHH,15/5/2025,SKU-9619
FAC-01776,PROV-0866,"7310,01",RRHH,19/4/2025,SKU-3337
FAC-01781,PROV-0965,"12480,83",RRHH,31/1/2025,SKU-3208
FAC-01785,PROV-0466,"8783,77",RRHH,27/10/2025,SKU-2787
FAC-01786,PROV-0205,"12348,4",RRHH,25/9/2025,SKU-3008
FAC-01787,PROV-0466,"6276,42",RRHH,23/5/2025,SKU-5163
FAC-01793,PROV-0971,2175,RRHH,12/3/2025,SKU-7680
FAC-01801,PROV-0223,"587,43",RRHH,18/7/2025,SKU-9368
FAC-01809,PROV-0332,"474,57",RRHH,31/3/2025,SKU-4276
FAC-01818,PROV-0975,"10942,55",RRHH,14/1/2025,SKU-7622
FAC-01822,PROV-0602,"14098,05",RRHH,2/7/2025,SKU-1116
FAC-01823,PROV-0135,"11853,3",RRHH,24/7/2025,SKU-6101
FAC-01826,PROV-0164,"2274,32",RRHH,2/12/2025,SKU-7704
FAC-01837,PROV-0881,"739,28",RRHH,26/9/2025,SKU-2711
FAC-01849,PROV-0254,"3009,91",RRHH,10/11/2025,SKU-7359
FAC-01850,PROV-0146,"8209,21",RRHH,15/3/2025,SKU-2112
FAC-01858,PROV-0160,"8289,14",RRHH,10/4/2025,SKU-2467
FAC-01861,PROV-0222,"2110,2",RRHH,9/4/2025,SKU-8802
FAC-01868,PROV-0236,"8176,06",RRHH,8/7/2025,SKU-9033
FAC-01871,PROV-0204,"4103,87",RRHH,4/4/2025,SKU-7701
FAC-01878,PROV-0039,"7282,89",RRHH,9/4/2025,SKU-4654
FAC-01880,PROV-0088,"7338,72",RRHH,27/7/2025,SKU-6030
FAC-01883,PROV-0113,"10067,34",RRHH,18/1/2025,SKU-8779
FAC-01894,PROV-0938,"7480,1",RRHH,27/7/2025,SKU-9600
FAC-01900,PROV-0141,"12179,2",RRHH,20/11/2025,SKU-4160
FAC-01909,PROV-0130,"11327,65",RRHH,6/9/2025,SKU-7872
FAC-01912,PROV-0471,"10830,7",RRHH,20/10/2025,SKU-4786
FAC-01918,PROV-0777,"5137,49",RRHH,24/12/2025,SKU-8037
FAC-01927,PROV-0537,"229,72",RRHH,29/11/2025,SKU-4212
FAC-01928,PROV-0363,"14140,83",RRHH,16/10/2025,SKU-4352
FAC-01936,PROV-0188,"4032,37",RRHH,25/10/2025,SKU-2478
FAC-01941,PROV-0501,"11743,38",RRHH,30/1/2025,SKU-3022
FAC-01942,PROV-0721,"10621,24",RRHH,15/5/2025,SKU-5912
FAC-01944,PROV-0316,"10210,33",RRHH,12/12/2025,SKU-3886
FAC-01951,PROV-0037,"12565,1",RRHH,4/12/2025,SKU-7053
FAC-01961,PROV-0765,"2470,6",RRHH,11/11/2025,SKU-7706
FAC-01966,PROV-0427,"9263,1",RRHH,24/4/2025,SKU-7346
FAC-01967,PROV-0971,"10132,1",RRHH,10/2/2025,SKU-7530
FAC-01969,PROV-0168,"12925,32",RRHH,16/6/2025,SKU-8231
FAC-01987,PROV-0689,"9590,47",RRHH,20/4/2025,SKU-6889
FAC-01988,PROV-0498,"3450,68",RRHH,29/3/2025,SKU-3217
FAC-01997,PROV-0899,"13663,99",RRHH,7/2/2025,SKU-9889
FAC-02003,PROV-0924,"584,85",RRHH,31/3/2025,SKU-4669
FAC-02006,PROV-0283,"6663,79",RRHH,22/12/2025,SKU-6287
FAC-02008,PROV-0841,"4636,01",RRHH,15/4/2025,SKU-5308
FAC-02026,PROV-0752,"1541,08",RRHH,8/5/2025,SKU-8852
FAC-02028,PROV-0859,"10950,25",RRHH,28/4/2025,SKU-3234
FAC-02029,PROV-0696,"7421,43",RRHH,20/10/2025,SKU-7355
FAC-02034,PROV-0344,"13188,96",RRHH,19/7/2025,SKU-7037
FAC-02035,PROV-0298,"10880,54",RRHH,7/10/2025,SKU-8835
FAC-02037,PROV-0254,"13976,53",RRHH,31/5/2025,SKU-4643
FAC-02041,PROV-0368,"3209,63",RRHH,15/9/2025,SKU-8930
FAC-02048,PROV-0108,"5088,02",RRHH,22/6/2025,SKU-5208
FAC-02050,PROV-0076,"11291,14",RRHH,8/9/2025,SKU-9636
FAC-02052,PROV-0845,"3772,26",RRHH,4/6/2025,SKU-4052
FAC-02056,PROV-0999,"1888,16",RRHH,22/4/2025,SKU-2278
FAC-02064,PROV-0388,"7650,17",RRHH,26/12/2025,SKU-8484
FAC-02065,PROV-0728,"1263,09",RRHH,11/3/2025,SKU-6766
FAC-02068,PROV-0614,"12942,69",RRHH,24/8/2025,SKU-5339
FAC-02072,PROV-0461,"7252,75",RRHH,26/5/2025,SKU-7320
FAC-02073,PROV-0233,"8340,36",RRHH,2/8/2025,SKU-3495
FAC-02076,PROV-0016,"9882,44",RRHH,13/10/2025,SKU-3926
FAC-02087,PROV-0946,"6616,76",RRHH,19/4/2025,SKU-4780
FAC-02088,PROV-0024,"4265,87",RRHH,2/1/2025,SKU-3400
FAC-02096,PROV-0407,"10662,5",RRHH,25/3/2025,SKU-4147
FAC-02107,PROV-0642,"8658,2",RRHH,23/4/2025,SKU-6801
FAC-02114,PROV-0080,"11874,75",RRHH,10/2/2025,SKU-7956
FAC-02119,PROV-0694,"7337,38",RRHH,10/11/2025,SKU-7907
FAC-02134,PROV-0750,"2034,67",RRHH,10/3/2025,SKU-6528
FAC-02141,PROV-0043,"9888,62",RRHH,10/10/2025,SKU-2449
FAC-02143,PROV-0005,"3342,81",RRHH,2/10/2025,SKU-4943
FAC-02145,PROV-0306,"5320,05",RRHH,12/6/2025,SKU-5746
FAC-02156,PROV-0536,"14477,61",RRHH,3/11/2025,SKU-4436
FAC-02161,PROV-0592,"6944,79",RRHH,27/10/2025,SKU-1713
FAC-02173,PROV-0256,"5324,75",RRHH,4/3/2025,SKU-1535
FAC-02178,PROV-0633,"1278,83",RRHH,24/11/2025,SKU-5301
FAC-02182,PROV-0209,"4150,7",RRHH,29/10/2025,SKU-2457
FAC-02187,PROV-0570,"8022,93",RRHH,20/5/2025,SKU-3397
FAC-02192,PROV-0391,"7111,05",RRHH,22/2/2025,SKU-7549
FAC-02199,PROV-0125,"9627,11",RRHH,26/11/2025,SKU-1891
FAC-02206,PROV-0399,"2207,92",RRHH,9/11/2025,SKU-1226
FAC-02211,PROV-0028,"1404,5",RRHH,14/8/2025,SKU-2096
FAC-02216,PROV-0734,"11429,45",RRHH,2/12/2025,SKU-5031
FAC-02222,PROV-0250,"11901,29",RRHH,19/4/2025,SKU-2798
FAC-02230,PROV-0545,"1665,8",RRHH,26/3/2025,SKU-3801
FAC-02232,PROV-0674,"2749,72",RRHH,29/7/2025,SKU-7234
FAC-02233,PROV-0666,"2429,51",RRHH,31/10/2025,SKU-6723
FAC-02243,PROV-0075,"5036,68",RRHH,12/9/2025,SKU-5623
FAC-02253,PROV-0499,"3146,13",RRHH,12/8/2025,SKU-7502
FAC-02256,PROV-0198,"11706,95",RRHH,16/1/2025,SKU-9256
FAC-02262,PROV-0519,"6736,46",RRHH,1/1/2025,SKU-9512
FAC-02263,PROV-0942,"13097,11",RRHH,14/2/2025,SKU-5841
FAC-02274,PROV-0320,"2144,68",RRHH,7/1/2025,SKU-8311
FAC-02276,PROV-0329,"3518,11",RRHH,8/1/2025,SKU-7239
FAC-02294,PROV-0668,"1156,69",RRHH,30/10/2025,SKU-7227
FAC-02298,PROV-0530,"13950,72",RRHH,28/1/2025,SKU-1544
FAC-02299,PROV-0350,"3411,33",RRHH,8/8/2025,SKU-1277
FAC-02301,PROV-0725,"7433,35",RRHH,1/11/2025,SKU-9652
FAC-02305,PROV-0812,"4833,16",RRHH,6/11/2025,SKU-4165
FAC-02312,PROV-0775,"2799,02",RRHH,21/5/2025,SKU-7633
FAC-02318,PROV-0108,"6817,59",RRHH,9/4/2025,SKU-1202
FAC-02321,PROV-0180,"14988,92",RRHH,6/1/2025,SKU-2165
FAC-02329,PROV-0361,"10705,1",RRHH,10/8/2025,SKU-1405
FAC-02333,PROV-0063,"2338,31",RRHH,8/4/2025,SKU-6268
FAC-02340,PROV-0451,"7351,82",RRHH,17/8/2025,SKU-4972
FAC-02341,PROV-0853,"2802,04",RRHH,12/9/2025,SKU-8939
FAC-02348,PROV-0672,"5061,15",RRHH,26/5/2025,SKU-3581
FAC-02351,PROV-0338,"12977,78",RRHH,11/11/2025,SKU-6055
FAC-02352,PROV-0528,"7441,64",RRHH,28/4/2025,SKU-2439
FAC-02353,PROV-0234,"10176,52",RRHH,5/12/2025,SKU-9567
FAC-02357,PROV-0381,"8654,62",RRHH,8/7/2025,SKU-3577
FAC-02362,PROV-0414,"1064,04",RRHH,10/5/2025,SKU-1831
FAC-02363,PROV-0490,"2448,38",RRHH,28/1/2025,SKU-1826
FAC-02365,PROV-0940,"12202,27",RRHH,27/7/2025,SKU-9511
FAC-02374,PROV-0339,"271,45",RRHH,25/2/2025,SKU-7800
FAC-02377,PROV-0683,"1232,89",RRHH,16/8/2025,SKU-2631
FAC-02378,PROV-0148,"2677,34",RRHH,19/2/2025,SKU-8695
FAC-02388,PROV-0520,"7596,64",RRHH,8/4/2025,SKU-5994
FAC-02397,PROV-0288,"1517,48",RRHH,7/8/2025,SKU-5937
FAC-02407,PROV-0167,"12777,29",RRHH,30/12/2025,SKU-4626
FAC-02413,PROV-0970,"1305,63",RRHH,25/8/2025,SKU-5663
FAC-02419,PROV-0346,"3526,27",RRHH,13/8/2025,SKU-2926
FAC-02428,PROV-0230,"10746,98",RRHH,22/12/2025,SKU-4023
FAC-02429,PROV-0380,"4656,19",RRHH,18/11/2025,SKU-2213
FAC-02432,PROV-0507,"8826,75",RRHH,25/12/2025,SKU-9119
FAC-02433,PROV-0138,"12259,61",RRHH,27/7/2025,SKU-1335
FAC-02439,PROV-0171,"1904,98",RRHH,12/12/2025,SKU-7417
FAC-02447,PROV-0255,"2738,3",RRHH,27/12/2025,SKU-9143
FAC-02450,PROV-0437,"3402,26",RRHH,19/8/2025,SKU-3678
FAC-02455,PROV-0084,"10731,03",RRHH,6/8/2025,SKU-4228
FAC-02457,PROV-0028,"9869,03",RRHH,7/2/2025,SKU-1713
FAC-02470,PROV-0193,"697,21",RRHH,28/1/2025,SKU-4510
FAC-02472,PROV-0336,"12358,73",RRHH,9/9/2025,SKU-6157
FAC-02489,PROV-0834,"1102,87",RRHH,12/10/2025,SKU-8963
FAC-02496,PROV-0240,"4514,51",RRHH,8/3/2025,SKU-2430
FAC-02498,PROV-0239,"12508,84",RRHH,8/4/2025,SKU-2867
FAC-02506,PROV-0253,"3117,71",RRHH,28/10/2025,SKU-4744
FAC-02507,PROV-0921,"8166,07",RRHH,18/11/2025,SKU-2054
FAC-02512,PROV-0585,"7390,16",RRHH,25/10/2025,SKU-9483
FAC-02517,PROV-0412,"7491,34",RRHH,5/11/2025,SKU-7521
FAC-02522,PROV-0237,"10847,2",RRHH,11/3/2025,SKU-6585
FAC-02537,PROV-0584,"3924,74",RRHH,13/8/2025,SKU-8667
FAC-02538,PROV-0661,"3676,79",RRHH,27/3/2025,SKU-8826
FAC-02544,PROV-0513,"4134,18",RRHH,26/12/2025,SKU-3468
FAC-02560,PROV-0232,"2375,51",RRHH,7/2/2025,SKU-7026
FAC-02564,PROV-0328,"10451,15",RRHH,29/6/2025,SKU-1072
FAC-02570,PROV-0343,10035,RRHH,26/7/2025,SKU-4426
FAC-02572,PROV-0337,"3547,35",RRHH,5/2/2025,SKU-2446
FAC-02574,PROV-0268,"14430,99",RRHH,28/6/2025,SKU-4484
FAC-02578,PROV-0168,"599,88",RRHH,10/6/2025,SKU-8823
FAC-02582,PROV-0509,"3294,59",RRHH,17/6/2025,SKU-1367
FAC-02626,PROV-0203,"11743,62",RRHH,30/12/2025,SKU-9697
FAC-02628,PROV-0601,"935,71",RRHH,16/5/2025,SKU-8988
FAC-02633,PROV-0832,"872,35",RRHH,7/2/2025,SKU-6458
FAC-02634,PROV-0626,"14691,09",RRHH,18/5/2025,SKU-2447
FAC-02639,PROV-0890,"11501,81",RRHH,31/5/2025,SKU-9507
FAC-02640,PROV-0594,"9582,46",RRHH,10/4/2025,SKU-2323
FAC-02651,PROV-0693,"3597,45",RRHH,23/7/2025,SKU-9367
FAC-02652,PROV-0796,"14639,98",RRHH,29/9/2025,SKU-3356
FAC-02653,PROV-0332,"14541,24",RRHH,1/3/2025,SKU-9690
FAC-02662,PROV-0008,"2463,14",RRHH,18/9/2025,SKU-8863
FAC-02669,PROV-0663,"1996,12",RRHH,1/4/2025,SKU-8208
FAC-02676,PROV-0684,"5551,77",RRHH,10/6/2025,SKU-3559
FAC-02682,PROV-0520,"12303,77",RRHH,22/1/2025,SKU-5793
FAC-02685,PROV-0463,"4459,06",RRHH,10/6/2025,SKU-5025
FAC-02689,PROV-0696,"13615,66",RRHH,11/10/2025,SKU-1154
FAC-02716,PROV-0032,"14689,23",RRHH,17/10/2025,SKU-9271
FAC-02719,PROV-0186,"13694,75",RRHH,21/8/2025,SKU-2743
FAC-02722,PROV-0086,"8779,76",RRHH,19/3/2025,SKU-4870
FAC-02726,PROV-0307,"8245,99",RRHH,29/7/2025,SKU-6471
FAC-02727,PROV-0859,"13572,97",RRHH,7/8/2025,SKU-1907
FAC-02728,PROV-0030,"10931,3",RRHH,22/6/2025,SKU-6820
FAC-02740,PROV-0230,"4377,11",RRHH,20/1/2025,SKU-6184
FAC-02765,PROV-0642,"7806,68",RRHH,6/10/2025,SKU-8521
FAC-02772,PROV-0726,"12675,29",RRHH,9/7/2025,SKU-1869
FAC-02776,PROV-0775,"6907,66",RRHH,13/6/2025,SKU-4152
FAC-02783,PROV-0739,"13938,14",RRHH,8/3/2025,SKU-5232
FAC-02790,PROV-0773,"11327,29",RRHH,14/9/2025,SKU-5952
FAC-02791,PROV-0143,2575,RRHH,15/5/2025,SKU-9074
FAC-02793,PROV-0245,"3490,94",RRHH,15/9/2025,SKU-8730
FAC-02794,PROV-0648,"3344,62",RRHH,30/7/2025,SKU-5784
FAC-02801,PROV-0603,"10486,39",RRHH,9/2/2025,SKU-8794
FAC-02802,PROV-0975,"12779,93",RRHH,28/2/2025,SKU-2767
FAC-02827,PROV-0095,"14831,71",RRHH,9/6/2025,SKU-7799
FAC-02828,PROV-0115,"5302,69",RRHH,21/3/2025,SKU-6800
FAC-02834,PROV-0532,"4302,7",RRHH,13/1/2025,SKU-5037
FAC-02836,PROV-0220,12347,RRHH,28/4/2025,SKU-5838
FAC-02842,PROV-0097,"5704,69",RRHH,19/7/2025,SKU-2057
FAC-02856,PROV-0880,"7658,64",RRHH,1/11/2025,SKU-4725
FAC-02858,PROV-0323,"4670,4",RRHH,29/7/2025,SKU-1610
FAC-02864,PROV-0154,"3602,12",RRHH,12/12/2025,SKU-3138
FAC-02866,PROV-0003,"6639,71",RRHH,10/5/2025,SKU-7575
FAC-02869,PROV-0767,"3604,36",RRHH,17/8/2025,SKU-4825
FAC-02890,PROV-0920,"13624,1",RRHH,5/2/2025,SKU-7972
FAC-02891,PROV-0436,"3889,48",RRHH,15/9/2025,SKU-1980
FAC-02899,PROV-0059,"7860,43",RRHH,12/2/2025,SKU-4495
FAC-02916,PROV-0327,"1584,84",RRHH,28/2/2025,SKU-5183
FAC-02917,PROV-0511,"12660,16",RRHH,8/4/2025,SKU-3180
FAC-02926,PROV-0826,"8238,93",RRHH,29/5/2025,SKU-9802
FAC-02927,PROV-0606,"6881,43",RRHH,8/12/2025,SKU-6847
FAC-02933,PROV-0228,"4566,08",RRHH,29/12/2025,SKU-2629
FAC-02943,PROV-0667,"5258,19",RRHH,24/3/2025,SKU-8265
FAC-02948,PROV-0059,"12224,53",RRHH,20/1/2025,SKU-4366
FAC-02951,PROV-0049,"10559,54",RRHH,12/4/2025,SKU-5699
FAC-02955,PROV-0899,"5064,39",RRHH,20/5/2025,SKU-9258
FAC-02959,PROV-0119,"6896,17",RRHH,26/10/2025,SKU-5123
FAC-02961,PROV-0092,"12797,29",RRHH,25/5/2025,SKU-2655
FAC-02974,PROV-0976,"8922,59",RRHH,19/5/2025,SKU-1687
FAC-02976,PROV-0179,"14873,45",RRHH,29/10/2025,SKU-9067
FAC-02983,PROV-0781,"12600,94",RRHH,15/4/2025,SKU-7096
FAC-02984,PROV-0797,"751,75",RRHH,21/5/2025,SKU-7730
FAC-02985,PROV-0445,"6483,3",RRHH,24/5/2025,SKU-9590
FAC-02994,PROV-0208,"7020,86",RRHH,23/10/2025,SKU-8436
FAC-02995,PROV-0838,"5697,73",RRHH,4/5/2025,SKU-7237
FAC-02996,PROV-0578,"685,95",RRHH,4/4/2025,SKU-3456
FAC-02997,PROV-0227,"1275,22",RRHH,1/8/2025,SKU-1928
FAC-03002,PROV-0032,"305,83",RRHH,17/4/2025,SKU-7954
FAC-03022,PROV-0225,"7042,49",RRHH,23/2/2025,SKU-5803
FAC-03027,PROV-0080,"4264,23",RRHH,16/9/2025,SKU-2765
FAC-03032,PROV-0924,"1734,48",RRHH,13/6/2025,SKU-8789
FAC-03037,PROV-0183,4157,RRHH,4/4/2025,SKU-4239
FAC-03038,PROV-0428,"11068,98",RRHH,15/1/2025,SKU-9440
FAC-03049,PROV-0972,"14690,45",RRHH,6/9/2025,SKU-3453
FAC-03050,PROV-0638,"11244,94",RRHH,29/7/2025,SKU-2488
FAC-03056,PROV-0567,"1131,64",RRHH,23/6/2025,SKU-7042
FAC-03058,PROV-0810,"2382,67",RRHH,21/6/2025,SKU-2094
FAC-03064,PROV-0449,"14199,87",RRHH,17/5/2025,SKU-5165
FAC-03066,PROV-0121,"1597,86",RRHH,10/11/2025,SKU-2744
FAC-03067,PROV-0888,"5715,59",RRHH,11/6/2025,SKU-7187
FAC-03068,PROV-0452,"9676,63",RRHH,12/11/2025,SKU-5993
FAC-03070,PROV-0726,"11497,19",RRHH,11/2/2025,SKU-6700
FAC-03088,PROV-0805,"14421,32",RRHH,2/1/2025,SKU-9815
FAC-03094,PROV-0890,"1021,12",RRHH,29/9/2025,SKU-9360
FAC-03096,PROV-0247,"10314,13",RRHH,13/4/2025,SKU-9487
FAC-03097,PROV-0165,"717,67",RRHH,11/11/2025,SKU-3674
FAC-03107,PROV-0855,"6867,89",RRHH,9/8/2025,SKU-6647
FAC-03111,PROV-0870,"520,48",RRHH,2/1/2025,SKU-6587
FAC-03128,PROV-0760,"6722,37",RRHH,16/11/2025,SKU-5383
FAC-03129,PROV-0435,"7358,73",RRHH,20/9/2025,SKU-4524
FAC-03140,PROV-0679,"12204,44",RRHH,24/10/2025,SKU-4057
FAC-03144,PROV-0990,"2654,53",RRHH,29/1/2025,SKU-6883
FAC-03145,PROV-0231,"11454,25",RRHH,3/12/2025,SKU-2567
FAC-03157,PROV-0380,"2240,04",RRHH,3/5/2025,SKU-9228
FAC-03159,PROV-0869,"13382,2",RRHH,6/12/2025,SKU-7241
FAC-03167,PROV-0516,"9365,01",RRHH,14/1/2025,SKU-9655
FAC-03172,PROV-0807,"9487,96",RRHH,2/11/2025,SKU-3264
FAC-03173,PROV-0125,"9267,98",RRHH,7/3/2025,SKU-4545
FAC-03179,PROV-0788,"7535,42",RRHH,10/11/2025,SKU-4067
FAC-03188,PROV-0222,"2613,09",RRHH,24/2/2025,SKU-5873
FAC-03190,PROV-0408,"1923,4",RRHH,19/9/2025,SKU-9752
FAC-03200,PROV-0003,"3159,91",RRHH,27/8/2025,SKU-8048
FAC-03208,PROV-0842,"12506,12",RRHH,25/12/2025,SKU-3150
FAC-03211,PROV-0554,"11988,09",RRHH,15/9/2025,SKU-4338
FAC-03217,PROV-0317,"14872,24",RRHH,11/12/2025,SKU-5130
FAC-03219,PROV-0008,"5265,27",RRHH,17/7/2025,SKU-6999
FAC-03222,PROV-0482,"1380,78",RRHH,6/6/2025,SKU-4708
FAC-03223,PROV-0352,"12445,79",RRHH,23/5/2025,SKU-5685
FAC-03230,PROV-0038,"5189,39",RRHH,25/3/2025,SKU-3865
FAC-03233,PROV-0606,"10218,7",RRHH,16/4/2025,SKU-1225
FAC-03236,PROV-0616,"2230,72",RRHH,28/3/2025,SKU-5814
FAC-03253,PROV-0936,"7763,66",RRHH,1/5/2025,SKU-6718
FAC-03254,PROV-0159,"14377,97",RRHH,31/5/2025,SKU-4802
FAC-03258,PROV-0050,"7847,02",RRHH,5/10/2025,SKU-5399
FAC-03269,PROV-0589,"2650,73",RRHH,21/1/2025,SKU-3078
FAC-03270,PROV-0027,"6111,2",RRHH,31/10/2025,SKU-7859
FAC-03273,PROV-0748,"1171,9",RRHH,18/3/2025,SKU-5360
FAC-03290,PROV-0030,"13754,23",RRHH,19/9/2025,SKU-2224
FAC-03296,PROV-0243,"2961,39",RRHH,2/11/2025,SKU-8655
FAC-03311,PROV-0322,"9431,21",RRHH,24/9/2025,SKU-3002
FAC-03319,PROV-0170,"2718,25",RRHH,4/3/2025,SKU-2364
FAC-03324,PROV-0461,"9588,97",RRHH,28/5/2025,SKU-3341
FAC-03334,PROV-0440,"14481,85",RRHH,22/5/2025,SKU-7174
FAC-03337,PROV-0350,"1860,21",RRHH,11/8/2025,SKU-8606
FAC-03343,PROV-0740,"5398,54",RRHH,25/11/2025,SKU-7507
FAC-03345,PROV-0175,"12652,4",RRHH,27/7/2025,SKU-9157
FAC-03350,PROV-0137,"11639,1",RRHH,16/6/2025,SKU-4346
FAC-03358,PROV-0506,"2045,92",RRHH,31/5/2025,SKU-1364
FAC-03364,PROV-0767,"1233,74",RRHH,13/10/2025,SKU-9333
FAC-03370,PROV-0803,"2347,9",RRHH,24/12/2025,SKU-3284
FAC-03377,PROV-0501,"8307,99",RRHH,27/10/2025,SKU-2742
FAC-03379,PROV-0865,"7029,41",RRHH,10/9/2025,SKU-9271
FAC-03381,PROV-0706,"7530,21",RRHH,2/8/2025,SKU-2509
FAC-03387,PROV-0368,"12081,58",RRHH,25/3/2025,SKU-8301
FAC-03390,PROV-0961,"2529,61",RRHH,4/11/2025,SKU-3120
FAC-03401,PROV-0869,"9687,2",RRHH,28/8/2025,SKU-2923
FAC-03414,PROV-0593,"9303,57",RRHH,25/3/2025,SKU-3544
FAC-03422,PROV-0557,"7789,06",RRHH,24/10/2025,SKU-5207
FAC-03427,PROV-0853,"2244,11",RRHH,4/6/2025,SKU-5295
FAC-03429,PROV-0734,"8743,87",RRHH,8/5/2025,SKU-3830
FAC-03433,PROV-0221,"1776,09",RRHH,17/10/2025,SKU-6637
FAC-03435,PROV-0419,"5300,73",RRHH,23/6/2025,SKU-9441
FAC-03440,PROV-0440,"11036,04",RRHH,8/7/2025,SKU-9827
FAC-03444,PROV-0681,"4286,87",RRHH,25/4/2025,SKU-6169
FAC-03448,PROV-0918,"6072,74",RRHH,17/1/2025,SKU-8362
FAC-03450,PROV-0302,"9173,03",RRHH,5/5/2025,SKU-1489
FAC-03451,PROV-0756,"2123,58",RRHH,27/3/2025,SKU-8330
FAC-03470,PROV-0812,"13477,9",RRHH,31/12/2025,SKU-6250
FAC-03473,PROV-0309,"6697,23",RRHH,11/6/2025,SKU-9315
FAC-03482,PROV-0534,"4867,17",RRHH,28/11/2025,SKU-7249
FAC-03488,PROV-0739,"6345,03",RRHH,30/8/2025,SKU-3041
FAC-03492,PROV-0436,"12422,64",RRHH,10/7/2025,SKU-1747
FAC-03494,PROV-0601,"3964,44",RRHH,28/5/2025,SKU-2022
FAC-03498,PROV-0904,"14786,44",RRHH,1/9/2025,SKU-7036
FAC-03500,PROV-0345,"6515,01",RRHH,15/4/2025,SKU-7229
FAC-03509,PROV-0181,"3207,99",RRHH,10/2/2025,SKU-9184
FAC-03514,PROV-0590,"11073,44",RRHH,28/12/2025,SKU-6341
FAC-03518,PROV-0959,"8603,16",RRHH,5/4/2025,SKU-3085
FAC-03520,PROV-0104,"5364,77",RRHH,14/1/2025,SKU-2826
FAC-03522,PROV-0627,"1144,1",RRHH,11/12/2025,SKU-7432
FAC-03528,PROV-0224,"11752,03",RRHH,23/8/2025,SKU-9476
FAC-03531,PROV-0993,"12991,98",RRHH,27/4/2025,SKU-4352
FAC-03547,PROV-0057,"2902,71",RRHH,26/7/2025,SKU-2824
FAC-03559,PROV-0899,"4958,13",RRHH,28/11/2025,SKU-9523
FAC-03567,PROV-0890,"2356,71",RRHH,27/12/2025,SKU-6528
FAC-03568,PROV-0129,"4413,34",RRHH,2/2/2025,SKU-1308
FAC-03583,PROV-0681,"7631,73",RRHH,8/10/2025,SKU-3517
FAC-03590,PROV-0912,"6218,06",RRHH,19/7/2025,SKU-6539
FAC-03592,PROV-0101,"3906,27",RRHH,12/7/2025,SKU-8674
FAC-03596,PROV-0220,"5037,48",RRHH,1/11/2025,SKU-2956
FAC-03601,PROV-0950,"11403,53",RRHH,14/3/2025,SKU-1495
FAC-03605,PROV-0632,"14811,85",RRHH,5/3/2025,SKU-4930
FAC-03606,PROV-0153,"12757,19",RRHH,24/9/2025,SKU-3351
FAC-03609,PROV-0335,"13777,98",RRHH,2/4/2025,SKU-6214
FAC-03612,PROV-0728,"4491,93",RRHH,5/8/2025,SKU-2316
FAC-03613,PROV-0957,"10341,52",RRHH,12/12/2025,SKU-8905
FAC-03614,PROV-0501,"6452,29",RRHH,5/5/2025,SKU-2587
FAC-03628,PROV-0043,"5071,37",RRHH,1/8/2025,SKU-7669
FAC-03629,PROV-0817,"12702,11",RRHH,16/7/2025,SKU-8608
FAC-03630,PROV-0658,"5183,38",RRHH,20/3/2025,SKU-1268
FAC-03631,PROV-0735,"7281,01",RRHH,6/7/2025,SKU-5528
FAC-03648,PROV-0459,"1715,96",RRHH,15/3/2025,SKU-5803
FAC-03649,PROV-0970,"11883,26",RRHH,26/2/2025,SKU-9729
FAC-03651,PROV-0508,"6251,38",RRHH,23/11/2025,SKU-9027
FAC-03653,PROV-0517,"5612,93",RRHH,18/9/2025,SKU-9624
FAC-03663,PROV-0088,"14469,26",RRHH,10/5/2025,SKU-1354
FAC-03668,PROV-0626,"2008,24",RRHH,25/6/2025,SKU-4334
FAC-03678,PROV-0500,"3979,62",RRHH,9/9/2025,SKU-8811
FAC-03680,PROV-0290,8320,RRHH,22/8/2025,SKU-5582
FAC-03682,PROV-0241,12634,RRHH,24/1/2025,SKU-6724
FAC-03683,PROV-0587,"12709,64",RRHH,3/9/2025,SKU-4923
FAC-03684,PROV-0387,"7300,08",RRHH,19/6/2025,SKU-5171
FAC-03693,PROV-0196,"7253,65",RRHH,26/6/2025,SKU-4823
FAC-03699,PROV-0832,"10236,89",RRHH,13/7/2025,SKU-4540
FAC-03707,PROV-0444,"8233,7",RRHH,29/12/2025,SKU-5324
FAC-03710,PROV-0041,"12010,38",RRHH,29/6/2025,SKU-7854
FAC-03719,PROV-0972,"13761,52",RRHH,18/3/2025,SKU-2876
FAC-03725,PROV-0098,"3580,06",RRHH,17/12/2025,SKU-9855
FAC-03731,PROV-0193,"4338,33",RRHH,14/8/2025,SKU-2421
FAC-03737,PROV-0935,"4779,73",RRHH,6/8/2025,SKU-7239
FAC-03740,PROV-0431,"13877,75",RRHH,18/8/2025,SKU-1325
FAC-03742,PROV-0513,"1329,92",RRHH,24/8/2025,SKU-9072
FAC-03746,PROV-0866,"5478,42",RRHH,7/8/2025,SKU-8541
FAC-03750,PROV-0814,"5190,4",RRHH,20/2/2025,SKU-8332
FAC-03764,PROV-0747,"13362,79",RRHH,14/3/2025,SKU-1441
FAC-03772,PROV-0106,"14352,33",RRHH,27/5/2025,SKU-7864
FAC-03775,PROV-0399,"3377,21",RRHH,6/11/2025,SKU-6228
FAC-03780,PROV-0058,"2892,33",RRHH,9/4/2025,SKU-5549
FAC-03784,PROV-0490,"11511,86",RRHH,12/10/2025,SKU-7856
FAC-03791,PROV-0416,"1589,21",RRHH,9/1/2025,SKU-6599
FAC-03798,PROV-0547,"3828,61",RRHH,13/7/2025,SKU-5471
FAC-03802,PROV-0630,"9358,75",RRHH,19/8/2025,SKU-7295
FAC-03803,PROV-0055,"14985,76",RRHH,12/5/2025,SKU-8506
FAC-03804,PROV-0649,"2293,88",RRHH,7/4/2025,SKU-3242
FAC-03821,PROV-0718,"1435,86",RRHH,13/1/2025,SKU-1868
FAC-03828,PROV-0719,"14547,12",RRHH,5/6/2025,SKU-2734
FAC-03832,PROV-0984,"10728,43",RRHH,18/8/2025,SKU-1209
FAC-03847,PROV-0744,"1463,08",RRHH,2/1/2025,SKU-2007
FAC-03852,PROV-0233,"7275,43",RRHH,10/2/2025,SKU-3209
FAC-03854,PROV-0549,"14024,94",RRHH,22/3/2025,SKU-2340
FAC-03855,PROV-0626,"10448,16",RRHH,4/2/2025,SKU-2232
FAC-03867,PROV-0162,"591,83",RRHH,25/2/2025,SKU-1691
FAC-03876,PROV-0835,"9681,05",RRHH,16/2/2025,SKU-6886
FAC-03880,PROV-0815,"4799,69",RRHH,31/3/2025,SKU-3077
FAC-03882,PROV-0101,"4839,63",RRHH,1/2/2025,SKU-1637
FAC-03889,PROV-0119,"3130,61",RRHH,15/6/2025,SKU-6288
FAC-03898,PROV-0250,"12036,12",RRHH,24/1/2025,SKU-5633
FAC-03913,PROV-0489,"11947,73",RRHH,5/10/2025,SKU-5853
FAC-03916,PROV-0312,"6564,07",RRHH,11/2/2025,SKU-1771
FAC-03919,PROV-0783,"11483,59",RRHH,28/9/2025,SKU-9883
FAC-03923,PROV-0734,"14153,04",RRHH,21/11/2025,SKU-4832
FAC-03926,PROV-0889,"510,76",RRHH,25/5/2025,SKU-5091
FAC-03929,PROV-0974,"13449,15",RRHH,6/5/2025,SKU-4205
FAC-03945,PROV-0705,"13535,04",RRHH,24/4/2025,SKU-9116
FAC-03947,PROV-0881,"8441,05",RRHH,5/9/2025,SKU-4687
FAC-03950,PROV-0427,"8510,14",RRHH,2/10/2025,SKU-1331
FAC-03952,PROV-0722,"13445,39",RRHH,18/11/2025,SKU-3084
FAC-03957,PROV-0445,"933,31",RRHH,1/10/2025,SKU-4925
FAC-03959,PROV-0398,"1030,06",RRHH,6/9/2025,SKU-3325
FAC-03963,PROV-0146,"10369,28",RRHH,29/7/2025,SKU-7522
FAC-03966,PROV-0795,"3793,29",RRHH,22/8/2025,SKU-8097
FAC-03967,PROV-0575,"4520,95",RRHH,29/4/2025,SKU-4580
FAC-03969,PROV-0032,"13175,74",RRHH,12/2/2025,SKU-2418
FAC-03974,PROV-0248,"5122,4",RRHH,7/9/2025,SKU-2398
FAC-03982,PROV-0090,"12771,24",RRHH,26/10/2025,SKU-8557
FAC-03986,PROV-0911,"7662,01",RRHH,9/9/2025,SKU-6701
FAC-03992,PROV-0324,"6624,52",RRHH,17/10/2025,SKU-9157
FAC-04005,PROV-0544,"3924,84",RRHH,25/5/2025,SKU-8422
FAC-04011,PROV-0626,"3089,09",RRHH,12/8/2025,SKU-5968
FAC-04012,PROV-0061,"5103,46",RRHH,6/9/2025,SKU-2562
FAC-04015,PROV-0356,"12794,25",RRHH,10/2/2025,SKU-2069
FAC-04026,PROV-0732,"3231,09",RRHH,16/12/2025,SKU-1970
FAC-04033,PROV-0035,"11008,59",RRHH,1/8/2025,SKU-4132
FAC-04035,PROV-0858,"8089,46",RRHH,31/3/2025,SKU-4324
FAC-04054,PROV-0966,"7386,22",RRHH,28/10/2025,SKU-9660
FAC-04061,PROV-0493,"11902,45",RRHH,5/9/2025,SKU-7577
FAC-04063,PROV-0643,"14093,51",RRHH,1/10/2025,SKU-9232
FAC-04064,PROV-0987,"2015,42",RRHH,24/6/2025,SKU-8882
FAC-04076,PROV-0413,"4454,9",RRHH,2/10/2025,SKU-3914
FAC-04078,PROV-0542,"5174,01",RRHH,23/1/2025,SKU-9974
FAC-04086,PROV-0482,"461,42",RRHH,8/2/2025,SKU-2297
FAC-04090,PROV-0816,"3846,37",RRHH,30/6/2025,SKU-3897
FAC-04095,PROV-0085,"14386,41",RRHH,1/6/2025,SKU-4870
FAC-04097,PROV-0222,"2411,34",RRHH,2/2/2025,SKU-8867
FAC-04110,PROV-0435,"1739,45",RRHH,8/12/2025,SKU-5669
FAC-04112,PROV-0988,"6063,29",RRHH,22/8/2025,SKU-4750
FAC-04115,PROV-0856,"4126,31",RRHH,25/3/2025,SKU-9944
FAC-04125,PROV-0383,"14323,24",RRHH,16/2/2025,SKU-8741
FAC-04126,PROV-0598,"9390,3",RRHH,4/3/2025,SKU-1749
FAC-04130,PROV-0545,"5763,65",RRHH,7/6/2025,SKU-9616
FAC-04142,PROV-0502,"9830,8",RRHH,18/10/2025,SKU-3134
FAC-04143,PROV-0574,"2117,57",RRHH,10/7/2025,SKU-9004
FAC-04146,PROV-0484,"11835,8",RRHH,12/8/2025,SKU-7520
FAC-04165,PROV-0441,"13868,64",RRHH,31/12/2025,SKU-9339
FAC-04166,PROV-0489,"12827,02",RRHH,3/10/2025,SKU-7078
FAC-04189,PROV-0023,"1660,51",RRHH,23/3/2025,SKU-9919
FAC-04195,PROV-0179,"6264,43",RRHH,6/7/2025,SKU-1162
FAC-04205,PROV-0591,"5031,73",RRHH,16/8/2025,SKU-4662
FAC-04209,PROV-0957,"7801,68",RRHH,1/3/2025,SKU-3568
FAC-04216,PROV-0515,"8119,94",RRHH,3/5/2025,SKU-1795
FAC-04218,PROV-0331,"6027,21",RRHH,30/9/2025,SKU-9641
FAC-04221,PROV-0115,"10978,59",RRHH,20/2/2025,SKU-6100
FAC-04226,PROV-0915,"3100,98",RRHH,10/9/2025,SKU-2383
FAC-04227,PROV-0535,"7551,47",RRHH,24/11/2025,SKU-7150
FAC-04231,PROV-0168,"202,55",RRHH,12/12/2025,SKU-1513
FAC-04234,PROV-0947,"9823,66",RRHH,1/8/2025,SKU-8029
FAC-04238,PROV-0997,"3693,05",RRHH,1/12/2025,SKU-2767
FAC-04242,PROV-0425,"10031,24",RRHH,7/5/2025,SKU-4421
FAC-04247,PROV-0418,"14811,16",RRHH,15/12/2025,SKU-3215
FAC-04250,PROV-0807,"7792,4",RRHH,13/6/2025,SKU-3978
FAC-04268,PROV-0113,"2953,38",RRHH,5/5/2025,SKU-7759
FAC-04288,PROV-0033,"13854,02",RRHH,29/6/2025,SKU-5488
FAC-04296,PROV-0930,"8218,75",RRHH,31/7/2025,SKU-3604
FAC-04301,PROV-0048,"1789,5",RRHH,14/8/2025,SKU-1411
FAC-04302,PROV-0370,"6396,08",RRHH,28/9/2025,SKU-5446
FAC-04305,PROV-0557,"4859,85",RRHH,17/10/2025,SKU-6205
FAC-04325,PROV-0890,"12950,55",RRHH,23/3/2025,SKU-5201
FAC-04347,PROV-0297,"3308,87",RRHH,10/7/2025,SKU-9722
FAC-04351,PROV-0915,"10197,58",RRHH,31/10/2025,SKU-7143
FAC-04352,PROV-0960,"5060,99",RRHH,11/11/2025,SKU-4510
FAC-04358,PROV-0929,"11368,27",RRHH,8/3/2025,SKU-8799
FAC-04360,PROV-0809,"9003,16",RRHH,16/6/2025,SKU-9160
FAC-04365,PROV-0060,"14477,32",RRHH,3/10/2025,SKU-8174
FAC-04366,PROV-0399,"1981,81",RRHH,6/9/2025,SKU-6348
FAC-04371,PROV-0859,"742,76",RRHH,25/11/2025,SKU-9876
FAC-04374,PROV-0665,"11661,15",RRHH,28/8/2025,SKU-8171
FAC-04376,PROV-0949,"1477,99",RRHH,6/8/2025,SKU-2821
FAC-04380,PROV-0916,"3796,14",RRHH,8/9/2025,SKU-7362
FAC-04384,PROV-0502,"1025,81",RRHH,25/1/2025,SKU-1073
FAC-04393,PROV-0889,"11335,38",RRHH,4/12/2025,SKU-5425
FAC-04403,PROV-0943,"3741,9",RRHH,13/6/2025,SKU-1462
FAC-04404,PROV-0140,"11891,59",RRHH,13/1/2025,SKU-1997
FAC-04405,PROV-0184,"12280,25",RRHH,2/2/2025,SKU-5762
FAC-04410,PROV-0175,"2381,56",RRHH,22/3/2025,SKU-7614
FAC-04411,PROV-0036,"5862,15",RRHH,14/7/2025,SKU-1106
FAC-04423,PROV-0836,"11913,73",RRHH,10/11/2025,SKU-1421
FAC-04436,PROV-0102,"1049,06",RRHH,24/3/2025,SKU-7938
FAC-04439,PROV-0210,"9151,15",RRHH,7/3/2025,SKU-3500
FAC-04444,PROV-0874,"7866,32",RRHH,10/8/2025,SKU-7754
FAC-04445,PROV-0070,"6446,66",RRHH,10/8/2025,SKU-6804
FAC-04449,PROV-0686,"3435,73",RRHH,6/7/2025,SKU-5743
FAC-04452,PROV-0281,"7954,83",RRHH,6/3/2025,SKU-9445
FAC-04461,PROV-0348,"9399,84",RRHH,10/3/2025,SKU-7017
FAC-04474,PROV-0911,"2422,79",RRHH,20/11/2025,SKU-7494
FAC-04479,PROV-0757,"14219,44",RRHH,17/8/2025,SKU-9192
FAC-04487,PROV-0193,"2543,53",RRHH,29/7/2025,SKU-1235
FAC-04500,PROV-0458,"3820,23",RRHH,27/4/2025,SKU-3366
FAC-04502,PROV-0844,"12851,15",RRHH,19/7/2025,SKU-8525
FAC-04508,PROV-0364,"1667,2",RRHH,10/1/2025,SKU-1216
FAC-04521,PROV-0463,"14418,86",RRHH,30/3/2025,SKU-8504
FAC-04525,PROV-0085,"13864,41",RRHH,14/11/2025,SKU-7795
FAC-04535,PROV-0037,"11309,3",RRHH,22/5/2025,SKU-6907
FAC-04544,PROV-0553,"8324,25",RRHH,28/6/2025,SKU-9920
FAC-04550,PROV-0097,"1572,99",RRHH,18/10/2025,SKU-3794
FAC-04553,PROV-0292,"6165,35",RRHH,15/4/2025,SKU-7519
FAC-04559,PROV-0466,"9290,59",RRHH,31/7/2025,SKU-9899
FAC-04564,PROV-0125,"7256,03",RRHH,10/5/2025,SKU-1980
FAC-04565,PROV-0279,"7184,82",RRHH,24/7/2025,SKU-1491
FAC-04593,PROV-0045,"5076,86",RRHH,30/10/2025,SKU-3814
FAC-04598,PROV-0996,"14463,47",RRHH,7/5/2025,SKU-5444
FAC-04599,PROV-0751,"11286,14",RRHH,13/2/2025,SKU-1436
FAC-04600,PROV-0748,"299,09",RRHH,17/2/2025,SKU-9021
FAC-04616,PROV-0633,"11791,33",RRHH,9/1/2025,SKU-9192
FAC-04617,PROV-0950,"14808,59",RRHH,29/9/2025,SKU-4208
FAC-04619,PROV-0569,"11971,68",RRHH,4/12/2025,SKU-1401
FAC-04620,PROV-0377,"10917,79",RRHH,12/1/2025,SKU-2130
FAC-04648,PROV-0960,"14010,93",RRHH,21/5/2025,SKU-3937
FAC-04661,PROV-0159,"8070,01",RRHH,21/1/2025,SKU-3187
FAC-04669,PROV-0508,"11418,52",RRHH,24/8/2025,SKU-6795
FAC-04678,PROV-0256,"8177,85",RRHH,14/7/2025,SKU-6958
FAC-04684,PROV-0717,"3551,84",RRHH,9/2/2025,SKU-5833
FAC-04687,PROV-0138,"9605,03",RRHH,1/9/2025,SKU-1247
FAC-04705,PROV-0380,"9844,61",RRHH,31/10/2025,SKU-2512
FAC-04706,PROV-0526,"6983,12",RRHH,4/7/2025,SKU-5134
FAC-04711,PROV-0968,"5651,9",RRHH,18/1/2025,SKU-4802
FAC-04716,PROV-0354,"3543,77",RRHH,14/2/2025,SKU-5078
FAC-04721,PROV-0630,"13446,82",RRHH,24/1/2025,SKU-3018
FAC-04728,PROV-0774,"1472,26",RRHH,29/4/2025,SKU-4434
FAC-04735,PROV-0796,"244,47",RRHH,18/7/2025,SKU-1281
FAC-04746,PROV-0216,"9022,27",RRHH,6/6/2025,SKU-6985
FAC-04750,PROV-0064,"1551,92",RRHH,22/9/2025,SKU-1084
FAC-04759,PROV-0954,"1311,56",RRHH,29/10/2025,SKU-6521
FAC-04765,PROV-0119,"13876,16",RRHH,2/2/2025,SKU-1919
FAC-04792,PROV-0930,"9847,56",RRHH,16/12/2025,SKU-2891
FAC-04798,PROV-0942,"6930,98",RRHH,15/5/2025,SKU-9087
FAC-04820,PROV-0102,"4614,73",RRHH,25/10/2025,SKU-2527
FAC-04821,PROV-0148,7512,RRHH,31/8/2025,SKU-6312
FAC-04824,PROV-0362,"12133,58",RRHH,3/6/2025,SKU-9819
FAC-04825,PROV-0822,"1193,9",RRHH,27/8/2025,SKU-4273
FAC-04828,PROV-0585,"4838,25",RRHH,13/7/2025,SKU-6147
FAC-04829,PROV-0396,"12187,47",RRHH,22/10/2025,SKU-3480
FAC-04833,PROV-0893,"1049,21",RRHH,14/4/2025,SKU-5879
FAC-04834,PROV-0459,"6533,89",RRHH,20/7/2025,SKU-1161
FAC-04835,PROV-0530,"3828,11",RRHH,13/4/2025,SKU-6540
FAC-04838,PROV-0554,"5663,5",RRHH,25/1/2025,SKU-9324
FAC-04853,PROV-0829,"586,44",RRHH,9/7/2025,SKU-8647
FAC-04856,PROV-0077,"10271,28",RRHH,16/7/2025,SKU-3560
FAC-04862,PROV-0856,"11359,33",RRHH,21/5/2025,SKU-8333
FAC-04872,PROV-0144,"7037,75",RRHH,3/4/2025,SKU-5153
FAC-04874,PROV-0583,"11998,97",RRHH,24/12/2025,SKU-2440
FAC-04884,PROV-0412,"2496,72",RRHH,25/10/2025,SKU-1883
FAC-04888,PROV-0391,"7374,9",RRHH,8/5/2025,SKU-6926
FAC-04890,PROV-0724,"12738,35",RRHH,27/7/2025,SKU-6876
FAC-04895,PROV-0308,"3876,37",RRHH,17/2/2025,SKU-2033
FAC-04897,PROV-0165,"3371,7",RRHH,8/3/2025,SKU-1867
FAC-04902,PROV-0571,"1871,98",RRHH,20/1/2025,SKU-3139
FAC-04910,PROV-0706,"5835,23",RRHH,6/12/2025,SKU-5394
FAC-04912,PROV-0653,"4842,17",RRHH,28/3/2025,SKU-5451
FAC-04917,PROV-0817,"7339,44",RRHH,11/4/2025,SKU-3749
FAC-04929,PROV-0608,"4517,46",RRHH,22/12/2025,SKU-2753
FAC-04931,PROV-0672,"12034,09",RRHH,17/10/2025,SKU-5420
FAC-04940,PROV-0069,"13390,98",RRHH,13/12/2025,SKU-8395
FAC-04943,PROV-0612,"1611,15",RRHH,24/8/2025,SKU-2602
FAC-04947,PROV-0120,"11921,36",RRHH,7/7/2025,SKU-3518
FAC-04956,PROV-0645,"2357,48",RRHH,6/2/2025,SKU-9118
FAC-04959,PROV-0440,"13198,78",RRHH,1/12/2025,SKU-2034
FAC-04967,PROV-0398,"2605,25",RRHH,22/1/2025,SKU-1776
FAC-04970,PROV-0588,"8627,67",RRHH,21/12/2025,SKU-3621
FAC-04971,PROV-0712,"1807,88",RRHH,13/6/2025,SKU-4859
FAC-04984,PROV-0285,"11416,53",RRHH,18/9/2025,SKU-2604
FAC-04987,PROV-0690,"7623,03",RRHH,26/2/2025,SKU-4622
FAC-04993,PROV-0690,"6316,27",RRHH,26/10/2025,SKU-2173
FAC-04994,PROV-0118,"5088,3",RRHH,28/9/2025,SKU-9704
FAC-04997,PROV-0025,"325,49",RRHH,1/12/2025,SKU-4988
FAC-05013,PROV-0552,"1453,63",RRHH,30/12/2025,SKU-1530
FAC-05024,PROV-0333,"11590,13",RRHH,24/12/2025,SKU-9575
FAC-05047,PROV-0777,"4000,19",RRHH,29/9/2025,SKU-6569
FAC-05050,PROV-0630,"7859,13",RRHH,26/5/2025,SKU-2849
FAC-05054,PROV-0972,"12522,95",RRHH,16/2/2025,SKU-9422
FAC-05065,PROV-0565,"3500,08",RRHH,12/8/2025,SKU-1699
FAC-05069,PROV-0987,"12943,5",RRHH,22/10/2025,SKU-2284
FAC-05072,PROV-0828,"6996,65",RRHH,22/11/2025,SKU-9065
FAC-05075,PROV-0760,"932,36",RRHH,30/9/2025,SKU-5936
FAC-05078,PROV-0261,"14830,27",RRHH,30/9/2025,SKU-5665
FAC-05090,PROV-0048,"4235,91",RRHH,2/3/2025,SKU-4779
FAC-05095,PROV-0206,"6784,78",RRHH,28/10/2025,SKU-9728
FAC-05098,PROV-0771,"6192,76",RRHH,9/3/2025,SKU-5472
FAC-05104,PROV-0387,"14510,49",RRHH,14/1/2025,SKU-3225
FAC-05106,PROV-0746,"12284,63",RRHH,7/2/2025,SKU-1815
FAC-05115,PROV-0790,"8042,88",RRHH,10/8/2025,SKU-2012
FAC-05121,PROV-0726,"2723,49",RRHH,9/12/2025,SKU-3688
FAC-05136,PROV-0875,"4783,31",RRHH,8/7/2025,SKU-3983
FAC-05145,PROV-0321,"13127,5",RRHH,14/5/2025,SKU-5910
FAC-05150,PROV-0191,"2299,73",RRHH,29/5/2025,SKU-4483
FAC-05167,PROV-0991,"3437,09",RRHH,11/8/2025,SKU-6801
FAC-05170,PROV-0666,"5720,12",RRHH,17/2/2025,SKU-7414
FAC-05186,PROV-0093,"5503,76",RRHH,11/4/2025,SKU-6666
FAC-05188,PROV-0781,"10690,81",RRHH,16/2/2025,SKU-9837
FAC-05189,PROV-0098,"14591,58",RRHH,11/9/2025,SKU-7730
FAC-05191,PROV-0167,"4488,74",RRHH,13/8/2025,SKU-8564
FAC-05204,PROV-0054,"2337,77",RRHH,13/8/2025,SKU-7940
FAC-05207,PROV-0191,"14117,27",RRHH,17/3/2025,SKU-6697
FAC-05211,PROV-0102,"1415,03",RRHH,7/2/2025,SKU-4786
FAC-05214,PROV-0678,"5109,15",RRHH,9/11/2025,SKU-9642
FAC-05226,PROV-0402,"12130,89",RRHH,19/7/2025,SKU-1016
FAC-05228,PROV-0503,"4105,27",RRHH,5/8/2025,SKU-9091
FAC-05232,PROV-0168,"4847,63",RRHH,19/4/2025,SKU-6402
FAC-05234,PROV-0594,"5785,32",RRHH,18/3/2025,SKU-5845
FAC-05236,PROV-0107,"13047,68",RRHH,1/6/2025,SKU-7950
FAC-05253,PROV-0810,"4480,29",RRHH,15/12/2025,SKU-3998
FAC-05262,PROV-0650,9499,RRHH,11/11/2025,SKU-7331
FAC-05263,PROV-0862,"10107,53",RRHH,11/8/2025,SKU-6195
FAC-05266,PROV-0656,"5530,24",RRHH,24/12/2025,SKU-1673
FAC-05283,PROV-0469,"1339,21",RRHH,8/3/2025,SKU-8698
FAC-05293,PROV-0486,"5171,07",RRHH,26/10/2025,SKU-5055
FAC-05294,PROV-0292,"1969,29",RRHH,30/1/2025,SKU-5860
FAC-05302,PROV-0038,"8492,34",RRHH,25/10/2025,SKU-4190
FAC-05306,PROV-0950,"10507,05",RRHH,10/3/2025,SKU-6806
FAC-05313,PROV-0881,"4319,69",RRHH,28/12/2025,SKU-4780
FAC-05315,PROV-0022,"5689,88",RRHH,25/3/2025,SKU-7106
FAC-05317,PROV-0055,"9719,24",RRHH,19/9/2025,SKU-1985
FAC-05323,PROV-0552,"10309,2",RRHH,25/7/2025,SKU-3315
FAC-05324,PROV-0609,"4056,5",RRHH,1/3/2025,SKU-6176
FAC-05325,PROV-0018,"7671,79",RRHH,23/12/2025,SKU-6457
FAC-05326,PROV-0083,"10012,16",RRHH,2/4/2025,SKU-7750
FAC-05328,PROV-0089,"5109,11",RRHH,24/2/2025,SKU-1982
FAC-05335,PROV-0694,"9770,56",RRHH,26/8/2025,SKU-1105
FAC-05336,PROV-0312,"10832,6",RRHH,21/3/2025,SKU-8238
FAC-05344,PROV-0165,"4420,94",RRHH,4/7/2025,SKU-2943
FAC-05354,PROV-0434,"12327,92",RRHH,30/4/2025,SKU-2970
FAC-05357,PROV-0062,"10957,27",RRHH,22/6/2025,SKU-6994
FAC-05360,PROV-0619,"6475,43",RRHH,18/7/2025,SKU-9572
FAC-05368,PROV-0100,"13721,73",RRHH,14/7/2025,SKU-6071
FAC-05369,PROV-0050,"894,95",RRHH,14/4/2025,SKU-2549
FAC-05373,PROV-0911,"5111,4",RRHH,30/3/2025,SKU-7467
FAC-05379,PROV-0850,"12241,41",RRHH,15/4/2025,SKU-2266
FAC-05390,PROV-0664,"7020,87",RRHH,6/8/2025,SKU-3587
FAC-05400,PROV-0414,"13225,65",RRHH,13/4/2025,SKU-2082
FAC-05401,PROV-0987,"7295,08",RRHH,20/5/2025,SKU-6720
FAC-05413,PROV-0914,"4797,7",RRHH,25/1/2025,SKU-5416
FAC-05426,PROV-0175,"11272,46",RRHH,2/11/2025,SKU-8061
FAC-05445,PROV-0745,"1497,04",RRHH,7/4/2025,SKU-6583
FAC-05447,PROV-0718,"6160,12",RRHH,28/3/2025,SKU-5594
FAC-05455,PROV-0438,"2411,05",RRHH,23/4/2025,SKU-2594
FAC-05467,PROV-0144,"7290,66",RRHH,5/2/2025,SKU-8872
FAC-05468,PROV-0026,"7275,37",RRHH,27/9/2025,SKU-6415
FAC-05484,PROV-0221,"3093,83",RRHH,5/11/2025,SKU-5451
FAC-05490,PROV-0663,"2528,82",RRHH,21/6/2025,SKU-4671
FAC-05491,PROV-0370,"10343,24",RRHH,8/9/2025,SKU-9288
FAC-05501,PROV-0419,"4688,42",RRHH,11/7/2025,SKU-7687
FAC-05514,PROV-0091,"13334,26",RRHH,28/3/2025,SKU-5757
FAC-05517,PROV-0483,"479,07",RRHH,20/5/2025,SKU-2640
FAC-05535,PROV-0323,"4369,33",RRHH,10/12/2025,SKU-5382
FAC-05546,PROV-0509,"2958,48",RRHH,5/10/2025,SKU-1626
FAC-05549,PROV-0032,"6839,38",RRHH,5/9/2025,SKU-2601
FAC-05553,PROV-0678,"823,42",RRHH,18/5/2025,SKU-5024
FAC-05564,PROV-0605,"5441,91",RRHH,30/3/2025,SKU-3440
FAC-05573,PROV-0904,"12103,43",RRHH,13/1/2025,SKU-4674
FAC-05581,PROV-0599,"11986,67",RRHH,20/12/2025,SKU-6458
FAC-05585,PROV-0561,"3914,2",RRHH,1/9/2025,SKU-9681
FAC-05597,PROV-0126,13093,RRHH,17/12/2025,SKU-4442
FAC-05613,PROV-0395,"4759,28",RRHH,1/5/2025,SKU-4573
FAC-05617,PROV-0032,"9910,42",RRHH,11/8/2025,SKU-1550
FAC-05628,PROV-0206,"5314,7",RRHH,8/3/2025,SKU-3702
FAC-05636,PROV-0225,"14240,83",RRHH,15/9/2025,SKU-8403
FAC-05639,PROV-0283,"10018,05",RRHH,10/10/2025,SKU-9479
FAC-05642,PROV-0512,"10011,9",RRHH,3/3/2025,SKU-8595
FAC-05645,PROV-0930,"7114,02",RRHH,21/2/2025,SKU-9253
FAC-05671,PROV-0904,"14385,94",RRHH,26/4/2025,SKU-4138
FAC-05678,PROV-0457,"9867,73",RRHH,8/6/2025,SKU-3987
FAC-05685,PROV-0329,"13172,52",RRHH,7/9/2025,SKU-3778
FAC-05691,PROV-0259,2048,RRHH,6/4/2025,SKU-8650
FAC-05695,PROV-0918,"4600,64",RRHH,4/5/2025,SKU-9242
FAC-05696,PROV-0003,"5005,21",RRHH,29/1/2025,SKU-4304
FAC-05707,PROV-0133,"6242,36",RRHH,15/3/2025,SKU-4246
FAC-05723,PROV-0916,11525,RRHH,27/8/2025,SKU-8179
FAC-05726,PROV-0454,"2177,69",RRHH,23/7/2025,SKU-9125
FAC-05738,PROV-0961,"5088,41",RRHH,13/1/2025,SKU-3093
FAC-05744,PROV-0803,"8853,52",RRHH,24/4/2025,SKU-5551
FAC-05745,PROV-0298,"8746,89",RRHH,22/8/2025,SKU-8290
FAC-05756,PROV-0345,"5187,29",RRHH,18/6/2025,SKU-3449
FAC-05761,PROV-0538,"6647,56",RRHH,21/12/2025,SKU-5077
FAC-05763,PROV-0997,"516,66",RRHH,15/10/2025,SKU-2198
FAC-05764,PROV-0178,"11355,18",RRHH,18/11/2025,SKU-4216
FAC-05776,PROV-0854,"7159,91",RRHH,24/3/2025,SKU-2450
FAC-05787,PROV-0499,"3054,3",RRHH,10/3/2025,SKU-9380
FAC-05789,PROV-0506,"3517,64",RRHH,10/7/2025,SKU-3868
FAC-05793,PROV-0117,"3980,79",RRHH,26/4/2025,SKU-3892
FAC-05797,PROV-0497,"3597,34",RRHH,7/7/2025,SKU-6616
FAC-05800,PROV-0899,"1985,53",RRHH,25/6/2025,SKU-4691
FAC-05804,PROV-0789,"541,91",RRHH,9/5/2025,SKU-6267
FAC-05805,PROV-0881,"14880,26",RRHH,25/11/2025,SKU-7439
FAC-05806,PROV-0062,"14339,02",RRHH,25/10/2025,SKU-4509
FAC-05811,PROV-0109,"4611,47",RRHH,25/4/2025,SKU-2525
FAC-05816,PROV-0189,"9480,7",RRHH,18/6/2025,SKU-5938
FAC-05821,PROV-0294,"14731,5",RRHH,12/11/2025,SKU-1588
FAC-05843,PROV-0174,"4267,8",RRHH,14/7/2025,SKU-9621
FAC-05856,PROV-0067,"950,1",RRHH,25/6/2025,SKU-5693
FAC-05883,PROV-0979,"12344,53",RRHH,23/2/2025,SKU-4940
FAC-05887,PROV-0199,"8895,57",RRHH,7/8/2025,SKU-5445
FAC-05891,PROV-0154,"3740,74",RRHH,17/9/2025,SKU-8334
FAC-05894,PROV-0813,"13037,23",RRHH,20/1/2025,SKU-7858
FAC-05898,PROV-0281,"12121,19",RRHH,19/5/2025,SKU-9846
FAC-05899,PROV-0753,"1552,39",RRHH,22/4/2025,SKU-4965
FAC-05915,PROV-0945,"4291,62",RRHH,18/4/2025,SKU-9286
FAC-05917,PROV-0802,"8132,24",RRHH,5/11/2025,SKU-8218
FAC-05925,PROV-0192,"5161,42",RRHH,18/5/2025,SKU-5387
FAC-05926,PROV-0798,"1718,93",RRHH,23/11/2025,SKU-4209
FAC-05927,PROV-0870,"14859,26",RRHH,18/11/2025,SKU-3460
FAC-05935,PROV-0195,"10012,61",RRHH,17/8/2025,SKU-6346
FAC-05936,PROV-0584,"3871,24",RRHH,22/8/2025,SKU-4724
FAC-05940,PROV-0640,"9575,16",RRHH,3/9/2025,SKU-7484
FAC-05944,PROV-0965,"6187,72",RRHH,26/12/2025,SKU-3439
FAC-05945,PROV-0306,"5171,28",RRHH,25/2/2025,SKU-6463
FAC-05951,PROV-0153,"9706,16",RRHH,7/2/2025,SKU-6191
FAC-05953,PROV-0607,"8138,15",RRHH,11/7/2025,SKU-9070
FAC-05956,PROV-0026,"2374,47",RRHH,28/6/2025,SKU-1847
FAC-05964,PROV-0702,"2807,79",RRHH,15/2/2025,SKU-7423
FAC-05967,PROV-0692,"2054,72",RRHH,18/10/2025,SKU-9761
FAC-05969,PROV-0732,"14441,82",RRHH,14/11/2025,SKU-9346
FAC-05972,PROV-0666,"3055,44",RRHH,1/11/2025,SKU-3829
FAC-05982,PROV-0701,"4918,67",RRHH,1/7/2025,SKU-3158
FAC-05990,PROV-0908,"6374,43",RRHH,24/12/2025,SKU-3019
FAC-05993,PROV-0783,"12691,51",RRHH,16/3/2025,SKU-8759
FAC-05998,PROV-0328,"3965,38",RRHH,23/8/2025,SKU-7173
FAC-06003,PROV-0385,"3412,85",RRHH,13/12/2025,SKU-2007
FAC-06006,PROV-0001,"8560,79",RRHH,28/3/2025,SKU-5336
FAC-06013,PROV-0067,"8497,62",RRHH,6/9/2025,SKU-4349
FAC-06018,PROV-0713,"10526,69",RRHH,19/4/2025,SKU-1235
FAC-06025,PROV-0064,"9867,03",RRHH,3/10/2025,SKU-6858
FAC-06037,PROV-0383,"11010,88",RRHH,26/11/2025,SKU-7935
FAC-06045,PROV-0902,"7866,7",RRHH,19/10/2025,SKU-7014
FAC-06046,PROV-0501,"7268,61",RRHH,18/2/2025,SKU-6252
FAC-06064,PROV-0407,"2754,43",RRHH,25/6/2025,SKU-1238
FAC-06078,PROV-0403,"10092,69",RRHH,11/1/2025,SKU-2197
FAC-06083,PROV-0207,"6491,86",RRHH,28/4/2025,SKU-5881
FAC-06090,PROV-0595,"275,58",RRHH,1/11/2025,SKU-8159
FAC-06103,PROV-0274,"3413,71",RRHH,21/7/2025,SKU-1890
FAC-06105,PROV-0010,"11292,68",RRHH,15/9/2025,SKU-3991
FAC-06106,PROV-0628,"5031,08",RRHH,11/1/2025,SKU-4625
FAC-06107,PROV-0478,"3382,59",RRHH,16/1/2025,SKU-8949
FAC-06110,PROV-0944,"13971,37",RRHH,24/4/2025,SKU-6891
FAC-06121,PROV-0025,"8408,99",RRHH,24/12/2025,SKU-7488
FAC-06124,PROV-0663,"12209,63",RRHH,27/2/2025,SKU-2095
FAC-06125,PROV-0667,"7332,91",RRHH,23/4/2025,SKU-9074
FAC-06126,PROV-0996,"12740,5",RRHH,24/4/2025,SKU-4107
FAC-06127,PROV-0003,"5036,72",RRHH,20/4/2025,SKU-5650
FAC-06135,PROV-0232,"3017,42",RRHH,1/3/2025,SKU-8416
FAC-06140,PROV-0220,"1296,91",RRHH,3/11/2025,SKU-7438
FAC-06148,PROV-0518,"13265,88",RRHH,26/12/2025,SKU-2746
FAC-06153,PROV-0818,"8535,43",RRHH,26/11/2025,SKU-5532
FAC-06162,PROV-0538,"7547,91",RRHH,22/1/2025,SKU-5801
FAC-06163,PROV-0714,"3133,24",RRHH,10/8/2025,SKU-2566
FAC-06167,PROV-0036,"13972,38",RRHH,17/8/2025,SKU-6074
FAC-06175,PROV-0637,"8315,36",RRHH,25/10/2025,SKU-4438
FAC-06177,PROV-0008,"13012,14",RRHH,15/7/2025,SKU-1908
FAC-06179,PROV-0657,"1298,54",RRHH,13/6/2025,SKU-4866
FAC-06183,PROV-0283,"6868,61",RRHH,2/3/2025,SKU-2049
FAC-06187,PROV-0791,"4354,95",RRHH,11/2/2025,SKU-4995
FAC-06195,PROV-0225,"14029,31",RRHH,24/7/2025,SKU-2123
FAC-06197,PROV-0283,"1992,34",RRHH,7/6/2025,SKU-8010
FAC-06200,PROV-0261,"3872,74",RRHH,30/3/2025,SKU-7271
FAC-06203,PROV-0319,"5521,3",RRHH,10/11/2025,SKU-4859
FAC-06207,PROV-0132,"5156,13",RRHH,10/12/2025,SKU-3885
FAC-06210,PROV-0128,"12220,18",RRHH,1/6/2025,SKU-4801
FAC-06211,PROV-0906,"14999,95",RRHH,17/6/2025,SKU-8610
FAC-06212,PROV-0633,"13986,97",RRHH,27/2/2025,SKU-2521
FAC-06213,PROV-0617,"11584,06",RRHH,2/11/2025,SKU-1676
FAC-06221,PROV-0782,"10647,77",RRHH,11/9/2025,SKU-7941
FAC-06223,PROV-0509,"8282,75",RRHH,12/11/2025,SKU-2611
FAC-06225,PROV-0086,"12402,85",RRHH,30/6/2025,SKU-4974
FAC-06234,PROV-0078,"11829,86",RRHH,16/9/2025,SKU-8661
FAC-06236,PROV-0807,"3796,73",RRHH,9/8/2025,SKU-7891
FAC-06239,PROV-0968,"6770,35",RRHH,25/1/2025,SKU-1886
FAC-06246,PROV-0608,"4153,06",RRHH,9/8/2025,SKU-7763
FAC-06250,PROV-0624,"9572,39",RRHH,21/11/2025,SKU-8241
FAC-06253,PROV-0561,"11440,65",RRHH,27/11/2025,SKU-7623
FAC-06255,PROV-0806,"10298,15",RRHH,12/10/2025,SKU-8042
FAC-06261,PROV-0370,"10613,64",RRHH,2/10/2025,SKU-4314
FAC-06267,PROV-0835,"12949,44",RRHH,28/11/2025,SKU-4334
FAC-06271,PROV-0277,"11665,94",RRHH,21/3/2025,SKU-2368
FAC-06275,PROV-0573,"14707,95",RRHH,29/4/2025,SKU-4674
FAC-06276,PROV-0390,"3480,81",RRHH,7/7/2025,SKU-3724
FAC-06277,PROV-0094,"873,22",RRHH,11/11/2025,SKU-7097
FAC-06278,PROV-0400,"5509,69",RRHH,29/3/2025,SKU-1947
FAC-06283,PROV-0438,"13573,07",RRHH,13/8/2025,SKU-4501
FAC-06284,PROV-0845,"13971,61",RRHH,15/5/2025,SKU-2149
FAC-06294,PROV-0112,"12758,15",RRHH,21/7/2025,SKU-4648
FAC-06299,PROV-0685,"8101,92",RRHH,28/5/2025,SKU-5071
FAC-06303,PROV-0022,"7742,3",RRHH,14/10/2025,SKU-9323
FAC-06315,PROV-0673,"7217,63",RRHH,9/3/2025,SKU-1383
FAC-06316,PROV-0006,"1271,31",RRHH,14/10/2025,SKU-6684
FAC-06318,PROV-0343,"13853,58",RRHH,7/6/2025,SKU-3864
FAC-06322,PROV-0843,"355,15",RRHH,1/3/2025,SKU-4466
FAC-06327,PROV-0514,"6119,4",RRHH,28/12/2025,SKU-5048
FAC-06346,PROV-0843,"1986,3",RRHH,16/3/2025,SKU-6630
FAC-06351,PROV-0477,"3650,63",RRHH,16/4/2025,SKU-3258
FAC-06361,PROV-0602,"8752,02",RRHH,14/2/2025,SKU-7584
FAC-06363,PROV-0507,"12394,44",RRHH,17/3/2025,SKU-6480
FAC-06364,PROV-0869,"9470,19",RRHH,27/1/2025,SKU-6271
FAC-06367,PROV-0960,"3197,7",RRHH,7/12/2025,SKU-5994
FAC-06380,PROV-0050,"3309,64",RRHH,6/2/2025,SKU-4507
FAC-06387,PROV-0925,"3372,81",RRHH,16/3/2025,SKU-6418
FAC-06399,PROV-0298,"1891,04",RRHH,28/7/2025,SKU-8956
FAC-06401,PROV-0825,"10489,07",RRHH,25/7/2025,SKU-8563
FAC-06406,PROV-0997,"5378,6",RRHH,14/12/2025,SKU-4614
FAC-06409,PROV-0215,"13661,01",RRHH,15/12/2025,SKU-6868
FAC-06411,PROV-0379,"10916,42",RRHH,24/6/2025,SKU-7299
FAC-06427,PROV-0877,"2070,11",RRHH,4/5/2025,SKU-2957
FAC-06436,PROV-0728,"8148,5",RRHH,10/6/2025,SKU-8719
FAC-06438,PROV-0298,"5595,75",RRHH,30/8/2025,SKU-6027
FAC-06440,PROV-0276,"14554,36",RRHH,23/6/2025,SKU-6463
FAC-06442,PROV-0472,"5238,21",RRHH,5/11/2025,SKU-1529
FAC-06455,PROV-0894,"11162,16",RRHH,7/12/2025,SKU-1649
FAC-06459,PROV-0097,"14113,03",RRHH,15/9/2025,SKU-2957
FAC-06466,PROV-0322,"12750,24",RRHH,21/9/2025,SKU-7028
FAC-06470,PROV-0433,"6442,01",RRHH,3/4/2025,SKU-5575
FAC-06476,PROV-0003,"13464,28",RRHH,18/6/2025,SKU-6190
FAC-06478,PROV-0354,"11448,85",RRHH,16/10/2025,SKU-8885
FAC-06480,PROV-0263,"1462,81",RRHH,16/5/2025,SKU-1590
FAC-06492,PROV-0549,"14516,82",RRHH,17/9/2025,SKU-7303
FAC-06494,PROV-0935,"14252,83",RRHH,16/6/2025,SKU-1846
FAC-06495,PROV-0515,"9716,74",RRHH,20/9/2025,SKU-3477
FAC-06501,PROV-0879,"1412,2",RRHH,16/1/2025,SKU-6302
FAC-06508,PROV-0145,"12783,06",RRHH,23/5/2025,SKU-3783
FAC-06515,PROV-0363,"5172,76",RRHH,26/9/2025,SKU-7304
FAC-06534,PROV-0102,"638,98",RRHH,13/4/2025,SKU-6616
FAC-06538,PROV-0378,"10110,23",RRHH,28/5/2025,SKU-6261
FAC-06542,PROV-0069,"7276,22",RRHH,3/9/2025,SKU-5075
FAC-06563,PROV-0866,"3080,54",RRHH,21/12/2025,SKU-6358
FAC-06565,PROV-0536,"13724,86",RRHH,22/9/2025,SKU-3582
FAC-06566,PROV-0605,"8762,89",RRHH,12/12/2025,SKU-4097
FAC-06592,PROV-0705,"2099,78",RRHH,10/6/2025,SKU-3720
FAC-06595,PROV-0155,"5856,5",RRHH,3/11/2025,SKU-6675
FAC-06609,PROV-0057,"2089,51",RRHH,23/9/2025,SKU-4263
FAC-06625,PROV-0040,"11167,76",RRHH,29/1/2025,SKU-1491
FAC-06626,PROV-0281,"2822,44",RRHH,14/10/2025,SKU-8028
FAC-06631,PROV-0990,"3870,4",RRHH,13/9/2025,SKU-1820
FAC-06633,PROV-0918,"10386,79",RRHH,28/2/2025,SKU-1038
FAC-06636,PROV-0512,"11539,87",RRHH,21/11/2025,SKU-2141
FAC-06646,PROV-0911,"12582,2",RRHH,9/3/2025,SKU-9551
FAC-06650,PROV-0257,"1895,79",RRHH,25/10/2025,SKU-4716
FAC-06659,PROV-0738,"4004,51",RRHH,18/2/2025,SKU-2749
FAC-06660,PROV-0632,"7814,98",RRHH,15/3/2025,SKU-9315
FAC-06674,PROV-0363,"2341,02",RRHH,26/3/2025,SKU-6924
FAC-06679,PROV-0439,"5173,39",RRHH,8/5/2025,SKU-3090
FAC-06685,PROV-0779,"10052,24",RRHH,5/6/2025,SKU-5833
FAC-06696,PROV-0288,"5291,74",RRHH,6/3/2025,SKU-8963
FAC-06703,PROV-0514,"1860,22",RRHH,9/3/2025,SKU-7776
FAC-06704,PROV-0685,"761,9",RRHH,14/1/2025,SKU-7123
FAC-06705,PROV-0838,"1714,71",RRHH,24/4/2025,SKU-2996
FAC-06710,PROV-0987,"8404,64",RRHH,30/9/2025,SKU-6393
FAC-06717,PROV-0114,"10803,64",RRHH,14/10/2025,SKU-1541
FAC-06719,PROV-0143,"11645,3",RRHH,21/9/2025,SKU-6773
FAC-06722,PROV-0031,"10887,82",RRHH,9/7/2025,SKU-5469
FAC-06731,PROV-0784,"12294,89",RRHH,10/1/2025,SKU-4046
FAC-06733,PROV-0044,"9302,8",RRHH,8/2/2025,SKU-2771
FAC-06737,PROV-0464,"13884,66",RRHH,20/1/2025,SKU-4845
FAC-06740,PROV-0509,"6164,4",RRHH,21/6/2025,SKU-7611
FAC-06742,PROV-0073,"14850,99",RRHH,28/4/2025,SKU-9808
FAC-06755,PROV-0063,"3565,14",RRHH,2/1/2025,SKU-9231
FAC-06756,PROV-0327,"14931,87",RRHH,19/6/2025,SKU-2783
FAC-06762,PROV-0692,"12590,37",RRHH,14/11/2025,SKU-3709
FAC-06774,PROV-0089,"6877,97",RRHH,13/3/2025,SKU-9631
FAC-06780,PROV-0377,"5256,78",RRHH,17/11/2025,SKU-3743
FAC-06786,PROV-0912,"9812,16",RRHH,17/4/2025,SKU-2485
FAC-06787,PROV-0165,"7980,77",RRHH,15/8/2025,SKU-6442
FAC-06800,PROV-0094,"13350,29",RRHH,12/12/2025,SKU-5629
FAC-06801,PROV-0158,"13983,52",RRHH,5/8/2025,SKU-7460
FAC-06808,PROV-0923,"11116,26",RRHH,18/5/2025,SKU-7700
FAC-06809,PROV-0588,"12149,62",RRHH,21/6/2025,SKU-4004
FAC-06819,PROV-0540,"9261,15",RRHH,1/2/2025,SKU-8533
FAC-06826,PROV-0225,"12806,76",RRHH,26/6/2025,SKU-8135
FAC-06827,PROV-0428,"10212,23",RRHH,25/6/2025,SKU-8234
FAC-06828,PROV-0921,"11816,49",RRHH,12/7/2025,SKU-7599
FAC-06833,PROV-0640,"750,01",RRHH,17/3/2025,SKU-2220
FAC-06834,PROV-0888,"2399,66",RRHH,19/1/2025,SKU-4485
FAC-06837,PROV-0810,"10598,25",RRHH,1/2/2025,SKU-8369
FAC-06841,PROV-0521,"2599,58",RRHH,16/11/2025,SKU-2178
FAC-06846,PROV-0842,"13877,34",RRHH,13/3/2025,SKU-9172
FAC-06848,PROV-0206,"11234,89",RRHH,20/11/2025,SKU-4014
FAC-06852,PROV-0431,"10001,38",RRHH,10/5/2025,SKU-9840
FAC-06864,PROV-0998,"14947,78",RRHH,7/5/2025,SKU-1259
FAC-06873,PROV-0661,"1020,46",RRHH,4/7/2025,SKU-3591
FAC-06881,PROV-0179,"13590,86",RRHH,21/6/2025,SKU-5653
FAC-06883,PROV-0308,"10748,41",RRHH,24/12/2025,SKU-1694
FAC-06892,PROV-0499,"8337,44",RRHH,18/3/2025,SKU-1069
FAC-06894,PROV-0395,"9751,49",RRHH,1/9/2025,SKU-1232
FAC-06895,PROV-0776,"1717,44",RRHH,12/5/2025,SKU-9846
FAC-06898,PROV-0168,"11540,48",RRHH,5/12/2025,SKU-1441
FAC-06901,PROV-0008,"14313,6",RRHH,28/11/2025,SKU-7384
FAC-06908,PROV-0706,"14325,22",RRHH,18/10/2025,SKU-8026
FAC-06909,PROV-0496,"4368,76",RRHH,1/3/2025,SKU-6001
FAC-06910,PROV-0222,"12384,23",RRHH,23/12/2025,SKU-2348
FAC-06911,PROV-0588,"8770,64",RRHH,3/9/2025,SKU-4672
FAC-06913,PROV-0506,"11245,74",RRHH,16/12/2025,SKU-1809
FAC-06914,PROV-0844,"7430,67",RRHH,3/12/2025,SKU-2801
FAC-06921,PROV-0728,"1072,15",RRHH,8/8/2025,SKU-3431
FAC-06922,PROV-0148,"3287,6",RRHH,30/4/2025,SKU-5741
FAC-06932,PROV-0307,"13365,43",RRHH,2/5/2025,SKU-6517
FAC-06935,PROV-0979,"13708,24",RRHH,31/7/2025,SKU-3059
FAC-06937,PROV-0561,"6813,34",RRHH,3/6/2025,SKU-9258
FAC-06953,PROV-0168,"12223,55",RRHH,3/6/2025,SKU-3183
FAC-06954,PROV-0741,"11211,23",RRHH,21/11/2025,SKU-6622
FAC-06956,PROV-0049,"874,28",RRHH,21/12/2025,SKU-4519
FAC-06959,PROV-0102,"1392,91",RRHH,24/7/2025,SKU-8308
FAC-06963,PROV-0785,"11719,22",RRHH,23/10/2025,SKU-6627
FAC-06966,PROV-0501,"1065,49",RRHH,8/12/2025,SKU-7239
FAC-06968,PROV-0036,"10349,05",RRHH,6/1/2025,SKU-2284
FAC-06986,PROV-0424,"1727,71",RRHH,24/9/2025,SKU-1701
FAC-06993,PROV-0551,"1704,16",RRHH,7/6/2025,SKU-9719
FAC-06999,PROV-0900,"4497,09",RRHH,30/12/2025,SKU-4363
FAC-07003,PROV-0714,"12870,01",RRHH,1/1/2025,SKU-1117
FAC-07020,PROV-0518,"7157,79",RRHH,25/12/2025,SKU-3471
FAC-07029,PROV-0106,"7608,14",RRHH,10/11/2025,SKU-1195
FAC-07030,PROV-0164,"6645,59",RRHH,1/10/2025,SKU-5055
FAC-07040,PROV-0506,458,RRHH,27/6/2025,SKU-3816
FAC-07047,PROV-0911,"5385,39",RRHH,1/6/2025,SKU-1981
FAC-07048,PROV-0573,"7038,04",RRHH,8/8/2025,SKU-6790
FAC-07061,PROV-0212,"12678,45",RRHH,7/1/2025,SKU-2856
FAC-07064,PROV-0316,"13678,07",RRHH,20/8/2025,SKU-1904
FAC-07068,PROV-0133,"4716,28",RRHH,28/4/2025,SKU-4338
FAC-07076,PROV-0301,"13893,85",RRHH,22/11/2025,SKU-7065
FAC-07079,PROV-0549,"12825,05",RRHH,25/4/2025,SKU-1008
FAC-07082,PROV-0521,"4965,88",RRHH,7/5/2025,SKU-2299
FAC-07088,PROV-0398,"8941,07",RRHH,28/3/2025,SKU-1236
FAC-07095,PROV-0124,"11675,29",RRHH,13/11/2025,SKU-8955
FAC-07101,PROV-0054,"9655,94",RRHH,31/5/2025,SKU-4360
FAC-07110,PROV-0270,"7195,8",RRHH,5/11/2025,SKU-6560
FAC-07124,PROV-0201,"5687,78",RRHH,25/5/2025,SKU-3323
FAC-07126,PROV-0314,"4954,55",RRHH,2/8/2025,SKU-2573
FAC-07137,PROV-0494,"12257,37",RRHH,27/6/2025,SKU-1507
FAC-07154,PROV-0327,"891,63",RRHH,3/9/2025,SKU-5094
FAC-07164,PROV-0795,"5616,89",RRHH,15/2/2025,SKU-5919
FAC-07170,PROV-0620,"13581,27",RRHH,11/8/2025,SKU-8961
FAC-07187,PROV-0657,"1329,9",RRHH,5/10/2025,SKU-3294
FAC-07192,PROV-0259,"4240,72",RRHH,14/5/2025,SKU-8829
FAC-07203,PROV-0709,"6456,71",RRHH,2/9/2025,SKU-9258
FAC-07210,PROV-0640,"8552,08",RRHH,8/9/2025,SKU-2210
FAC-07225,PROV-0845,"3146,9",RRHH,23/12/2025,SKU-7156
FAC-07226,PROV-0006,"7442,24",RRHH,6/5/2025,SKU-1792
FAC-07228,PROV-0349,"8315,31",RRHH,25/12/2025,SKU-1640
FAC-07236,PROV-0039,"6736,39",RRHH,15/5/2025,SKU-9594
FAC-07247,PROV-0647,"3881,26",RRHH,30/3/2025,SKU-9562
FAC-07252,PROV-0156,"5118,69",RRHH,12/11/2025,SKU-2851
FAC-07270,PROV-0912,"11145,04",RRHH,13/4/2025,SKU-3107
FAC-07271,PROV-0026,"1439,62",RRHH,6/2/2025,SKU-3344
FAC-07286,PROV-0208,"8773,96",RRHH,6/10/2025,SKU-8018
FAC-07288,PROV-0135,"9913,92",RRHH,12/10/2025,SKU-3150
FAC-07292,PROV-0771,"8597,54",RRHH,27/11/2025,SKU-9856
FAC-07293,PROV-0744,"4145,95",RRHH,31/10/2025,SKU-6423
FAC-07302,PROV-0515,"1188,84",RRHH,10/1/2025,SKU-3487
FAC-07325,PROV-0232,"14566,49",RRHH,25/10/2025,SKU-7232
FAC-07326,PROV-0735,"11003,58",RRHH,12/11/2025,SKU-3303
FAC-07327,PROV-0968,"14210,89",RRHH,29/11/2025,SKU-4599
FAC-07338,PROV-0103,"7675,04",RRHH,18/1/2025,SKU-8273
FAC-07339,PROV-0381,"9757,63",RRHH,26/10/2025,SKU-8933
FAC-07341,PROV-0936,"10329,67",RRHH,16/11/2025,SKU-7839
FAC-07342,PROV-0587,"10338,01",RRHH,26/4/2025,SKU-7189
FAC-07345,PROV-0022,"14084,48",RRHH,6/2/2025,SKU-1952
FAC-07347,PROV-0981,"990,45",RRHH,18/4/2025,SKU-7713
FAC-07351,PROV-0368,"4233,57",RRHH,24/6/2025,SKU-1701
FAC-07354,PROV-0277,"11805,02",RRHH,10/10/2025,SKU-7633
FAC-07356,PROV-0938,"591,7",RRHH,5/3/2025,SKU-1154
FAC-07365,PROV-0315,"7448,44",RRHH,6/8/2025,SKU-5350
FAC-07369,PROV-0743,"14675,6",RRHH,11/10/2025,SKU-8677
FAC-07373,PROV-0715,"12995,28",RRHH,19/9/2025,SKU-2274
FAC-07383,PROV-0770,"4420,17",RRHH,14/4/2025,SKU-8255
FAC-07387,PROV-0931,"9887,41",RRHH,14/11/2025,SKU-9511
FAC-07390,PROV-0197,"1039,25",RRHH,10/7/2025,SKU-2194
FAC-07399,PROV-0087,"3969,42",RRHH,8/3/2025,SKU-7841
FAC-07407,PROV-0202,"794,27",RRHH,11/1/2025,SKU-4678
FAC-07422,PROV-0028,"11393,97",RRHH,21/2/2025,SKU-1505
FAC-07429,PROV-0008,"11598,75",RRHH,16/5/2025,SKU-4494
FAC-07430,PROV-0373,"1360,71",RRHH,7/2/2025,SKU-1486
FAC-07440,PROV-0397,"14551,92",RRHH,21/3/2025,SKU-1751
FAC-07442,PROV-0083,"6294,92",RRHH,21/11/2025,SKU-7974
FAC-07443,PROV-0528,"4000,79",RRHH,21/7/2025,SKU-2992
FAC-07445,PROV-0477,"1500,95",RRHH,9/10/2025,SKU-8724
FAC-07449,PROV-0821,"12990,61",RRHH,26/7/2025,SKU-9570
FAC-07455,PROV-0843,"5124,82",RRHH,20/12/2025,SKU-7879
FAC-07467,PROV-0745,"5516,77",RRHH,11/6/2025,SKU-4627
FAC-07468,PROV-0517,"5337,68",RRHH,27/9/2025,SKU-9978
FAC-07476,PROV-0512,"3098,34",RRHH,8/8/2025,SKU-4683
FAC-07481,PROV-0941,"3828,5",RRHH,21/6/2025,SKU-4796
FAC-07487,PROV-0273,"7806,74",RRHH,3/9/2025,SKU-3780
FAC-07495,PROV-0370,"8316,19",RRHH,25/11/2025,SKU-1358
FAC-07500,PROV-0321,"14502,17",RRHH,21/7/2025,SKU-8124
FAC-07503,PROV-0540,"14046,1",RRHH,23/3/2025,SKU-9829
FAC-07506,PROV-0621,"9928,72",RRHH,17/10/2025,SKU-8131
FAC-07513,PROV-0263,"803,63",RRHH,23/12/2025,SKU-5523
FAC-07526,PROV-0394,"9620,13",RRHH,5/11/2025,SKU-6879
FAC-07539,PROV-0365,"513,24",RRHH,17/8/2025,SKU-4154
FAC-07540,PROV-0977,"13540,57",RRHH,25/3/2025,SKU-2340
FAC-07544,PROV-0946,"1546,42",RRHH,7/7/2025,SKU-6911
FAC-07545,PROV-0577,"14146,33",RRHH,14/10/2025,SKU-1569
FAC-07546,PROV-0353,"5748,05",RRHH,5/1/2025,SKU-6676
FAC-07554,PROV-0741,"4059,73",RRHH,25/3/2025,SKU-4510
FAC-07556,PROV-0009,"1574,18",RRHH,11/5/2025,SKU-2278
FAC-07563,PROV-0445,"12111,22",RRHH,19/6/2025,SKU-1260
FAC-07566,PROV-0355,"6129,83",RRHH,7/8/2025,SKU-1506
FAC-07568,PROV-0670,"14455,17",RRHH,10/7/2025,SKU-4505
FAC-07569,PROV-0425,"3025,88",RRHH,26/10/2025,SKU-4250
FAC-07572,PROV-0202,"991,4",RRHH,6/5/2025,SKU-1967
FAC-07574,PROV-0504,"2062,47",RRHH,1/12/2025,SKU-3559
FAC-07575,PROV-0672,"12070,18",RRHH,30/4/2025,SKU-5786
FAC-07576,PROV-0880,"1502,2",RRHH,15/10/2025,SKU-7726
FAC-07580,PROV-0053,"14816,37",RRHH,16/1/2025,SKU-8544
FAC-07583,PROV-0032,"14077,7",RRHH,22/2/2025,SKU-5113
FAC-07587,PROV-0470,"4563,6",RRHH,27/12/2025,SKU-1561
FAC-07592,PROV-0588,"1039,51",RRHH,26/10/2025,SKU-9982
FAC-07593,PROV-0616,"6122,34",RRHH,10/3/2025,SKU-6839
FAC-07597,PROV-0781,"7824,91",RRHH,23/3/2025,SKU-5044
FAC-07601,PROV-0399,"9183,25",RRHH,29/3/2025,SKU-9465
FAC-07603,PROV-0035,"1833,66",RRHH,27/6/2025,SKU-3860
FAC-07604,PROV-0792,"2659,2",RRHH,28/12/2025,SKU-4498
FAC-07615,PROV-0040,"1933,87",RRHH,13/5/2025,SKU-5964
FAC-07619,PROV-0265,"11866,51",RRHH,23/8/2025,SKU-3350
FAC-07620,PROV-0202,"9736,16",RRHH,3/11/2025,SKU-1767
FAC-07623,PROV-0522,"14399,87",RRHH,22/7/2025,SKU-9987
FAC-07631,PROV-0109,"11099,52",RRHH,1/4/2025,SKU-8699
FAC-07645,PROV-0550,"14311,29",RRHH,25/3/2025,SKU-2835
FAC-07648,PROV-0079,"8815,66",RRHH,21/8/2025,SKU-5240
FAC-07650,PROV-0265,"14794,39",RRHH,11/7/2025,SKU-7651
FAC-07652,PROV-0786,"8683,41",RRHH,21/8/2025,SKU-5978
FAC-07671,PROV-0016,"8217,73",RRHH,19/10/2025,SKU-3966
FAC-07682,PROV-0410,"5349,99",RRHH,26/10/2025,SKU-3083
FAC-07686,PROV-0566,"12457,46",RRHH,7/11/2025,SKU-5622
FAC-07695,PROV-0562,"12176,78",RRHH,2/3/2025,SKU-2768
FAC-07696,PROV-0987,"3922,23",RRHH,30/10/2025,SKU-1309
FAC-07702,PROV-0911,"9500,69",RRHH,1/12/2025,SKU-6244
FAC-07705,PROV-0068,"12381,6",RRHH,20/12/2025,SKU-9585
FAC-07716,PROV-0326,"4196,28",RRHH,22/1/2025,SKU-1501
FAC-07719,PROV-0754,"448,51",RRHH,23/2/2025,SKU-8358
FAC-07720,PROV-0037,"3640,89",RRHH,12/2/2025,SKU-4119
FAC-07727,PROV-0889,"6737,6",RRHH,9/5/2025,SKU-7912
FAC-07733,PROV-0942,"8436,13",RRHH,5/1/2025,SKU-6702
FAC-07735,PROV-0629,"1870,59",RRHH,26/4/2025,SKU-7419
FAC-07749,PROV-0696,"12245,44",RRHH,9/11/2025,SKU-9975
FAC-07755,PROV-0120,"1447,95",RRHH,16/5/2025,SKU-6159
FAC-07760,PROV-0225,"977,7",RRHH,24/2/2025,SKU-4743
FAC-07761,PROV-0353,"5425,55",RRHH,9/3/2025,SKU-8074
FAC-07768,PROV-0169,"1763,77",RRHH,25/1/2025,SKU-7859
FAC-07775,PROV-0469,"3380,62",RRHH,6/2/2025,SKU-8666
FAC-07778,PROV-0717,"9672,39",RRHH,15/9/2025,SKU-8784
FAC-07779,PROV-0622,"12138,21",RRHH,4/10/2025,SKU-1228
FAC-07782,PROV-0017,"1923,53",RRHH,9/4/2025,SKU-1368
FAC-07786,PROV-0502,"10358,52",RRHH,12/7/2025,SKU-6844
FAC-07795,PROV-0701,"14554,69",RRHH,2/4/2025,SKU-8432
FAC-07810,PROV-0075,"495,31",RRHH,11/2/2025,SKU-7832
FAC-07813,PROV-0856,"13520,63",RRHH,19/11/2025,SKU-2143
FAC-07821,PROV-0071,"1242,18",RRHH,17/3/2025,SKU-8758
FAC-07826,PROV-0491,"646,44",RRHH,2/5/2025,SKU-4156
FAC-07829,PROV-0261,"5242,4",RRHH,29/4/2025,SKU-3751
FAC-07834,PROV-0720,"5732,45",RRHH,18/3/2025,SKU-3931
FAC-07836,PROV-0327,"9211,62",RRHH,14/1/2025,SKU-6520
FAC-07841,PROV-0625,"7814,49",RRHH,27/10/2025,SKU-5953
FAC-07847,PROV-0957,"8756,9",RRHH,6/2/2025,SKU-1729
FAC-07849,PROV-0913,"4254,26",RRHH,15/1/2025,SKU-8089
FAC-07854,PROV-0252,"4968,29",RRHH,16/9/2025,SKU-4533
FAC-07860,PROV-0753,"2540,33",RRHH,4/1/2025,SKU-2326
FAC-07878,PROV-0549,"9951,83",RRHH,28/7/2025,SKU-1866
FAC-07879,PROV-0790,"343,43",RRHH,22/4/2025,SKU-7532
FAC-07880,PROV-0556,"6067,3",RRHH,3/1/2025,SKU-2017
FAC-07881,PROV-0649,"12751,7",RRHH,15/1/2025,SKU-7420
FAC-07882,PROV-0111,"693,43",RRHH,2/11/2025,SKU-8703
FAC-07883,PROV-0048,"12776,77",RRHH,17/9/2025,SKU-3794
FAC-07898,PROV-0058,"12927,18",RRHH,16/9/2025,SKU-4250
FAC-07905,PROV-0234,"6099,26",RRHH,11/9/2025,SKU-9250
FAC-07913,PROV-0034,"4801,21",RRHH,22/3/2025,SKU-2668
FAC-07922,PROV-0361,"6014,11",RRHH,10/11/2025,SKU-7481
FAC-07928,PROV-0945,"5362,79",RRHH,15/4/2025,SKU-6982
FAC-07931,PROV-0786,"3264,35",RRHH,12/8/2025,SKU-3586
FAC-07934,PROV-0449,"10941,77",RRHH,1/3/2025,SKU-3551
FAC-07935,PROV-0545,"9928,86",RRHH,29/8/2025,SKU-8073
FAC-07937,PROV-0084,"3159,5",RRHH,21/4/2025,SKU-9144
FAC-07942,PROV-0165,"1158,73",RRHH,18/5/2025,SKU-3062
FAC-07943,PROV-0057,"7374,39",RRHH,22/5/2025,SKU-1189
FAC-07949,PROV-0177,"9201,95",RRHH,1/11/2025,SKU-7333
FAC-07950,PROV-0673,"11900,59",RRHH,28/5/2025,SKU-1398
FAC-07959,PROV-0042,"10308,11",RRHH,28/12/2025,SKU-1687
FAC-07960,PROV-0714,"9154,77",RRHH,28/1/2025,SKU-3881
FAC-07962,PROV-0654,"14792,6",RRHH,15/6/2025,SKU-7000
FAC-07965,PROV-0725,"1038,3",RRHH,21/11/2025,SKU-2855
FAC-07967,PROV-0725,"1919,71",RRHH,28/3/2025,SKU-4807
FAC-07968,PROV-0442,"12084,48",RRHH,17/5/2025,SKU-7251
FAC-07969,PROV-0103,"4917,09",RRHH,4/3/2025,SKU-2113
FAC-07973,PROV-0654,"1607,48",RRHH,2/11/2025,SKU-6144
FAC-07977,PROV-0747,"6546,01",RRHH,3/2/2025,SKU-9203
FAC-07987,PROV-0273,"6317,04",RRHH,14/9/2025,SKU-6408
FAC-07991,PROV-0531,"12562,5",RRHH,11/2/2025,SKU-2923
FAC-08000,PROV-0117,"11643,66",RRHH,23/4/2025,SKU-7457
FAC-08001,PROV-0428,"14943,68",RRHH,17/2/2025,SKU-9510
FAC-08006,PROV-0137,"12306,07",RRHH,16/1/2025,SKU-6759
FAC-08008,PROV-0694,"11229,85",RRHH,27/4/2025,SKU-8820
FAC-08011,PROV-0589,"5285,55",RRHH,2/10/2025,SKU-2780
FAC-08015,PROV-0277,"3162,58",RRHH,10/4/2025,SKU-1464
FAC-08018,PROV-0568,"8642,51",RRHH,14/11/2025,SKU-8731
FAC-08028,PROV-0032,"11188,76",RRHH,7/4/2025,SKU-6535
FAC-08061,PROV-0482,"229,62",RRHH,29/9/2025,SKU-4467
FAC-08063,PROV-0203,"12981,74",RRHH,15/11/2025,SKU-1335
FAC-08070,PROV-0342,"7066,23",RRHH,22/2/2025,SKU-7859
FAC-08080,PROV-0045,"14664,99",RRHH,28/4/2025,SKU-8017
FAC-08081,PROV-0185,"12868,33",RRHH,31/8/2025,SKU-2322
FAC-08082,PROV-0759,"13035,63",RRHH,14/7/2025,SKU-1574
FAC-08083,PROV-0633,"11989,73",RRHH,24/3/2025,SKU-6545
FAC-08090,PROV-0697,"13398,5",RRHH,3/4/2025,SKU-8504
FAC-08094,PROV-0848,"1802,71",RRHH,2/2/2025,SKU-4019
FAC-08101,PROV-0172,"14062,37",RRHH,17/1/2025,SKU-9505
FAC-08102,PROV-0975,"13487,24",RRHH,18/6/2025,SKU-4100
FAC-08109,PROV-0494,"4072,74",RRHH,15/7/2025,SKU-8597
FAC-08110,PROV-0762,"2458,49",RRHH,2/11/2025,SKU-6986
FAC-08113,PROV-0072,"5758,65",RRHH,1/9/2025,SKU-4431
FAC-08117,PROV-0307,"9565,93",RRHH,27/6/2025,SKU-7714
FAC-08118,PROV-0482,"2116,5",RRHH,1/7/2025,SKU-9116
FAC-08122,PROV-0784,"813,56",RRHH,30/6/2025,SKU-8598
FAC-08123,PROV-0328,"8308,72",RRHH,20/7/2025,SKU-6208
FAC-08128,PROV-0818,"7935,93",RRHH,3/9/2025,SKU-1567
FAC-08138,PROV-0339,"11028,27",RRHH,9/4/2025,SKU-9850
FAC-08144,PROV-0435,"2922,43",RRHH,21/3/2025,SKU-9689
FAC-08152,PROV-0970,"2934,91",RRHH,13/9/2025,SKU-9604
FAC-08156,PROV-0171,"5952,97",RRHH,27/4/2025,SKU-7428
FAC-08159,PROV-0575,"2912,11",RRHH,4/9/2025,SKU-6480
FAC-08169,PROV-0426,"9428,29",RRHH,7/6/2025,SKU-4925
FAC-08190,PROV-0928,"7177,07",RRHH,23/12/2025,SKU-6788
FAC-08191,PROV-0281,"9294,67",RRHH,20/9/2025,SKU-1989
FAC-08193,PROV-0146,"11359,85",RRHH,19/9/2025,SKU-4624
FAC-08194,PROV-0486,"376,22",RRHH,30/3/2025,SKU-9278
FAC-08195,PROV-0538,"12876,11",RRHH,9/3/2025,SKU-4774
FAC-08205,PROV-0298,"1621,38",RRHH,29/6/2025,SKU-7700
FAC-08208,PROV-0144,"13883,9",RRHH,2/11/2025,SKU-8380
FAC-08213,PROV-0610,"8721,43",RRHH,26/8/2025,SKU-6320
FAC-08219,PROV-0196,"5888,1",RRHH,17/4/2025,SKU-6807
FAC-08221,PROV-0663,"4672,37",RRHH,21/10/2025,SKU-9260
FAC-08234,PROV-0919,"3205,09",RRHH,25/12/2025,SKU-1125
FAC-08253,PROV-0547,"13850,3",RRHH,22/11/2025,SKU-8083
FAC-08256,PROV-0406,"7300,44",RRHH,22/2/2025,SKU-5237
FAC-08257,PROV-0053,"13823,97",RRHH,8/5/2025,SKU-6919
FAC-08266,PROV-0924,"13157,57",RRHH,20/3/2025,SKU-4795
FAC-08270,PROV-0058,"8653,06",RRHH,30/6/2025,SKU-9864
FAC-08271,PROV-0101,"9161,66",RRHH,10/8/2025,SKU-9614
FAC-08277,PROV-0346,"3120,82",RRHH,26/9/2025,SKU-9506
FAC-08289,PROV-0780,"11672,77",RRHH,10/3/2025,SKU-3110
FAC-08298,PROV-0097,"12423,79",RRHH,22/12/2025,SKU-9256
FAC-08308,PROV-0568,"5121,57",RRHH,14/12/2025,SKU-6283
FAC-08318,PROV-0621,"5915,16",RRHH,12/4/2025,SKU-9628
FAC-08325,PROV-0996,"14074,42",RRHH,4/6/2025,SKU-2620
FAC-08326,PROV-0455,"2741,94",RRHH,16/6/2025,SKU-1175
FAC-08329,PROV-0608,"12340,04",RRHH,22/10/2025,SKU-5404
FAC-08331,PROV-0832,"906,76",RRHH,30/7/2025,SKU-7148
FAC-08332,PROV-0657,"7359,13",RRHH,3/12/2025,SKU-8201
FAC-08337,PROV-0218,"13962,2",RRHH,5/11/2025,SKU-4932
FAC-08344,PROV-0304,"14851,32",RRHH,25/8/2025,SKU-6845
FAC-08348,PROV-0313,"2907,47",RRHH,12/11/2025,SKU-6985
FAC-08366,PROV-0830,"11664,2",RRHH,25/3/2025,SKU-7330
FAC-08375,PROV-0946,"7161,01",RRHH,2/2/2025,SKU-3503
FAC-08376,PROV-0864,"5121,16",RRHH,5/4/2025,SKU-1441
FAC-08378,PROV-0918,"6006,62",RRHH,15/1/2025,SKU-5062
FAC-08385,PROV-0641,"1624,05",RRHH,5/4/2025,SKU-6787
FAC-08390,PROV-0831,"2986,12",RRHH,8/11/2025,SKU-6603
FAC-08393,PROV-0141,"7887,5",RRHH,24/6/2025,SKU-5195
FAC-08394,PROV-0216,"9772,56",RRHH,17/11/2025,SKU-5014
FAC-08397,PROV-0387,"13491,56",RRHH,1/6/2025,SKU-6062
FAC-08408,PROV-0295,"10250,15",RRHH,17/5/2025,SKU-2247
FAC-08410,PROV-0475,"13993,54",RRHH,19/2/2025,SKU-6327
FAC-08411,PROV-0968,"9642,26",RRHH,17/6/2025,SKU-7199
FAC-08414,PROV-0184,"6164,06",RRHH,14/5/2025,SKU-9538
FAC-08421,PROV-0999,"13527,21",RRHH,18/11/2025,SKU-2671
FAC-08427,PROV-0451,"12092,2",RRHH,2/4/2025,SKU-8318
FAC-08433,PROV-0471,"12782,08",RRHH,14/4/2025,SKU-2469
FAC-08437,PROV-0039,12079,RRHH,16/8/2025,SKU-5010
FAC-08445,PROV-0131,"3966,44",RRHH,17/6/2025,SKU-2918
FAC-08449,PROV-0151,"11850,03",RRHH,21/6/2025,SKU-7317
FAC-08458,PROV-0630,"9848,94",RRHH,16/3/2025,SKU-7609
FAC-08463,PROV-0222,"1845,05",RRHH,9/12/2025,SKU-3586
FAC-08464,PROV-0740,"2331,74",RRHH,31/5/2025,SKU-4414
FAC-08469,PROV-0570,"10500,03",RRHH,17/2/2025,SKU-2370
FAC-08477,PROV-0232,"12187,41",RRHH,11/7/2025,SKU-9887
FAC-08478,PROV-0187,"13931,89",RRHH,3/3/2025,SKU-6425
FAC-08482,PROV-0733,"2409,77",RRHH,1/8/2025,SKU-1669
FAC-08496,PROV-0667,"4916,74",RRHH,25/4/2025,SKU-9223
FAC-08500,PROV-0946,"11666,58",RRHH,15/4/2025,SKU-1765
FAC-08515,PROV-0162,"12048,79",RRHH,26/11/2025,SKU-5872
FAC-08524,PROV-0508,"11444,89",RRHH,12/9/2025,SKU-8029
FAC-08527,PROV-0577,"6671,69",RRHH,9/1/2025,SKU-7408
FAC-08538,PROV-0879,"12291,88",RRHH,7/1/2025,SKU-9946
FAC-08553,PROV-0655,"8205,06",RRHH,13/5/2025,SKU-1439
FAC-08555,PROV-0723,"6231,22",RRHH,5/12/2025,SKU-6886
FAC-08556,PROV-0916,"7266,39",RRHH,12/9/2025,SKU-4707
FAC-08562,PROV-0757,"6721,27",RRHH,11/8/2025,SKU-1304
FAC-08563,PROV-0183,"9264,09",RRHH,10/5/2025,SKU-9370
FAC-08566,PROV-0014,"14812,01",RRHH,30/8/2025,SKU-3467
FAC-08578,PROV-0831,"5556,03",RRHH,9/10/2025,SKU-1706
FAC-08581,PROV-0747,"7252,08",RRHH,17/12/2025,SKU-8618
FAC-08582,PROV-0001,"11410,03",RRHH,10/8/2025,SKU-9064
FAC-08586,PROV-0039,"13049,47",RRHH,25/7/2025,SKU-9199
FAC-08595,PROV-0804,"2335,23",RRHH,4/7/2025,SKU-5713
FAC-08600,PROV-0518,1583,RRHH,1/5/2025,SKU-9174
FAC-08606,PROV-0640,"5066,11",RRHH,24/11/2025,SKU-2351
FAC-08612,PROV-0279,"8643,13",RRHH,24/4/2025,SKU-1644
FAC-08614,PROV-0331,"5783,52",RRHH,20/7/2025,SKU-2085
FAC-08615,PROV-0257,"14779,05",RRHH,25/11/2025,SKU-7544
FAC-08620,PROV-0932,"5138,27",RRHH,6/10/2025,SKU-1463
FAC-08626,PROV-0456,"5194,71",RRHH,24/5/2025,SKU-9764
FAC-08629,PROV-0660,"11597,51",RRHH,10/2/2025,SKU-7800
FAC-08632,PROV-0836,"13629,12",RRHH,19/12/2025,SKU-5328
FAC-08647,PROV-0326,"14939,03",RRHH,18/6/2025,SKU-2110
FAC-08656,PROV-0514,"5994,46",RRHH,12/2/2025,SKU-7218
FAC-08659,PROV-0957,"12395,45",RRHH,16/6/2025,SKU-8009
FAC-08667,PROV-0635,"8537,35",RRHH,24/4/2025,SKU-3798
FAC-08668,PROV-0573,"14537,74",RRHH,6/9/2025,SKU-8017
FAC-08670,PROV-0086,"475,96",RRHH,29/11/2025,SKU-6224
FAC-08679,PROV-0153,"10981,54",RRHH,21/7/2025,SKU-8169
FAC-08681,PROV-0905,"2772,44",RRHH,18/3/2025,SKU-9213
FAC-08689,PROV-0446,"5886,94",RRHH,10/7/2025,SKU-9189
FAC-08690,PROV-0441,"12032,04",RRHH,2/11/2025,SKU-4445
FAC-08693,PROV-0507,"7941,32",RRHH,14/7/2025,SKU-4286
FAC-08697,PROV-0225,"1205,82",RRHH,14/10/2025,SKU-2912
FAC-08708,PROV-0703,"5210,52",RRHH,21/7/2025,SKU-5214
FAC-08731,PROV-0915,"4722,47",RRHH,25/10/2025,SKU-6169
FAC-08735,PROV-0151,"12153,11",RRHH,22/8/2025,SKU-2459
FAC-08745,PROV-0727,"5061,87",RRHH,7/1/2025,SKU-6881
FAC-08747,PROV-0982,"11257,15",RRHH,14/6/2025,SKU-2401
FAC-08748,PROV-0532,"10020,47",RRHH,8/1/2025,SKU-3021
FAC-08750,PROV-0081,"1185,6",RRHH,16/1/2025,SKU-7923
FAC-08755,PROV-0751,"10873,54",RRHH,27/5/2025,SKU-2745
FAC-08758,PROV-0347,"9993,03",RRHH,16/2/2025,SKU-6809
FAC-08764,PROV-0385,"9593,13",RRHH,10/11/2025,SKU-6277
FAC-08769,PROV-0689,"221,52",RRHH,22/6/2025,SKU-8214
FAC-08773,PROV-0302,"14071,31",RRHH,13/8/2025,SKU-6551
FAC-08777,PROV-0542,"2814,44",RRHH,30/5/2025,SKU-3958
FAC-08779,PROV-0795,"13888,46",RRHH,27/1/2025,SKU-9710
FAC-08783,PROV-0235,"9794,5",RRHH,11/9/2025,SKU-3589
FAC-08786,PROV-0974,"1613,94",RRHH,25/3/2025,SKU-8683
FAC-08788,PROV-0475,"11622,63",RRHH,16/12/2025,SKU-9052
FAC-08789,PROV-0415,"10770,31",RRHH,7/11/2025,SKU-4988
FAC-08791,PROV-0665,"8673,99",RRHH,20/6/2025,SKU-3790
FAC-08798,PROV-0710,"8800,59",RRHH,11/5/2025,SKU-4424
FAC-08802,PROV-0003,"11975,61",RRHH,19/10/2025,SKU-9306
FAC-08812,PROV-0886,"8828,54",RRHH,15/12/2025,SKU-2161
FAC-08818,PROV-0249,"3431,08",RRHH,10/3/2025,SKU-9303
FAC-08839,PROV-0975,"614,49",RRHH,17/5/2025,SKU-1631
FAC-08844,PROV-0743,"443,41",RRHH,20/7/2025,SKU-2806
FAC-08850,PROV-0421,"1516,63",RRHH,4/4/2025,SKU-5275
FAC-08852,PROV-0385,"11725,98",RRHH,6/11/2025,SKU-9661
FAC-08855,PROV-0828,"870,92",RRHH,8/1/2025,SKU-3984
FAC-08865,PROV-0016,"2441,43",RRHH,26/10/2025,SKU-6878
FAC-08875,PROV-0471,"7869,79",RRHH,14/2/2025,SKU-4239
FAC-08880,PROV-0967,"7287,54",RRHH,25/2/2025,SKU-8449
FAC-08882,PROV-0137,"3663,66",RRHH,26/8/2025,SKU-2043
FAC-08895,PROV-0622,"4109,61",RRHH,8/12/2025,SKU-2916
FAC-08897,PROV-0661,"7674,53",RRHH,13/6/2025,SKU-8067
FAC-08898,PROV-0634,"3129,1",RRHH,7/1/2025,SKU-8038
FAC-08905,PROV-0340,"1970,05",RRHH,26/3/2025,SKU-3360
FAC-08913,PROV-0566,6282,RRHH,12/2/2025,SKU-5574
FAC-08916,PROV-0311,"8904,52",RRHH,25/4/2025,SKU-8581
FAC-08920,PROV-0136,"5738,32",RRHH,26/7/2025,SKU-5632
FAC-08931,PROV-0877,"1746,84",RRHH,21/5/2025,SKU-8997
FAC-08935,PROV-0819,"7646,52",RRHH,7/9/2025,SKU-3539
FAC-08936,PROV-0542,"3951,97",RRHH,1/11/2025,SKU-1542
FAC-08937,PROV-0121,"11906,58",RRHH,29/5/2025,SKU-7963
FAC-08941,PROV-0290,"4625,79",RRHH,13/3/2025,SKU-4285
FAC-08961,PROV-0265,"12351,97",RRHH,12/7/2025,SKU-9966
FAC-08966,PROV-0831,"311,9",RRHH,30/9/2025,SKU-6019
FAC-08970,PROV-0543,"9194,36",RRHH,7/10/2025,SKU-9425
FAC-08977,PROV-0600,"3407,27",RRHH,24/8/2025,SKU-9516
FAC-08983,PROV-0711,"12840,24",RRHH,28/3/2025,SKU-6864
FAC-09002,PROV-0902,"2149,05",RRHH,31/10/2025,SKU-6341
FAC-09012,PROV-0226,"14540,98",RRHH,12/5/2025,SKU-7653
FAC-09027,PROV-0451,"13226,99",RRHH,20/8/2025,SKU-6160
FAC-09033,PROV-0325,"14745,64",RRHH,25/7/2025,SKU-6342
FAC-09054,PROV-0957,"2303,98",RRHH,19/10/2025,SKU-2418
FAC-09064,PROV-0333,"4964,53",RRHH,4/10/2025,SKU-3840
FAC-09068,PROV-0276,"12254,06",RRHH,2/11/2025,SKU-3488
FAC-09076,PROV-0348,"9710,37",RRHH,14/11/2025,SKU-9909
FAC-09080,PROV-0739,10437,RRHH,15/12/2025,SKU-1129
FAC-09081,PROV-0175,"2697,21",RRHH,18/12/2025,SKU-2816
FAC-09085,PROV-0887,"2942,18",RRHH,17/5/2025,SKU-3101
FAC-09088,PROV-0806,"6417,93",RRHH,9/11/2025,SKU-2656
FAC-09096,PROV-0940,"2995,57",RRHH,21/4/2025,SKU-1876
FAC-09107,PROV-0685,"638,06",RRHH,10/5/2025,SKU-7888
FAC-09110,PROV-0756,"3635,72",RRHH,31/5/2025,SKU-5087
FAC-09114,PROV-0026,"9153,63",RRHH,24/10/2025,SKU-4745
FAC-09122,PROV-0728,"8359,24",RRHH,14/7/2025,SKU-1433
FAC-09134,PROV-0001,"9137,04",RRHH,14/2/2025,SKU-9002
FAC-09136,PROV-0366,"13799,18",RRHH,24/2/2025,SKU-6149
FAC-09137,PROV-0531,"5212,18",RRHH,9/11/2025,SKU-8920
FAC-09147,PROV-0848,"3171,53",RRHH,26/2/2025,SKU-9943
FAC-09150,PROV-0861,"4225,92",RRHH,12/3/2025,SKU-2013
FAC-09154,PROV-0607,"2913,16",RRHH,30/4/2025,SKU-5082
FAC-09157,PROV-0568,"5696,08",RRHH,11/7/2025,SKU-2123
FAC-09160,PROV-0334,"8993,69",RRHH,13/6/2025,SKU-6402
FAC-09161,PROV-0092,"14555,27",RRHH,30/12/2025,SKU-7285
FAC-09166,PROV-0233,"13354,49",RRHH,25/1/2025,SKU-5316
FAC-09182,PROV-0954,"11998,43",RRHH,10/2/2025,SKU-8461
FAC-09186,PROV-0318,"3868,35",RRHH,5/9/2025,SKU-2895
FAC-09194,PROV-0088,"7138,71",RRHH,6/12/2025,SKU-7756
FAC-09195,PROV-0952,"6910,64",RRHH,16/7/2025,SKU-1659
FAC-09203,PROV-0757,"2565,57",RRHH,5/5/2025,SKU-2017
FAC-09213,PROV-0428,"11451,84",RRHH,3/12/2025,SKU-7849
FAC-09218,PROV-0874,"9975,13",RRHH,18/12/2025,SKU-8420
FAC-09221,PROV-0558,"9588,21",RRHH,11/12/2025,SKU-1211
FAC-09230,PROV-0875,"5872,34",RRHH,27/4/2025,SKU-7696
FAC-09239,PROV-0636,"4997,93",RRHH,2/12/2025,SKU-2467
FAC-09255,PROV-0665,"3091,13",RRHH,1/5/2025,SKU-2879
FAC-09256,PROV-0683,"11016,98",RRHH,23/10/2025,SKU-3365
FAC-09266,PROV-0978,"4944,05",RRHH,12/3/2025,SKU-5777
FAC-09273,PROV-0869,"10055,79",RRHH,25/2/2025,SKU-1267
FAC-09276,PROV-0135,"7243,06",RRHH,27/3/2025,SKU-8450
FAC-09284,PROV-0584,"9648,99",RRHH,28/2/2025,SKU-4489
FAC-09296,PROV-0995,"4539,5",RRHH,20/1/2025,SKU-8592
FAC-09299,PROV-0704,"396,38",RRHH,21/3/2025,SKU-5085
FAC-09300,PROV-0156,"1224,5",RRHH,13/3/2025,SKU-6427
FAC-09305,PROV-0050,"961,28",RRHH,2/3/2025,SKU-4853
FAC-09306,PROV-0501,"4849,86",RRHH,7/10/2025,SKU-2436
FAC-09308,PROV-0430,"310,15",RRHH,12/10/2025,SKU-4073
FAC-09309,PROV-0479,"14732,12",RRHH,8/6/2025,SKU-6166
FAC-09312,PROV-0029,"9539,21",RRHH,3/7/2025,SKU-3981
FAC-09313,PROV-0302,"6379,37",RRHH,18/11/2025,SKU-8490
FAC-09321,PROV-0630,"7284,14",RRHH,28/11/2025,SKU-9076
FAC-09322,PROV-0177,"2354,39",RRHH,3/12/2025,SKU-6008
FAC-09329,PROV-0263,"2940,31",RRHH,4/6/2025,SKU-3878
FAC-09331,PROV-0247,"12933,67",RRHH,27/2/2025,SKU-3886
FAC-09337,PROV-0827,"2935,76",RRHH,24/12/2025,SKU-2050
FAC-09338,PROV-0448,"4468,26",RRHH,20/4/2025,SKU-1985
FAC-09346,PROV-0864,"2505,64",RRHH,30/1/2025,SKU-9718
FAC-09350,PROV-0119,"2198,11",RRHH,13/2/2025,SKU-5351
FAC-09352,PROV-0446,"12842,73",RRHH,29/10/2025,SKU-3536
FAC-09357,PROV-0699,"7759,19",RRHH,25/6/2025,SKU-4213
FAC-09360,PROV-0970,"3293,04",RRHH,30/7/2025,SKU-4423
FAC-09362,PROV-0131,"9304,66",RRHH,3/9/2025,SKU-3674
FAC-09364,PROV-0267,"13435,02",RRHH,14/7/2025,SKU-2203
FAC-09369,PROV-0797,"6503,22",RRHH,13/5/2025,SKU-6285
FAC-09375,PROV-0162,"10947,19",RRHH,19/11/2025,SKU-1194
FAC-09377,PROV-0596,"12775,33",RRHH,23/1/2025,SKU-2453
FAC-09378,PROV-0614,"8283,58",RRHH,20/9/2025,SKU-2466
FAC-09387,PROV-0505,"2689,54",RRHH,28/11/2025,SKU-3703
FAC-09397,PROV-0126,"14301,75",RRHH,17/3/2025,SKU-8886
FAC-09399,PROV-0073,"13232,4",RRHH,2/11/2025,SKU-2126
FAC-09401,PROV-0544,"3630,35",RRHH,10/8/2025,SKU-2308
FAC-09404,PROV-0537,"8577,25",RRHH,28/7/2025,SKU-7437
FAC-09409,PROV-0054,"2136,19",RRHH,24/10/2025,SKU-8002
FAC-09410,PROV-0960,"3627,41",RRHH,2/1/2025,SKU-8898
FAC-09414,PROV-0534,"6086,22",RRHH,18/7/2025,SKU-9555
FAC-09415,PROV-0409,"11300,33",RRHH,2/7/2025,SKU-3810
FAC-09421,PROV-0574,"3380,91",RRHH,20/7/2025,SKU-1448
FAC-09425,PROV-0106,"10721,65",RRHH,16/6/2025,SKU-7938
FAC-09430,PROV-0085,"3300,78",RRHH,6/1/2025,SKU-2293
FAC-09432,PROV-0089,"14216,96",RRHH,21/2/2025,SKU-1714
FAC-09437,PROV-0856,"2819,67",RRHH,14/4/2025,SKU-6245
FAC-09453,PROV-0206,"12816,52",RRHH,27/9/2025,SKU-5801
FAC-09472,PROV-0272,"8144,01",RRHH,27/3/2025,SKU-2977
FAC-09476,PROV-0331,"4226,45",RRHH,29/8/2025,SKU-6484
FAC-09484,PROV-0876,"2468,91",RRHH,22/11/2025,SKU-8727
FAC-09486,PROV-0059,"12694,14",RRHH,28/7/2025,SKU-5318
FAC-09493,PROV-0983,"7485,77",RRHH,19/3/2025,SKU-1782
FAC-09502,PROV-0367,"4294,62",RRHH,19/10/2025,SKU-7206
FAC-09504,PROV-0260,"6905,05",RRHH,3/8/2025,SKU-9893
FAC-09507,PROV-0118,"1731,9",RRHH,24/5/2025,SKU-3762
FAC-09518,PROV-0786,"8799,8",RRHH,3/6/2025,SKU-8057
FAC-09522,PROV-0459,"3938,27",RRHH,6/4/2025,SKU-4911
FAC-09523,PROV-0218,"8240,75",RRHH,1/7/2025,SKU-1475
FAC-09524,PROV-0624,"1715,29",RRHH,13/10/2025,SKU-4495
FAC-09538,PROV-0901,"8304,06",RRHH,12/1/2025,SKU-3795
FAC-09540,PROV-0032,"9658,69",RRHH,31/7/2025,SKU-6238
FAC-09541,PROV-0085,"3917,35",RRHH,15/9/2025,SKU-7628
FAC-09543,PROV-0792,"8927,75",RRHH,7/8/2025,SKU-6579
FAC-09545,PROV-0831,"6089,49",RRHH,18/4/2025,SKU-7520
FAC-09556,PROV-0140,"666,92",RRHH,29/10/2025,SKU-1190
FAC-09557,PROV-0780,"5541,62",RRHH,31/5/2025,SKU-3600
FAC-09569,PROV-0002,"891,99",RRHH,21/11/2025,SKU-2224
FAC-09573,PROV-0144,"12622,8",RRHH,1/5/2025,SKU-9231
FAC-09580,PROV-0608,"6412,45",RRHH,6/9/2025,SKU-1401
FAC-09588,PROV-0707,"723,59",RRHH,1/5/2025,SKU-2469
FAC-09592,PROV-0965,"10949,09",RRHH,5/7/2025,SKU-1255
FAC-09601,PROV-0659,"12411,48",RRHH,9/1/2025,SKU-9572
FAC-09605,PROV-0788,"7159,19",RRHH,13/6/2025,SKU-9495
FAC-09609,PROV-0263,"2419,49",RRHH,9/12/2025,SKU-8691
FAC-09614,PROV-0311,"11967,92",RRHH,18/3/2025,SKU-8334
FAC-09616,PROV-0506,"5838,38",RRHH,15/12/2025,SKU-4599
FAC-09618,PROV-0009,"12832,29",RRHH,10/9/2025,SKU-1400
FAC-09620,PROV-0227,"13476,37",RRHH,2/6/2025,SKU-9657
FAC-09629,PROV-0943,"14348,16",RRHH,3/7/2025,SKU-4530
FAC-09630,PROV-0332,"10555,76",RRHH,4/11/2025,SKU-8762
FAC-09631,PROV-0732,"10603,86",RRHH,29/10/2025,SKU-2461
FAC-09636,PROV-0540,"9923,06",RRHH,11/12/2025,SKU-9889
FAC-09644,PROV-0929,"2711,14",RRHH,28/1/2025,SKU-8873
FAC-09645,PROV-0990,"10174,78",RRHH,29/7/2025,SKU-6484
FAC-09649,PROV-0406,"9667,49",RRHH,3/10/2025,SKU-1825
FAC-09657,PROV-0076,"2144,62",RRHH,26/3/2025,SKU-1653
FAC-09665,PROV-0264,"14006,14",RRHH,22/3/2025,SKU-9796
FAC-09686,PROV-0428,"10648,14",RRHH,15/3/2025,SKU-6845
FAC-09693,PROV-0609,"6731,13",RRHH,22/5/2025,SKU-6735
FAC-09696,PROV-0352,"11269,58",RRHH,24/7/2025,SKU-7200
FAC-09699,PROV-0312,"14194,16",RRHH,2/10/2025,SKU-6889
FAC-09703,PROV-0902,2445,RRHH,11/4/2025,SKU-9269
FAC-09705,PROV-0018,"13015,94",RRHH,15/8/2025,SKU-3148
FAC-09707,PROV-0869,"12445,56",RRHH,12/7/2025,SKU-8508
FAC-09733,PROV-0924,"10862,92",RRHH,15/11/2025,SKU-1316
FAC-09735,PROV-0163,"1892,97",RRHH,25/6/2025,SKU-7386
FAC-09738,PROV-0391,"2295,03",RRHH,22/3/2025,SKU-5298
FAC-09739,PROV-0942,"244,99",RRHH,22/11/2025,SKU-7318
FAC-09745,PROV-0204,"6575,55",RRHH,27/4/2025,SKU-9995
FAC-09756,PROV-0541,"14439,54",RRHH,4/12/2025,SKU-9523
FAC-09758,PROV-0805,"12529,01",RRHH,13/2/2025,SKU-9155
FAC-09766,PROV-0570,"10918,03",RRHH,26/12/2025,SKU-6676
FAC-09767,PROV-0719,"7555,9",RRHH,24/11/2025,SKU-4623
FAC-09768,PROV-0612,"1630,34",RRHH,7/6/2025,SKU-8143
FAC-09770,PROV-0794,"10007,04",RRHH,26/6/2025,SKU-4341
FAC-09782,PROV-0291,"4917,46",RRHH,11/12/2025,SKU-8672
FAC-09784,PROV-0132,"3088,24",RRHH,2/3/2025,SKU-8966
FAC-09785,PROV-0985,"8787,34",RRHH,28/12/2025,SKU-8875
FAC-09792,PROV-0185,"13548,91",RRHH,10/2/2025,SKU-4768
FAC-09799,PROV-0386,"4118,56",RRHH,16/10/2025,SKU-5383
FAC-09811,PROV-0359,"6786,55",RRHH,5/10/2025,SKU-4720
FAC-09818,PROV-0589,"1938,15",RRHH,21/9/2025,SKU-1687
FAC-09819,PROV-0324,"9312,51",RRHH,20/8/2025,SKU-3982
FAC-09833,PROV-0096,"13238,71",RRHH,12/4/2025,SKU-1978
FAC-09836,PROV-0548,"607,07",RRHH,5/2/2025,SKU-1975
FAC-09837,PROV-0599,"10395,75",RRHH,6/5/2025,SKU-4193
FAC-09840,PROV-0481,"9536,55",RRHH,19/1/2025,SKU-1702
FAC-09868,PROV-0194,"13354,58",RRHH,7/4/2025,SKU-7896
FAC-09870,PROV-0758,"4119,11",RRHH,19/5/2025,SKU-5788
FAC-09881,PROV-0398,"840,83",RRHH,13/1/2025,SKU-3586
FAC-09882,PROV-0541,"350,95",RRHH,2/3/2025,SKU-1367
FAC-09883,PROV-0108,"5553,79",RRHH,2/5/2025,SKU-9283
FAC-09887,PROV-0421,"3139,65",RRHH,14/2/2025,SKU-9821
FAC-09891,PROV-0704,"7669,9",RRHH,30/9/2025,SKU-1594
FAC-09893,PROV-0269,"14275,25",RRHH,18/3/2025,SKU-6906
FAC-09894,PROV-0341,"14021,99",RRHH,1/1/2025,SKU-1730
FAC-09898,PROV-0571,"7051,46",RRHH,21/12/2025,SKU-7426
FAC-09899,PROV-0631,"2295,66",RRHH,17/8/2025,SKU-1952
FAC-09909,PROV-0484,"14447,18",RRHH,14/4/2025,SKU-5095
FAC-09917,PROV-0765,"5749,31",RRHH,28/4/2025,SKU-7180
FAC-09919,PROV-0884,"6126,29",RRHH,20/7/2025,SKU-6845
FAC-09921,PROV-0748,"6263,27",RRHH,20/10/2025,SKU-6230
FAC-09922,PROV-0416,"11843,26",RRHH,19/7/2025,SKU-3106
FAC-09924,PROV-0611,"8746,99",RRHH,9/1/2025,SKU-8325
FAC-09929,PROV-0586,"13023,52",RRHH,6/7/2025,SKU-8545
FAC-09932,PROV-0719,"7987,45",RRHH,29/8/2025,SKU-7162
FAC-09948,PROV-0105,"11375,25",RRHH,6/11/2025,SKU-6355
FAC-09950,PROV-0724,"9829,55",RRHH,22/8/2025,SKU-7777
FAC-09951,PROV-0604,"514,31",RRHH,21/11/2025,SKU-9561
FAC-09955,PROV-0574,"2711,4",RRHH,9/6/2025,SKU-1377
FAC-09968,PROV-0003,"7465,12",RRHH,6/7/2025,SKU-1606
FAC-09970,PROV-0293,"12501,55",RRHH,6/8/2025,SKU-7590
FAC-09976,PROV-0956,"14940,19",RRHH,13/6/2025,SKU-5721
FAC-09986,PROV-0176,"13980,71",RRHH,9/2/2025,SKU-9458
FAC-09989,PROV-0689,"1547,7",RRHH,26/1/2025,SKU-4554
FAC-10000,PROV-0389,"12132,65",RRHH,13/10/2025,SKU-8116